product_id,candidate_url,last_status,failure_reason,error_message,attempt_count,last_source_url,last_resolved_url,scraped_at
100111,https://www.glamira.bg/glamira-earring-pouya.html?fbclid=IwAR1dH9HcEJNzqPo-Lm9IF4X_kjbai7MzobzJZlEDSG4eQrMi1LogOl-UnhM,not_found_in_configured_stores,not_found_in_configured_stores,,12,https://www.glamira.bg/glamira-earring-pouya.html?fbclid=IwAR1dH9HcEJNzqPo-Lm9IF4X_kjbai7MzobzJZlEDSG4eQrMi1LogOl-UnhM,,2026-06-14T06:58:28.699114+00:00
100185,https://www.glamira.it/adore-garden-5-mm.html?stone=diamond-Brillant&itm_source=recommendation&itm_medium=sorting&alloy=red_white-375,not_found_in_configured_stores,not_found_in_configured_stores,,11,https://www.glamira.it/adore-garden-5-mm.html?stone=diamond-Brillant&itm_source=recommendation&itm_medium=sorting&alloy=red_white-375,,2026-06-14T07:00:24.228315+00:00
100186,https://www.glamira.ca/fr/bague-pour-hommes-adore-garden-5-mm.html?gclid=EAIaIQobChMIrpvH1v626QIVCY6zCh3KlAdIEAQYBiABEgLiyvD_BwE&alloy=white_yellow-585,not_found_in_configured_stores,not_found_in_configured_stores,,11,https://www.glamira.ca/fr/bague-pour-hommes-adore-garden-5-mm.html?gclid=EAIaIQobChMIrpvH1v626QIVCY6zCh3KlAdIEAQYBiABEgLiyvD_BwE&alloy=white_yellow-585,,2026-06-14T07:00:24.251087+00:00
100187,https://www.glamira.de/damenring-adore-garden-5-mm.html?utm_source=criteo&utm_medium=retargeting&utm_campaign=webconversion&stone=diamond-Zirconia&alloy=white-silber,not_found_in_configured_stores,not_found_in_configured_stores,,11,https://www.glamira.de/damenring-adore-garden-5-mm.html?utm_source=criteo&utm_medium=retargeting&utm_campaign=webconversion&stone=diamond-Zirconia&alloy=white-silber,,2026-06-14T07:00:24.640731+00:00
100238,https://www.glamira.de/damenring-fantastic-ribbon-5-mm.html?alloy=white_red-375,not_found_in_configured_stores,not_found_in_configured_stores,"HTTPSConnectionPool(host='www.glamira.vn', port=443): Read timed out. (read timeout=10)",11,https://www.glamira.de/damenring-fantastic-ribbon-5-mm.html?alloy=white_red-375,,2026-06-14T07:00:59.686261+00:00
100239,https://www.glamira.de/fantastic-ribbon-6-mm.html?alloy=red_white-375&stone=diamond-Brillant&itm_source=recommendation&itm_medium=sorting,not_found_in_configured_stores,not_found_in_configured_stores,"HTTPSConnectionPool(host='www.glamira.vn', port=443): Read timed out. (read timeout=10)",11,https://www.glamira.de/fantastic-ribbon-6-mm.html?alloy=red_white-375&stone=diamond-Brillant&itm_source=recommendation&itm_medium=sorting,,2026-06-14T07:00:59.935478+00:00
100262,https://www.glamira.com/womens-ring-sensual-night-8-mm.html?stone=diamond-Zirconia&itm_source=recommendation&itm_medium=viewall&alloy=yellow_white-585,not_found_in_configured_stores,not_found_in_configured_stores,"HTTPSConnectionPool(host='www.glamira.vn', port=443): Max retries exceeded with url: /catalog/product/view/id/100262 (Caused by NameResolutionError(""HTTPSConnection(host='www.glamira.vn', port=443): Failed to resolve 'www.glamira.vn' ([Errno 8] nodename nor servname provided, or not known)""))",11,https://www.glamira.com/womens-ring-sensual-night-8-mm.html?stone=diamond-Zirconia&itm_source=recommendation&itm_medium=viewall&alloy=yellow_white-585,,2026-06-14T07:01:42.374909+00:00
100264,https://www.glamira.ca/men-s-ring-sensual-night-10-mm.html?alloy=yellow_white-750&itm_source=recommendation&itm_medium=sorting,not_found_in_configured_stores,not_found_in_configured_stores,"HTTPSConnectionPool(host='www.glamira.vn', port=443): Max retries exceeded with url: /catalog/product/view/id/100264 (Caused by NameResolutionError(""HTTPSConnection(host='www.glamira.vn', port=443): Failed to resolve 'www.glamira.vn' ([Errno 8] nodename nor servname provided, or not known)""))",11,https://www.glamira.ca/men-s-ring-sensual-night-10-mm.html?alloy=yellow_white-750&itm_source=recommendation&itm_medium=sorting,,2026-06-14T07:02:01.970272+00:00
100265,https://www.glamira.hr/zenski-prsteni-sensual-night-10-mm.html?alloy=white-silber&stone=diamond-Zirconia&itm_source=recommendation&itm_medium=sorting,not_found_in_configured_stores,not_found_in_configured_stores,"HTTPSConnectionPool(host='www.glamira.hr', port=443): Max retries exceeded with url: /catalog/product/view/id/100265 (Caused by NameResolutionError(""HTTPSConnection(host='www.glamira.hr', port=443): Failed to resolve 'www.glamira.hr' ([Errno 8] nodename nor servname provided, or not known)""))",12,https://www.glamira.hr/zenski-prsteni-sensual-night-10-mm.html?alloy=white-silber&stone=diamond-Zirconia&itm_source=recommendation&itm_medium=sorting,,2026-06-14T07:02:02.023269+00:00
100266,https://www.glamira.nl/splendid-iwy-4-mm.html?alloy=white-750&stone=diamond-Brillant&itm_source=recommendation&itm_medium=sorting,not_found_in_configured_stores,not_found_in_configured_stores,"HTTPSConnectionPool(host='www.glamira.nl', port=443): Max retries exceeded with url: /catalog/product/view/id/100266 (Caused by NameResolutionError(""HTTPSConnection(host='www.glamira.nl', port=443): Failed to resolve 'www.glamira.nl' ([Errno 8] nodename nor servname provided, or not known)""))",12,https://www.glamira.nl/splendid-iwy-4-mm.html?alloy=white-750&stone=diamond-Brillant&itm_source=recommendation&itm_medium=sorting,,2026-06-14T07:03:22.614257+00:00
100267,https://www.glamira.de/herrenring-splendid-iwy-4-mm.html?alloy=white_yellow-585&itm_source=recommendation&itm_medium=sorting,not_found_in_configured_stores,not_found_in_configured_stores,"HTTPSConnectionPool(host='www.glamira.vn', port=443): Max retries exceeded with url: /catalog/product/view/id/100267 (Caused by NameResolutionError(""HTTPSConnection(host='www.glamira.vn', port=443): Failed to resolve 'www.glamira.vn' ([Errno 8] nodename nor servname provided, or not known)""))",11,https://www.glamira.de/herrenring-splendid-iwy-4-mm.html?alloy=white_yellow-585&itm_source=recommendation&itm_medium=sorting,,2026-06-14T07:03:22.636849+00:00
100268,https://www.glamira.es/anillo-de-mujer-splendid-iwy-4-mm.html?stone=diamond-Zirconia&alloy=white_yellow-585,not_found_in_configured_stores,not_found_in_configured_stores,"HTTPSConnectionPool(host='www.glamira.es', port=443): Max retries exceeded with url: /catalog/product/view/id/100268 (Caused by NameResolutionError(""HTTPSConnection(host='www.glamira.es', port=443): Failed to resolve 'www.glamira.es' ([Errno 8] nodename nor servname provided, or not known)""))",12,https://www.glamira.es/anillo-de-mujer-splendid-iwy-4-mm.html?stone=diamond-Zirconia&alloy=white_yellow-585,,2026-06-14T07:03:22.648472+00:00
100269,https://www.glamira.de/splendid-iwy-5-mm.html?alloy=white_red-585&stone=diamond-Brillant&itm_source=recommendation&itm_medium=sorting,not_found_in_configured_stores,not_found_in_configured_stores,"HTTPSConnectionPool(host='www.glamira.vn', port=443): Max retries exceeded with url: /catalog/product/view/id/100269 (Caused by NameResolutionError(""HTTPSConnection(host='www.glamira.vn', port=443): Failed to resolve 'www.glamira.vn' ([Errno 8] nodename nor servname provided, or not known)""))",11,https://www.glamira.de/splendid-iwy-5-mm.html?alloy=white_red-585&stone=diamond-Brillant&itm_source=recommendation&itm_medium=sorting,,2026-06-14T07:03:22.689427+00:00
100270,https://www.glamira.sg/men-s-ring-splendid-iwy-5-mm.html?itm_source=recommendation&itm_medium=sorting&fbclid=IwAR0Jlpb3shTr0PvvmiNWBdJXw2nz7IjD2nqyA25MfsaWdHHTZ5xS1rJGG58&alloy=white_yellow-585,not_found_in_configured_stores,not_found_in_configured_stores,"HTTPSConnectionPool(host='www.glamira.sg', port=443): Max retries exceeded with url: /catalog/product/view/id/100270 (Caused by NameResolutionError(""HTTPSConnection(host='www.glamira.sg', port=443): Failed to resolve 'www.glamira.sg' ([Errno 8] nodename nor servname provided, or not known)""))",12,https://www.glamira.sg/men-s-ring-splendid-iwy-5-mm.html?itm_source=recommendation&itm_medium=sorting&fbclid=IwAR0Jlpb3shTr0PvvmiNWBdJXw2nz7IjD2nqyA25MfsaWdHHTZ5xS1rJGG58&alloy=white_yellow-585,,2026-06-14T07:03:22.692827+00:00
100271,https://www.glamira.com/glamira-ring-balconi.html,not_found_in_configured_stores,not_found_in_configured_stores,"HTTPSConnectionPool(host='www.glamira.vn', port=443): Max retries exceeded with url: /catalog/product/view/id/100271 (Caused by NameResolutionError(""HTTPSConnection(host='www.glamira.vn', port=443): Failed to resolve 'www.glamira.vn' ([Errno 8] nodename nor servname provided, or not known)""))",11,https://www.glamira.com/glamira-ring-balconi.html,,2026-06-14T07:03:22.693191+00:00
100272,https://www.glamira.com.au/womens-ring-splendid-iwy-5-mm.html?alloy=white_yellow-585&stone=diamond-Brillant&itm_source=recommendation&itm_medium=sorting,not_found_in_configured_stores,not_found_in_configured_stores,"HTTPSConnectionPool(host='www.glamira.vn', port=443): Max retries exceeded with url: /catalog/product/view/id/100272 (Caused by NameResolutionError(""HTTPSConnection(host='www.glamira.vn', port=443): Failed to resolve 'www.glamira.vn' ([Errno 8] nodename nor servname provided, or not known)""))",11,https://www.glamira.com.au/womens-ring-splendid-iwy-5-mm.html?alloy=white_yellow-585&stone=diamond-Brillant&itm_source=recommendation&itm_medium=sorting,,2026-06-14T07:03:22.718332+00:00
100273,https://www.glamira.si/splendid-iwy-6-mm.html?alloy=white-platin&stone=diamond-Brillant&itm_source=recommendation&itm_medium=sorting,not_found_in_configured_stores,not_found_in_configured_stores,"HTTPSConnectionPool(host='www.glamira.si', port=443): Max retries exceeded with url: /catalog/product/view/id/100273 (Caused by NameResolutionError(""HTTPSConnection(host='www.glamira.si', port=443): Failed to resolve 'www.glamira.si' ([Errno 8] nodename nor servname provided, or not known)""))",12,https://www.glamira.si/splendid-iwy-6-mm.html?alloy=white-platin&stone=diamond-Brillant&itm_source=recommendation&itm_medium=sorting,,2026-06-14T07:03:22.729146+00:00
100274,https://www.glamira.ca/men-s-ring-splendid-iwy-6-mm.html?alloy=white-platin&itm_source=recommendation&itm_medium=sorting,not_found_in_configured_stores,not_found_in_configured_stores,"HTTPSConnectionPool(host='www.glamira.vn', port=443): Max retries exceeded with url: /catalog/product/view/id/100274 (Caused by NameResolutionError(""HTTPSConnection(host='www.glamira.vn', port=443): Failed to resolve 'www.glamira.vn' ([Errno 8] nodename nor servname provided, or not known)""))",11,https://www.glamira.ca/men-s-ring-splendid-iwy-6-mm.html?alloy=white-platin&itm_source=recommendation&itm_medium=sorting,,2026-06-14T07:03:22.732993+00:00
100275,https://www.glamira.cl/anillo-de-mujer-splendid-iwy-6-mm.html?stone=none&alloy=yellow_white-platin_585&gclid=CjwKCAjwztL2BRATEiwAvnALcorFyLYj4eYi6Ik7STnKMS5iKK2zX29Tm_vrvJ9DlymiOYq__5lDPhoCEWsQAvD_BwE,not_found_in_configured_stores,not_found_in_configured_stores,"HTTPSConnectionPool(host='www.glamira.cl', port=443): Max retries exceeded with url: /catalog/product/view/id/100275 (Caused by NameResolutionError(""HTTPSConnection(host='www.glamira.cl', port=443): Failed to resolve 'www.glamira.cl' ([Errno 8] nodename nor servname provided, or not known)""))",12,https://www.glamira.cl/anillo-de-mujer-splendid-iwy-6-mm.html?stone=none&alloy=yellow_white-platin_585&gclid=CjwKCAjwztL2BRATEiwAvnALcorFyLYj4eYi6Ik7STnKMS5iKK2zX29Tm_vrvJ9DlymiOYq__5lDPhoCEWsQAvD_BwE,,2026-06-14T07:03:22.767217+00:00
100276,https://www.glamira.com.ar/splendid-iwy-8-mm.html?stone=diamond-Brillant&itm_source=recommendation&itm_medium=sorting&alloy=white_red-750,not_found_in_configured_stores,not_found_in_configured_stores,"HTTPSConnectionPool(host='www.glamira.com.ar', port=443): Max retries exceeded with url: /catalog/product/view/id/100276 (Caused by NameResolutionError(""HTTPSConnection(host='www.glamira.com.ar', port=443): Failed to resolve 'www.glamira.com.ar' ([Errno 8] nodename nor servname provided, or not known)""))",12,https://www.glamira.com.ar/splendid-iwy-8-mm.html?stone=diamond-Brillant&itm_source=recommendation&itm_medium=sorting&alloy=white_red-750,,2026-06-14T07:03:22.782459+00:00
100277,https://www.glamira.co.uk/men-s-ring-splendid-iwy-8-mm.html?alloy=white-silber,not_found_in_configured_stores,not_found_in_configured_stores,"HTTPSConnectionPool(host='www.glamira.vn', port=443): Max retries exceeded with url: /catalog/product/view/id/100277 (Caused by NameResolutionError(""HTTPSConnection(host='www.glamira.vn', port=443): Failed to resolve 'www.glamira.vn' ([Errno 8] nodename nor servname provided, or not known)""))",11,https://www.glamira.co.uk/men-s-ring-splendid-iwy-8-mm.html?alloy=white-silber,,2026-06-14T07:03:22.783330+00:00
100278,https://www.glamira.ro/inele-pentru-femei-splendid-iwy-8-mm.html?alloy=white-platin&stone=diamond-Brillant,not_found_in_configured_stores,not_found_in_configured_stores,"HTTPSConnectionPool(host='www.glamira.ro', port=443): Max retries exceeded with url: /catalog/product/view/id/100278 (Caused by NameResolutionError(""HTTPSConnection(host='www.glamira.ro', port=443): Failed to resolve 'www.glamira.ro' ([Errno 8] nodename nor servname provided, or not known)""))",12,https://www.glamira.ro/inele-pentru-femei-splendid-iwy-8-mm.html?alloy=white-platin&stone=diamond-Brillant,,2026-06-14T07:03:22.806857+00:00
100279,https://www.glamira.ch/it/splendid-iwy-10-mm.html?alloy=red_white-585,not_found_in_configured_stores,not_found_in_configured_stores,"HTTPSConnectionPool(host='www.glamira.ch', port=443): Max retries exceeded with url: /catalog/product/view/id/100279 (Caused by NameResolutionError(""HTTPSConnection(host='www.glamira.ch', port=443): Failed to resolve 'www.glamira.ch' ([Errno 8] nodename nor servname provided, or not known)""))",12,https://www.glamira.ch/it/splendid-iwy-10-mm.html?alloy=red_white-585,,2026-06-14T07:03:22.814123+00:00
100280,https://www.glamira.co.uk/men-s-ring-splendid-iwy-10-mm.html?itm_source=recommendation&itm_medium=sorting&alloy=white-silber,not_found_in_configured_stores,not_found_in_configured_stores,"HTTPSConnectionPool(host='www.glamira.vn', port=443): Max retries exceeded with url: /catalog/product/view/id/100280 (Caused by NameResolutionError(""HTTPSConnection(host='www.glamira.vn', port=443): Failed to resolve 'www.glamira.vn' ([Errno 8] nodename nor servname provided, or not known)""))",11,https://www.glamira.co.uk/men-s-ring-splendid-iwy-10-mm.html?itm_source=recommendation&itm_medium=sorting&alloy=white-silber,,2026-06-14T07:03:22.814549+00:00
100281,https://www.glamira.de/damenring-splendid-iwy-10-mm.html?utm_campaign=webconversion&fbclid=IwAR25SrXFP3wib6jabwwHuA-N_39u3kcX_LjNt_xs1uoC5XEDj0_x0Y0Am4I&alloy=white_yellow-585,not_found_in_configured_stores,not_found_in_configured_stores,"HTTPSConnectionPool(host='www.glamira.vn', port=443): Max retries exceeded with url: /catalog/product/view/id/100281 (Caused by NameResolutionError(""HTTPSConnection(host='www.glamira.vn', port=443): Failed to resolve 'www.glamira.vn' ([Errno 8] nodename nor servname provided, or not known)""))",11,https://www.glamira.de/damenring-splendid-iwy-10-mm.html?utm_campaign=webconversion&fbclid=IwAR25SrXFP3wib6jabwwHuA-N_39u3kcX_LjNt_xs1uoC5XEDj0_x0Y0Am4I&alloy=white_yellow-585,,2026-06-14T07:03:22.837438+00:00
100282,https://www.glamira.nl/splendid-rose-4-mm.html?alloy=white-585&stone=diamond-Brillant&itm_source=recommendation&itm_medium=sorting,not_found_in_configured_stores,not_found_in_configured_stores,"HTTPSConnectionPool(host='www.glamira.nl', port=443): Max retries exceeded with url: /catalog/product/view/id/100282 (Caused by NameResolutionError(""HTTPSConnection(host='www.glamira.nl', port=443): Failed to resolve 'www.glamira.nl' ([Errno 8] nodename nor servname provided, or not known)""))",12,https://www.glamira.nl/splendid-rose-4-mm.html?alloy=white-585&stone=diamond-Brillant&itm_source=recommendation&itm_medium=sorting,,2026-06-14T07:03:22.839793+00:00
100283,https://www.glamira.com.tr/erkek-yuzuk-splendid-rose-4-mm.html?alloy=white_yellow-585&itm_source=recommendation&itm_medium=sorting,not_found_in_configured_stores,not_found_in_configured_stores,"HTTPSConnectionPool(host='www.glamira.com.tr', port=443): Max retries exceeded with url: /catalog/product/view/id/100283 (Caused by NameResolutionError(""HTTPSConnection(host='www.glamira.com.tr', port=443): Failed to resolve 'www.glamira.com.tr' ([Errno 8] nodename nor servname provided, or not known)""))",12,https://www.glamira.com.tr/erkek-yuzuk-splendid-rose-4-mm.html?alloy=white_yellow-585&itm_source=recommendation&itm_medium=sorting,,2026-06-14T07:03:22.844896+00:00
100284,https://www.glamira.co.uk/womens-ring-splendid-rose-4-mm.html?alloy=red_white-585&stone=diamond-Brillant&itm_source=recommendation&itm_medium=sorting,not_found_in_configured_stores,not_found_in_configured_stores,"HTTPSConnectionPool(host='www.glamira.vn', port=443): Max retries exceeded with url: /catalog/product/view/id/100284 (Caused by NameResolutionError(""HTTPSConnection(host='www.glamira.vn', port=443): Failed to resolve 'www.glamira.vn' ([Errno 8] nodename nor servname provided, or not known)""))",11,https://www.glamira.co.uk/womens-ring-splendid-rose-4-mm.html?alloy=red_white-585&stone=diamond-Brillant&itm_source=recommendation&itm_medium=sorting,,2026-06-14T07:03:22.864243+00:00
100285,https://www.glamira.ch/fr/splendid-rose-5-mm.html?alloy=white_red-375&gclid=CjwKCAjw1v_0BRAkEiwALFkj5vy3RgGZZpbIMa9Fh9SlkhpGssvZGA0sCAMX502JVyJpORIfVz8rFRoCTNcQAvD_BwE,not_found_in_configured_stores,not_found_in_configured_stores,"HTTPSConnectionPool(host='www.glamira.ch', port=443): Max retries exceeded with url: /catalog/product/view/id/100285 (Caused by NameResolutionError(""HTTPSConnection(host='www.glamira.ch', port=443): Failed to resolve 'www.glamira.ch' ([Errno 8] nodename nor servname provided, or not known)""))",12,https://www.glamira.ch/fr/splendid-rose-5-mm.html?alloy=white_red-375&gclid=CjwKCAjw1v_0BRAkEiwALFkj5vy3RgGZZpbIMa9Fh9SlkhpGssvZGA0sCAMX502JVyJpORIfVz8rFRoCTNcQAvD_BwE,,2026-06-14T07:03:22.869815+00:00
100286,https://www.glamira.com.co/anillo-de-hombre-splendid-rose-5-mm.html?alloy=red_white-585&stone=diamond-Brillant,not_found_in_configured_stores,not_found_in_configured_stores,"HTTPSConnectionPool(host='www.glamira.com.co', port=443): Max retries exceeded with url: /catalog/product/view/id/100286 (Caused by NameResolutionError(""HTTPSConnection(host='www.glamira.com.co', port=443): Failed to resolve 'www.glamira.com.co' ([Errno 8] nodename nor servname provided, or not known)""))",12,https://www.glamira.com.co/anillo-de-hombre-splendid-rose-5-mm.html?alloy=red_white-585&stone=diamond-Brillant,,2026-06-14T07:03:22.874907+00:00
100287,https://www.glamira.com/es/anillo-de-mujer-splendid-rose-5-mm.html?stone=diamond-Brillant&itm_source=recommendation&itm_medium=sorting&alloy=yellow_white-585,not_found_in_configured_stores,not_found_in_configured_stores,"HTTPSConnectionPool(host='www.glamira.vn', port=443): Max retries exceeded with url: /catalog/product/view/id/100287 (Caused by NameResolutionError(""HTTPSConnection(host='www.glamira.vn', port=443): Failed to resolve 'www.glamira.vn' ([Errno 8] nodename nor servname provided, or not known)""))",11,https://www.glamira.com/es/anillo-de-mujer-splendid-rose-5-mm.html?stone=diamond-Brillant&itm_source=recommendation&itm_medium=sorting&alloy=yellow_white-585,,2026-06-14T07:03:22.895216+00:00
100288,https://www.glamira.cz/splendid-rose-6-mm.html?alloy=red-585,not_found_in_configured_stores,not_found_in_configured_stores,"HTTPSConnectionPool(host='www.glamira.cz', port=443): Max retries exceeded with url: /catalog/product/view/id/100288 (Caused by NameResolutionError(""HTTPSConnection(host='www.glamira.cz', port=443): Failed to resolve 'www.glamira.cz' ([Errno 8] nodename nor servname provided, or not known)""))",12,https://www.glamira.cz/splendid-rose-6-mm.html?alloy=red-585,,2026-06-14T07:03:22.902856+00:00
100289,https://www.glamira.co.uk/men-s-ring-splendid-rose-6-mm.html?alloy=white-silber&itm_source=recommendation&itm_medium=sorting,not_found_in_configured_stores,not_found_in_configured_stores,"HTTPSConnectionPool(host='www.glamira.vn', port=443): Max retries exceeded with url: /catalog/product/view/id/100289 (Caused by NameResolutionError(""HTTPSConnection(host='www.glamira.vn', port=443): Failed to resolve 'www.glamira.vn' ([Errno 8] nodename nor servname provided, or not known)""))",11,https://www.glamira.co.uk/men-s-ring-splendid-rose-6-mm.html?alloy=white-silber&itm_source=recommendation&itm_medium=sorting,,2026-06-14T07:03:22.907566+00:00
100290,https://www.glamira.com.ph/womens-ring-splendid-rose-6-mm.html?stone=none&alloy=white_red-585&gclid=CjwKCAjwiMj2BRBFEiwAYfTbCpKxTvTotj4JzeM7VXBxe4fGCYOPz3NSIcQDIfji1vpmJOr1oeYVzhoCIH0QAvD_BwE,not_found_in_configured_stores,not_found_in_configured_stores,"HTTPSConnectionPool(host='www.glamira.com.ph', port=443): Max retries exceeded with url: /catalog/product/view/id/100290 (Caused by NameResolutionError(""HTTPSConnection(host='www.glamira.com.ph', port=443): Failed to resolve 'www.glamira.com.ph' ([Errno 8] nodename nor servname provided, or not known)""))",12,https://www.glamira.com.ph/womens-ring-splendid-rose-6-mm.html?stone=none&alloy=white_red-585&gclid=CjwKCAjwiMj2BRBFEiwAYfTbCpKxTvTotj4JzeM7VXBxe4fGCYOPz3NSIcQDIfji1vpmJOr1oeYVzhoCIH0QAvD_BwE,,2026-06-14T07:03:22.926958+00:00
100291,https://www.glamira.com.pe/splendid-rose-8-mm.html?stone=diamond-Brillant&alloy=yellow_white-platin_750&gclid=EAIaIQobChMI9OPC_pDP6QIVqhOtBh2P6AlNEAEYASABEgLfj_D_BwE,not_found_in_configured_stores,not_found_in_configured_stores,"HTTPSConnectionPool(host='www.glamira.com.pe', port=443): Max retries exceeded with url: /catalog/product/view/id/100291 (Caused by NameResolutionError(""HTTPSConnection(host='www.glamira.com.pe', port=443): Failed to resolve 'www.glamira.com.pe' ([Errno 8] nodename nor servname provided, or not known)""))",12,https://www.glamira.com.pe/splendid-rose-8-mm.html?stone=diamond-Brillant&alloy=yellow_white-platin_750&gclid=EAIaIQobChMI9OPC_pDP6QIVqhOtBh2P6AlNEAEYASABEgLfj_D_BwE,,2026-06-14T07:03:22.952143+00:00
100292,https://www.glamira.vn/nhan-nam-splendid-rose-8-mm.html?alloy=white_yellow-585&gclid=EAIaIQobChMIpcLeksHQ6QIVQ7OWCh2vzQe0EAEYASAFEgImvvD_BwE,not_found_in_configured_stores,not_found_in_configured_stores,"HTTPSConnectionPool(host='www.glamira.vn', port=443): Max retries exceeded with url: /catalog/product/view/id/100292 (Caused by NameResolutionError(""HTTPSConnection(host='www.glamira.vn', port=443): Failed to resolve 'www.glamira.vn' ([Errno 8] nodename nor servname provided, or not known)""))",11,https://www.glamira.vn/nhan-nam-splendid-rose-8-mm.html?alloy=white_yellow-585&gclid=EAIaIQobChMIpcLeksHQ6QIVQ7OWCh2vzQe0EAEYASAFEgImvvD_BwE,,2026-06-14T07:03:22.979755+00:00
100293,https://www.glamira.se/damring-splendid-rose-8-mm.html?fbclid=IwAR3r6hn6qRFQlSKaVTXYloF72NbkCB01l8jTt1qGALf74HKlA9DtPKnWxMM&alloy=white_yellow-585,not_found_in_configured_stores,not_found_in_configured_stores,"HTTPSConnectionPool(host='www.glamira.se', port=443): Max retries exceeded with url: /catalog/product/view/id/100293 (Caused by NameResolutionError(""HTTPSConnection(host='www.glamira.se', port=443): Failed to resolve 'www.glamira.se' ([Errno 8] nodename nor servname provided, or not known)""))",12,https://www.glamira.se/damring-splendid-rose-8-mm.html?fbclid=IwAR3r6hn6qRFQlSKaVTXYloF72NbkCB01l8jTt1qGALf74HKlA9DtPKnWxMM&alloy=white_yellow-585,,2026-06-14T07:03:22.983996+00:00
100294,https://www.glamira.com.tr/splendid-rose-10-mm.html?stone=diamond-Brillant&itm_source=recommendation&itm_medium=sorting&alloy=red_white-585,not_found_in_configured_stores,not_found_in_configured_stores,"HTTPSConnectionPool(host='www.glamira.com.tr', port=443): Max retries exceeded with url: /catalog/product/view/id/100294 (Caused by NameResolutionError(""HTTPSConnection(host='www.glamira.com.tr', port=443): Failed to resolve 'www.glamira.com.tr' ([Errno 8] nodename nor servname provided, or not known)""))",12,https://www.glamira.com.tr/splendid-rose-10-mm.html?stone=diamond-Brillant&itm_source=recommendation&itm_medium=sorting&alloy=red_white-585,,2026-06-14T07:03:23.005503+00:00
100295,https://www.glamira.com/men-s-ring-splendid-rose-10-mm.html?alloy=white_yellow-585,not_found_in_configured_stores,not_found_in_configured_stores,"HTTPSConnectionPool(host='www.glamira.vn', port=443): Max retries exceeded with url: /catalog/product/view/id/100295 (Caused by NameResolutionError(""HTTPSConnection(host='www.glamira.vn', port=443): Failed to resolve 'www.glamira.vn' ([Errno 8] nodename nor servname provided, or not known)""))",11,https://www.glamira.com/men-s-ring-splendid-rose-10-mm.html?alloy=white_yellow-585,,2026-06-14T07:03:23.008407+00:00
100296,https://www.glamira.com.co/anillo-de-mujer-splendid-rose-10-mm.html?alloy=red_white-585&stone=diamond-Brillant,not_found_in_configured_stores,not_found_in_configured_stores,"HTTPSConnectionPool(host='www.glamira.com.co', port=443): Max retries exceeded with url: /catalog/product/view/id/100296 (Caused by NameResolutionError(""HTTPSConnection(host='www.glamira.com.co', port=443): Failed to resolve 'www.glamira.com.co' ([Errno 8] nodename nor servname provided, or not known)""))",12,https://www.glamira.com.co/anillo-de-mujer-splendid-rose-10-mm.html?alloy=red_white-585&stone=diamond-Brillant,,2026-06-14T07:03:23.035504+00:00
100297,https://www.glamira.fr/splendid-shape-4-mm.html?alloy=red-375&stone=diamond-Brillant&itm_source=recommendation&itm_medium=sorting,not_found_in_configured_stores,not_found_in_configured_stores,"HTTPSConnectionPool(host='www.glamira.vn', port=443): Max retries exceeded with url: /catalog/product/view/id/100297 (Caused by NameResolutionError(""HTTPSConnection(host='www.glamira.vn', port=443): Failed to resolve 'www.glamira.vn' ([Errno 8] nodename nor servname provided, or not known)""))",11,https://www.glamira.fr/splendid-shape-4-mm.html?alloy=red-375&stone=diamond-Brillant&itm_source=recommendation&itm_medium=sorting,,2026-06-14T07:03:23.070123+00:00
100298,https://www.glamira.de/herrenring-splendid-shape-4-mm.html?alloy=white_red-585,not_found_in_configured_stores,not_found_in_configured_stores,"HTTPSConnectionPool(host='www.glamira.vn', port=443): Max retries exceeded with url: /catalog/product/view/id/100298 (Caused by NameResolutionError(""HTTPSConnection(host='www.glamira.vn', port=443): Failed to resolve 'www.glamira.vn' ([Errno 8] nodename nor servname provided, or not known)""))",11,https://www.glamira.de/herrenring-splendid-shape-4-mm.html?alloy=white_red-585,,2026-06-14T07:03:23.071059+00:00
100299,https://www.glamira.com.co/anillo-de-mujer-splendid-shape-4-mm.html?alloy=white_yellow-585,not_found_in_configured_stores,not_found_in_configured_stores,"HTTPSConnectionPool(host='www.glamira.com.co', port=443): Max retries exceeded with url: /catalog/product/view/id/100299 (Caused by NameResolutionError(""HTTPSConnection(host='www.glamira.com.co', port=443): Failed to resolve 'www.glamira.com.co' ([Errno 8] nodename nor servname provided, or not known)""))",12,https://www.glamira.com.co/anillo-de-mujer-splendid-shape-4-mm.html?alloy=white_yellow-585,,2026-06-14T07:03:23.083993+00:00
100300,https://www.glamira.ro/splendid-shape-5-mm.html?stone=diamond-Brillant&alloy=white_red-375,not_found_in_configured_stores,not_found_in_configured_stores,"HTTPSConnectionPool(host='www.glamira.ro', port=443): Max retries exceeded with url: /catalog/product/view/id/100300 (Caused by NameResolutionError(""HTTPSConnection(host='www.glamira.ro', port=443): Failed to resolve 'www.glamira.ro' ([Errno 8] nodename nor servname provided, or not known)""))",12,https://www.glamira.ro/splendid-shape-5-mm.html?stone=diamond-Brillant&alloy=white_red-375,,2026-06-14T07:03:23.094311+00:00
100301,https://www.glamira.fr/bague-pour-hommes-splendid-shape-5-mm.html?gclid=EAIaIQobChMIx9Tg0ZCf6QIVgevtCh1ggwA1EAQYASACEgK_4fD_BwE&alloy=yellow-750,not_found_in_configured_stores,not_found_in_configured_stores,"HTTPSConnectionPool(host='www.glamira.vn', port=443): Max retries exceeded with url: /catalog/product/view/id/100301 (Caused by NameResolutionError(""HTTPSConnection(host='www.glamira.vn', port=443): Failed to resolve 'www.glamira.vn' ([Errno 8] nodename nor servname provided, or not known)""))",11,https://www.glamira.fr/bague-pour-hommes-splendid-shape-5-mm.html?gclid=EAIaIQobChMIx9Tg0ZCf6QIVgevtCh1ggwA1EAQYASACEgK_4fD_BwE&alloy=yellow-750,,2026-06-14T07:03:23.095457+00:00
100302,https://www.glamira.hu/noi-gyuru-splendid-shape-5-mm.html?stone=diamond-Zirconia&alloy=yellow_white-585&keyword=&matchtype=&gclid=CjwKCAjw2a32BRBXEiwAUcugiC_-dGBn2RW1ibVHJux7IF5ODLxK5L53zQkzTh9GOwieBe6h8oTjURoC3RoQAvD_BwE,not_found_in_configured_stores,not_found_in_configured_stores,"HTTPSConnectionPool(host='www.glamira.hu', port=443): Max retries exceeded with url: /catalog/product/view/id/100302 (Caused by NameResolutionError(""HTTPSConnection(host='www.glamira.hu', port=443): Failed to resolve 'www.glamira.hu' ([Errno 8] nodename nor servname provided, or not known)""))",12,https://www.glamira.hu/noi-gyuru-splendid-shape-5-mm.html?stone=diamond-Zirconia&alloy=yellow_white-585&keyword=&matchtype=&gclid=CjwKCAjw2a32BRBXEiwAUcugiC_-dGBn2RW1ibVHJux7IF5ODLxK5L53zQkzTh9GOwieBe6h8oTjURoC3RoQAvD_BwE,,2026-06-14T07:03:23.116124+00:00
100303,https://www.glamira.fi/splendid-shape-6-mm.html?alloy=red_white-375,not_found_in_configured_stores,not_found_in_configured_stores,"HTTPSConnectionPool(host='www.glamira.fi', port=443): Max retries exceeded with url: /catalog/product/view/id/100303 (Caused by NameResolutionError(""HTTPSConnection(host='www.glamira.fi', port=443): Failed to resolve 'www.glamira.fi' ([Errno 8] nodename nor servname provided, or not known)""))",12,https://www.glamira.fi/splendid-shape-6-mm.html?alloy=red_white-375,,2026-06-14T07:03:23.123570+00:00
100304,https://www.glamira.fr/bague-pour-hommes-splendid-shape-6-mm.html?keyword=&matchtype=&gclid=EAIaIQobChMIxb-woPW74wIVRRYbCh3dBQzPEAEYASABEgLiqvD_BwE&alloy=white_yellow-585,not_found_in_configured_stores,not_found_in_configured_stores,"HTTPSConnectionPool(host='www.glamira.vn', port=443): Max retries exceeded with url: /catalog/product/view/id/100304 (Caused by NameResolutionError(""HTTPSConnection(host='www.glamira.vn', port=443): Failed to resolve 'www.glamira.vn' ([Errno 8] nodename nor servname provided, or not known)""))",11,https://www.glamira.fr/bague-pour-hommes-splendid-shape-6-mm.html?keyword=&matchtype=&gclid=EAIaIQobChMIxb-woPW74wIVRRYbCh3dBQzPEAEYASABEgLiqvD_BwE&alloy=white_yellow-585,,2026-06-14T07:03:23.128451+00:00
100305,https://www.glamira.fi/naisten-sormus-splendid-shape-6-mm.html?alloy=red_white-375,not_found_in_configured_stores,not_found_in_configured_stores,"HTTPSConnectionPool(host='www.glamira.fi', port=443): Max retries exceeded with url: /catalog/product/view/id/100305 (Caused by NameResolutionError(""HTTPSConnection(host='www.glamira.fi', port=443): Failed to resolve 'www.glamira.fi' ([Errno 8] nodename nor servname provided, or not known)""))",12,https://www.glamira.fi/naisten-sormus-splendid-shape-6-mm.html?alloy=red_white-375,,2026-06-14T07:03:23.145795+00:00
100306,https://www.glamira.fi/splendid-shape-8-mm.html?alloy=red_white-375,not_found_in_configured_stores,not_found_in_configured_stores,"HTTPSConnectionPool(host='www.glamira.fi', port=443): Max retries exceeded with url: /catalog/product/view/id/100306 (Caused by NameResolutionError(""HTTPSConnection(host='www.glamira.fi', port=443): Failed to resolve 'www.glamira.fi' ([Errno 8] nodename nor servname provided, or not known)""))",12,https://www.glamira.fi/splendid-shape-8-mm.html?alloy=red_white-375,,2026-06-14T07:03:23.152100+00:00
100307,https://www.glamira.com/men-s-ring-splendid-shape-8-mm.html?alloy=white_yellow-585&itm_source=recommendation&itm_medium=sorting,not_found_in_configured_stores,not_found_in_configured_stores,"HTTPSConnectionPool(host='www.glamira.vn', port=443): Max retries exceeded with url: /catalog/product/view/id/100307 (Caused by NameResolutionError(""HTTPSConnection(host='www.glamira.vn', port=443): Failed to resolve 'www.glamira.vn' ([Errno 8] nodename nor servname provided, or not known)""))",11,https://www.glamira.com/men-s-ring-splendid-shape-8-mm.html?alloy=white_yellow-585&itm_source=recommendation&itm_medium=sorting,,2026-06-14T07:03:23.154391+00:00
100308,https://www.glamira.co.uk/womens-ring-splendid-shape-8-mm.html?alloy=red_white-375,not_found_in_configured_stores,not_found_in_configured_stores,"HTTPSConnectionPool(host='www.glamira.vn', port=443): Max retries exceeded with url: /catalog/product/view/id/100308 (Caused by NameResolutionError(""HTTPSConnection(host='www.glamira.vn', port=443): Failed to resolve 'www.glamira.vn' ([Errno 8] nodename nor servname provided, or not known)""))",11,https://www.glamira.co.uk/womens-ring-splendid-shape-8-mm.html?alloy=red_white-375,,2026-06-14T07:03:23.180561+00:00
100309,https://www.glamira.fi/splendid-shape-10-mm.html?alloy=red_white-375,not_found_in_configured_stores,not_found_in_configured_stores,"HTTPSConnectionPool(host='www.glamira.fi', port=443): Max retries exceeded with url: /catalog/product/view/id/100309 (Caused by NameResolutionError(""HTTPSConnection(host='www.glamira.fi', port=443): Failed to resolve 'www.glamira.fi' ([Errno 8] nodename nor servname provided, or not known)""))",12,https://www.glamira.fi/splendid-shape-10-mm.html?alloy=red_white-375,,2026-06-14T07:03:23.181265+00:00
100310,https://www.glamira.ch/fr/bague-pour-hommes-splendid-shape-10-mm.html?alloy=white_yellow-585&gclid=CjwKCAjwkPX0BRBKEiwA7THxiPc3XOeb7qDq62RI5n3KamNUsz_Vzs61kHIer_6-aT0TlIhnPSNEMRoCF9QQAvD_BwE,not_found_in_configured_stores,not_found_in_configured_stores,"HTTPSConnectionPool(host='www.glamira.ch', port=443): Max retries exceeded with url: /catalog/product/view/id/100310 (Caused by NameResolutionError(""HTTPSConnection(host='www.glamira.ch', port=443): Failed to resolve 'www.glamira.ch' ([Errno 8] nodename nor servname provided, or not known)""))",12,https://www.glamira.ch/fr/bague-pour-hommes-splendid-shape-10-mm.html?alloy=white_yellow-585&gclid=CjwKCAjwkPX0BRBKEiwA7THxiPc3XOeb7qDq62RI5n3KamNUsz_Vzs61kHIer_6-aT0TlIhnPSNEMRoCF9QQAvD_BwE,,2026-06-14T07:03:23.187778+00:00
100311,https://www.glamira.com.tr/kadin-yuzuk-splendid-shape-10-mm.html?alloy=white_yellow-585&gclid=Cj0KCQjwmpb0BRCBARIsAG7y4zZeAtE5qPh0X3cac63r8wMac5T7QTVsi5yTktFM6zF-zbyg6uz4zyUaAgipEALw_wcB,not_found_in_configured_stores,not_found_in_configured_stores,"HTTPSConnectionPool(host='www.glamira.com.tr', port=443): Max retries exceeded with url: /catalog/product/view/id/100311 (Caused by NameResolutionError(""HTTPSConnection(host='www.glamira.com.tr', port=443): Failed to resolve 'www.glamira.com.tr' ([Errno 8] nodename nor servname provided, or not known)""))",12,https://www.glamira.com.tr/kadin-yuzuk-splendid-shape-10-mm.html?alloy=white_yellow-585&gclid=Cj0KCQjwmpb0BRCBARIsAG7y4zZeAtE5qPh0X3cac63r8wMac5T7QTVsi5yTktFM6zF-zbyg6uz4zyUaAgipEALw_wcB,,2026-06-14T07:03:23.211506+00:00
100312,https://www.glamira.de/happiness-drops-5-mm.html?alloy=white-375&stone=diamond-Brillant&itm_source=recommendation&itm_medium=sorting,not_found_in_configured_stores,not_found_in_configured_stores,"HTTPSConnectionPool(host='www.glamira.vn', port=443): Max retries exceeded with url: /catalog/product/view/id/100312 (Caused by NameResolutionError(""HTTPSConnection(host='www.glamira.vn', port=443): Failed to resolve 'www.glamira.vn' ([Errno 8] nodename nor servname provided, or not known)""))",11,https://www.glamira.de/happiness-drops-5-mm.html?alloy=white-375&stone=diamond-Brillant&itm_source=recommendation&itm_medium=sorting,,2026-06-14T07:03:23.215901+00:00
100313,https://www.glamira.fr/bague-pour-hommes-happiness-drops-5-mm.html?alloy=white_red-750,not_found_in_configured_stores,not_found_in_configured_stores,"HTTPSConnectionPool(host='www.glamira.vn', port=443): Max retries exceeded with url: /catalog/product/view/id/100313 (Caused by NameResolutionError(""HTTPSConnection(host='www.glamira.vn', port=443): Failed to resolve 'www.glamira.vn' ([Errno 8] nodename nor servname provided, or not known)""))",11,https://www.glamira.fr/bague-pour-hommes-happiness-drops-5-mm.html?alloy=white_red-750,,2026-06-14T07:03:23.219323+00:00
100314,https://www.glamira.ie/womens-ring-happiness-drops-5-mm.html?alloy=white-silber&keyword=&matchtype=&gclid=CjwKCAjw8df2BRA3EiwAvfZWaA9tsUsxEbQpR7vRb9vEXStWaOTZJ16nccgC91eEEJeB7fcljG2rmRoCcTsQAvD_BwE,not_found_in_configured_stores,not_found_in_configured_stores,"HTTPSConnectionPool(host='www.glamira.vn', port=443): Max retries exceeded with url: /catalog/product/view/id/100314 (Caused by NameResolutionError(""HTTPSConnection(host='www.glamira.vn', port=443): Failed to resolve 'www.glamira.vn' ([Errno 8] nodename nor servname provided, or not known)""))",11,https://www.glamira.ie/womens-ring-happiness-drops-5-mm.html?alloy=white-silber&keyword=&matchtype=&gclid=CjwKCAjw8df2BRA3EiwAvfZWaA9tsUsxEbQpR7vRb9vEXStWaOTZJ16nccgC91eEEJeB7fcljG2rmRoCcTsQAvD_BwE,,2026-06-14T07:03:23.239354+00:00
100315,https://www.glamira.dk/happiness-drops-6-mm.html?alloy=white-silber,not_found_in_configured_stores,not_found_in_configured_stores,"HTTPSConnectionPool(host='www.glamira.dk', port=443): Max retries exceeded with url: /catalog/product/view/id/100315 (Caused by NameResolutionError(""HTTPSConnection(host='www.glamira.dk', port=443): Failed to resolve 'www.glamira.dk' ([Errno 8] nodename nor servname provided, or not known)""))",12,https://www.glamira.dk/happiness-drops-6-mm.html?alloy=white-silber,,2026-06-14T07:03:23.239565+00:00
100316,https://www.glamira.com/men-s-ring-happiness-drops-6-mm.html?alloy=white_red-585&itm_source=recommendation&itm_medium=sorting,not_found_in_configured_stores,not_found_in_configured_stores,"HTTPSConnectionPool(host='www.glamira.vn', port=443): Max retries exceeded with url: /catalog/product/view/id/100316 (Caused by NameResolutionError(""HTTPSConnection(host='www.glamira.vn', port=443): Failed to resolve 'www.glamira.vn' ([Errno 8] nodename nor servname provided, or not known)""))",11,https://www.glamira.com/men-s-ring-happiness-drops-6-mm.html?alloy=white_red-585&itm_source=recommendation&itm_medium=sorting,,2026-06-14T07:03:23.249182+00:00
100317,https://www.glamira.com/womens-ring-happiness-drops-6-mm.html?alloy=white-silber&stone=diamond-Zirconia,not_found_in_configured_stores,not_found_in_configured_stores,"HTTPSConnectionPool(host='www.glamira.vn', port=443): Max retries exceeded with url: /catalog/product/view/id/100317 (Caused by NameResolutionError(""HTTPSConnection(host='www.glamira.vn', port=443): Failed to resolve 'www.glamira.vn' ([Errno 8] nodename nor servname provided, or not known)""))",11,https://www.glamira.com/womens-ring-happiness-drops-6-mm.html?alloy=white-silber&stone=diamond-Zirconia,,2026-06-14T07:03:23.272924+00:00
100318,https://www.glamira.de/happiness-drops-8-mm.html?alloy=white-silber&stone=diamond-Brillant&itm_source=recommendation&itm_medium=sorting,not_found_in_configured_stores,not_found_in_configured_stores,"HTTPSConnectionPool(host='www.glamira.vn', port=443): Max retries exceeded with url: /catalog/product/view/id/100318 (Caused by NameResolutionError(""HTTPSConnection(host='www.glamira.vn', port=443): Failed to resolve 'www.glamira.vn' ([Errno 8] nodename nor servname provided, or not known)""))",11,https://www.glamira.de/happiness-drops-8-mm.html?alloy=white-silber&stone=diamond-Brillant&itm_source=recommendation&itm_medium=sorting,,2026-06-14T07:03:23.273697+00:00
100319,https://www.glamira.nl/herenring-happiness-drops-8-mm.html?itm_source=recommendation&itm_medium=sorting&alloy=yellow-375,not_found_in_configured_stores,not_found_in_configured_stores,"HTTPSConnectionPool(host='www.glamira.nl', port=443): Max retries exceeded with url: /catalog/product/view/id/100319 (Caused by NameResolutionError(""HTTPSConnection(host='www.glamira.nl', port=443): Failed to resolve 'www.glamira.nl' ([Errno 8] nodename nor servname provided, or not known)""))",12,https://www.glamira.nl/herenring-happiness-drops-8-mm.html?itm_source=recommendation&itm_medium=sorting&alloy=yellow-375,,2026-06-14T07:03:23.277896+00:00
100320,https://www.glamira.fr/bague-pour-femmes-happiness-drops-8-mm.html?alloy=red_white-585,not_found_in_configured_stores,not_found_in_configured_stores,"HTTPSConnectionPool(host='www.glamira.vn', port=443): Max retries exceeded with url: /catalog/product/view/id/100320 (Caused by NameResolutionError(""HTTPSConnection(host='www.glamira.vn', port=443): Failed to resolve 'www.glamira.vn' ([Errno 8] nodename nor servname provided, or not known)""))",11,https://www.glamira.fr/bague-pour-femmes-happiness-drops-8-mm.html?alloy=red_white-585,,2026-06-14T07:03:23.302842+00:00
100321,https://www.glamira.ro/happiness-drops-10-mm.html?alloy=white-375&stone=diamond-Zirconia&utm_source=recommendation&utm_medium=sorting,not_found_in_configured_stores,not_found_in_configured_stores,"HTTPSConnectionPool(host='www.glamira.ro', port=443): Max retries exceeded with url: /catalog/product/view/id/100321 (Caused by NameResolutionError(""HTTPSConnection(host='www.glamira.ro', port=443): Failed to resolve 'www.glamira.ro' ([Errno 8] nodename nor servname provided, or not known)""))",12,https://www.glamira.ro/happiness-drops-10-mm.html?alloy=white-375&stone=diamond-Zirconia&utm_source=recommendation&utm_medium=sorting,,2026-06-14T07:03:23.309300+00:00
100322,https://www.glamira.it/anelli-uomo-happiness-drops-10-mm.html?alloy=white_yellow-585,not_found_in_configured_stores,not_found_in_configured_stores,"HTTPSConnectionPool(host='www.glamira.vn', port=443): Max retries exceeded with url: /catalog/product/view/id/100322 (Caused by NameResolutionError(""HTTPSConnection(host='www.glamira.vn', port=443): Failed to resolve 'www.glamira.vn' ([Errno 8] nodename nor servname provided, or not known)""))",11,https://www.glamira.it/anelli-uomo-happiness-drops-10-mm.html?alloy=white_yellow-585,,2026-06-14T07:03:23.321459+00:00
100323,https://www.glamira.de/damenring-happiness-drops-10-mm.html?alloy=white-375,not_found_in_configured_stores,not_found_in_configured_stores,"HTTPSConnectionPool(host='www.glamira.vn', port=443): Max retries exceeded with url: /catalog/product/view/id/100323 (Caused by NameResolutionError(""HTTPSConnection(host='www.glamira.vn', port=443): Failed to resolve 'www.glamira.vn' ([Errno 8] nodename nor servname provided, or not known)""))",11,https://www.glamira.de/damenring-happiness-drops-10-mm.html?alloy=white-375,,2026-06-14T07:03:23.340577+00:00
100324,https://www.glamira.de/wondrous-barbara-5-mm.html?alloy=white-silber&stone=diamond-Zirconia&itm_source=recommendation&itm_medium=sorting,not_found_in_configured_stores,not_found_in_configured_stores,"HTTPSConnectionPool(host='www.glamira.vn', port=443): Max retries exceeded with url: /catalog/product/view/id/100324 (Caused by NameResolutionError(""HTTPSConnection(host='www.glamira.vn', port=443): Failed to resolve 'www.glamira.vn' ([Errno 8] nodename nor servname provided, or not known)""))",11,https://www.glamira.de/wondrous-barbara-5-mm.html?alloy=white-silber&stone=diamond-Zirconia&itm_source=recommendation&itm_medium=sorting,,2026-06-14T07:03:23.348280+00:00
100325,https://www.glamira.co.uk/men-s-ring-wondrous-barbara-5-mm.html?alloy=white-375&itm_source=recommendation&itm_medium=sorting,not_found_in_configured_stores,not_found_in_configured_stores,"HTTPSConnectionPool(host='www.glamira.vn', port=443): Max retries exceeded with url: /catalog/product/view/id/100325 (Caused by NameResolutionError(""HTTPSConnection(host='www.glamira.vn', port=443): Failed to resolve 'www.glamira.vn' ([Errno 8] nodename nor servname provided, or not known)""))",11,https://www.glamira.co.uk/men-s-ring-wondrous-barbara-5-mm.html?alloy=white-375&itm_source=recommendation&itm_medium=sorting,,2026-06-14T07:03:23.353213+00:00
100326,https://www.glamira.co.uk/womens-ring-wondrous-barbara-5-mm.html?stone=diamond-Zirconia&alloy=red-585,not_found_in_configured_stores,not_found_in_configured_stores,"HTTPSConnectionPool(host='www.glamira.vn', port=443): Max retries exceeded with url: /catalog/product/view/id/100326 (Caused by NameResolutionError(""HTTPSConnection(host='www.glamira.vn', port=443): Failed to resolve 'www.glamira.vn' ([Errno 8] nodename nor servname provided, or not known)""))",11,https://www.glamira.co.uk/womens-ring-wondrous-barbara-5-mm.html?stone=diamond-Zirconia&alloy=red-585,,2026-06-14T07:03:23.362649+00:00
100327,https://www.glamira.de/wondrous-barbara-6-mm.html?alloy=white-silber&stone=diamond-Zirconia&itm_source=recommendation&itm_medium=sorting,not_found_in_configured_stores,not_found_in_configured_stores,"HTTPSConnectionPool(host='www.glamira.vn', port=443): Max retries exceeded with url: /catalog/product/view/id/100327 (Caused by NameResolutionError(""HTTPSConnection(host='www.glamira.vn', port=443): Failed to resolve 'www.glamira.vn' ([Errno 8] nodename nor servname provided, or not known)""))",11,https://www.glamira.de/wondrous-barbara-6-mm.html?alloy=white-silber&stone=diamond-Zirconia&itm_source=recommendation&itm_medium=sorting,,2026-06-14T07:03:23.375362+00:00
100328,https://www.glamira.dk/ringe-til-maend-wondrous-barbara-6-mm.html?alloy=red-375,not_found_in_configured_stores,not_found_in_configured_stores,"HTTPSConnectionPool(host='www.glamira.dk', port=443): Max retries exceeded with url: /catalog/product/view/id/100328 (Caused by NameResolutionError(""HTTPSConnection(host='www.glamira.dk', port=443): Failed to resolve 'www.glamira.dk' ([Errno 8] nodename nor servname provided, or not known)""))",12,https://www.glamira.dk/ringe-til-maend-wondrous-barbara-6-mm.html?alloy=red-375,,2026-06-14T07:03:23.377596+00:00
100329,https://www.glamira.de/damenring-wondrous-barbara-6-mm.html?itm_source=recommendation&itm_medium=sorting&stone=diamond-Brillant&alloy=white-585,not_found_in_configured_stores,not_found_in_configured_stores,"HTTPSConnectionPool(host='www.glamira.vn', port=443): Max retries exceeded with url: /catalog/product/view/id/100329 (Caused by NameResolutionError(""HTTPSConnection(host='www.glamira.vn', port=443): Failed to resolve 'www.glamira.vn' ([Errno 8] nodename nor servname provided, or not known)""))",11,https://www.glamira.de/damenring-wondrous-barbara-6-mm.html?itm_source=recommendation&itm_medium=sorting&stone=diamond-Brillant&alloy=white-585,,2026-06-14T07:03:23.389062+00:00
100330,https://www.glamira.de/wondrous-barbara-8-mm.html?alloy=red_white-585,not_found_in_configured_stores,not_found_in_configured_stores,"HTTPSConnectionPool(host='www.glamira.vn', port=443): Max retries exceeded with url: /catalog/product/view/id/100330 (Caused by NameResolutionError(""HTTPSConnection(host='www.glamira.vn', port=443): Failed to resolve 'www.glamira.vn' ([Errno 8] nodename nor servname provided, or not known)""))",11,https://www.glamira.de/wondrous-barbara-8-mm.html?alloy=red_white-585,,2026-06-14T07:03:23.402000+00:00
100331,https://www.glamira.dk/ringe-til-maend-wondrous-barbara-8-mm.html?alloy=yellow-375&itm_source=recommendation&itm_medium=sorting,not_found_in_configured_stores,not_found_in_configured_stores,"HTTPSConnectionPool(host='www.glamira.dk', port=443): Max retries exceeded with url: /catalog/product/view/id/100331 (Caused by NameResolutionError(""HTTPSConnection(host='www.glamira.dk', port=443): Failed to resolve 'www.glamira.dk' ([Errno 8] nodename nor servname provided, or not known)""))",12,https://www.glamira.dk/ringe-til-maend-wondrous-barbara-8-mm.html?alloy=yellow-375&itm_source=recommendation&itm_medium=sorting,,2026-06-14T07:03:23.408714+00:00
100332,https://www.glamira.de/damenring-wondrous-barbara-8-mm.html?stone=diamond-Zirconia&alloy=white_red-375,not_found_in_configured_stores,not_found_in_configured_stores,"HTTPSConnectionPool(host='www.glamira.vn', port=443): Max retries exceeded with url: /catalog/product/view/id/100332 (Caused by NameResolutionError(""HTTPSConnection(host='www.glamira.vn', port=443): Failed to resolve 'www.glamira.vn' ([Errno 8] nodename nor servname provided, or not known)""))",11,https://www.glamira.de/damenring-wondrous-barbara-8-mm.html?stone=diamond-Zirconia&alloy=white_red-375,,2026-06-14T07:03:23.415778+00:00
100333,https://www.glamira.de/wondrous-barbara-10-mm.html?alloy=white_red-375&stone=diamond-Zirconia&itm_source=recommendation&itm_medium=sorting,not_found_in_configured_stores,not_found_in_configured_stores,"HTTPSConnectionPool(host='www.glamira.vn', port=443): Max retries exceeded with url: /catalog/product/view/id/100333 (Caused by NameResolutionError(""HTTPSConnection(host='www.glamira.vn', port=443): Failed to resolve 'www.glamira.vn' ([Errno 8] nodename nor servname provided, or not known)""))",11,https://www.glamira.de/wondrous-barbara-10-mm.html?alloy=white_red-375&stone=diamond-Zirconia&itm_source=recommendation&itm_medium=sorting,,2026-06-14T07:03:23.427799+00:00
100334,https://www.glamira.dk/ringe-til-maend-wondrous-barbara-10-mm.html?alloy=yellow-375,not_found_in_configured_stores,not_found_in_configured_stores,"HTTPSConnectionPool(host='www.glamira.dk', port=443): Max retries exceeded with url: /catalog/product/view/id/100334 (Caused by NameResolutionError(""HTTPSConnection(host='www.glamira.dk', port=443): Failed to resolve 'www.glamira.dk' ([Errno 8] nodename nor servname provided, or not known)""))",12,https://www.glamira.dk/ringe-til-maend-wondrous-barbara-10-mm.html?alloy=yellow-375,,2026-06-14T07:03:23.439013+00:00
100335,https://www.glamira.de/damenring-wondrous-barbara-10-mm.html?alloy=white_red-375&stone=diamond-Zirconia&itm_source=recommendation&itm_medium=sorting,not_found_in_configured_stores,not_found_in_configured_stores,"HTTPSConnectionPool(host='www.glamira.vn', port=443): Max retries exceeded with url: /catalog/product/view/id/100335 (Caused by NameResolutionError(""HTTPSConnection(host='www.glamira.vn', port=443): Failed to resolve 'www.glamira.vn' ([Errno 8] nodename nor servname provided, or not known)""))",11,https://www.glamira.de/damenring-wondrous-barbara-10-mm.html?alloy=white_red-375&stone=diamond-Zirconia&itm_source=recommendation&itm_medium=sorting,,2026-06-14T07:03:23.447043+00:00
100336,https://www.glamira.co.uk/wondrous-lucy-6-mm.html?stone=diamond-Zirconia&alloy=yellow-375,not_found_in_configured_stores,not_found_in_configured_stores,"HTTPSConnectionPool(host='www.glamira.vn', port=443): Max retries exceeded with url: /catalog/product/view/id/100336 (Caused by NameResolutionError(""HTTPSConnection(host='www.glamira.vn', port=443): Failed to resolve 'www.glamira.vn' ([Errno 8] nodename nor servname provided, or not known)""))",11,https://www.glamira.co.uk/wondrous-lucy-6-mm.html?stone=diamond-Zirconia&alloy=yellow-375,,2026-06-14T07:03:23.463836+00:00
100337,https://www.glamira.ch/herrenring-wondrous-lucy-6-mm.html?alloy=white-silber,not_found_in_configured_stores,not_found_in_configured_stores,"HTTPSConnectionPool(host='www.glamira.ch', port=443): Max retries exceeded with url: /catalog/product/view/id/100337 (Caused by NameResolutionError(""HTTPSConnection(host='www.glamira.ch', port=443): Failed to resolve 'www.glamira.ch' ([Errno 8] nodename nor servname provided, or not known)""))",12,https://www.glamira.ch/herrenring-wondrous-lucy-6-mm.html?alloy=white-silber,,2026-06-14T07:03:23.473521+00:00
100338,https://www.glamira.co.nz/womens-ring-wondrous-lucy-6-mm.html?stone=diamond-Zirconia&itm_source=recommendation&itm_medium=sorting&alloy=white_red-585,not_found_in_configured_stores,not_found_in_configured_stores,"HTTPSConnectionPool(host='www.glamira.co.nz', port=443): Max retries exceeded with url: /catalog/product/view/id/100338 (Caused by NameResolutionError(""HTTPSConnection(host='www.glamira.co.nz', port=443): Failed to resolve 'www.glamira.co.nz' ([Errno 8] nodename nor servname provided, or not known)""))",12,https://www.glamira.co.nz/womens-ring-wondrous-lucy-6-mm.html?stone=diamond-Zirconia&itm_source=recommendation&itm_medium=sorting&alloy=white_red-585,,2026-06-14T07:03:23.479864+00:00
100339,https://www.glamira.fr/wondrous-lucy-8-mm.html?alloy=white-silber&stone=diamond-Zirconia&itm_source=recommendation&itm_medium=sorting,not_found_in_configured_stores,not_found_in_configured_stores,"HTTPSConnectionPool(host='www.glamira.vn', port=443): Max retries exceeded with url: /catalog/product/view/id/100339 (Caused by NameResolutionError(""HTTPSConnection(host='www.glamira.vn', port=443): Failed to resolve 'www.glamira.vn' ([Errno 8] nodename nor servname provided, or not known)""))",11,https://www.glamira.fr/wondrous-lucy-8-mm.html?alloy=white-silber&stone=diamond-Zirconia&itm_source=recommendation&itm_medium=sorting,,2026-06-14T07:03:23.493009+00:00
100340,https://www.glamira.dk/ringe-til-maend-wondrous-lucy-8-mm.html?alloy=yellow-375,not_found_in_configured_stores,not_found_in_configured_stores,"HTTPSConnectionPool(host='www.glamira.dk', port=443): Max retries exceeded with url: /catalog/product/view/id/100340 (Caused by NameResolutionError(""HTTPSConnection(host='www.glamira.dk', port=443): Failed to resolve 'www.glamira.dk' ([Errno 8] nodename nor servname provided, or not known)""))",12,https://www.glamira.dk/ringe-til-maend-wondrous-lucy-8-mm.html?alloy=yellow-375,,2026-06-14T07:03:23.505090+00:00
100341,https://www.glamira.com.tr/kadin-yuzuk-wondrous-lucy-8-mm.html?alloy=white-platin,not_found_in_configured_stores,not_found_in_configured_stores,"HTTPSConnectionPool(host='www.glamira.com.tr', port=443): Max retries exceeded with url: /catalog/product/view/id/100341 (Caused by NameResolutionError(""HTTPSConnection(host='www.glamira.com.tr', port=443): Failed to resolve 'www.glamira.com.tr' ([Errno 8] nodename nor servname provided, or not known)""))",12,https://www.glamira.com.tr/kadin-yuzuk-wondrous-lucy-8-mm.html?alloy=white-platin,,2026-06-14T07:03:23.509599+00:00
100342,https://www.glamira.se/wondrous-lucy-10-mm.html?alloy=white_yellow-585&stone=diamond-Zirconia,not_found_in_configured_stores,not_found_in_configured_stores,"HTTPSConnectionPool(host='www.glamira.se', port=443): Max retries exceeded with url: /catalog/product/view/id/100342 (Caused by NameResolutionError(""HTTPSConnection(host='www.glamira.se', port=443): Failed to resolve 'www.glamira.se' ([Errno 8] nodename nor servname provided, or not known)""))",12,https://www.glamira.se/wondrous-lucy-10-mm.html?alloy=white_yellow-585&stone=diamond-Zirconia,,2026-06-14T07:03:23.515616+00:00
100343,https://www.glamira.dk/ringe-til-maend-wondrous-lucy-10-mm.html?alloy=yellow-375,not_found_in_configured_stores,not_found_in_configured_stores,"HTTPSConnectionPool(host='www.glamira.dk', port=443): Max retries exceeded with url: /catalog/product/view/id/100343 (Caused by NameResolutionError(""HTTPSConnection(host='www.glamira.dk', port=443): Failed to resolve 'www.glamira.dk' ([Errno 8] nodename nor servname provided, or not known)""))",12,https://www.glamira.dk/ringe-til-maend-wondrous-lucy-10-mm.html?alloy=yellow-375,,2026-06-14T07:03:23.536148+00:00
100344,https://www.glamira.fr/bague-pour-femmes-wondrous-lucy-10-mm.html?alloy=white_red-585&gclid=CjwKCAjw4KD0BRBUEiwA7MFNTW-Nu0DEcy5anJGoVV_cY8cAzlNU0A57W_Xm4nMLU_fx4zdaGjf_URoCli0QAvD_BwE,not_found_in_configured_stores,not_found_in_configured_stores,"HTTPSConnectionPool(host='www.glamira.vn', port=443): Max retries exceeded with url: /catalog/product/view/id/100344 (Caused by NameResolutionError(""HTTPSConnection(host='www.glamira.vn', port=443): Failed to resolve 'www.glamira.vn' ([Errno 8] nodename nor servname provided, or not known)""))",11,https://www.glamira.fr/bague-pour-femmes-wondrous-lucy-10-mm.html?alloy=white_red-585&gclid=CjwKCAjw4KD0BRBUEiwA7MFNTW-Nu0DEcy5anJGoVV_cY8cAzlNU0A57W_Xm4nMLU_fx4zdaGjf_URoCli0QAvD_BwE,,2026-06-14T07:03:23.536578+00:00
100345,https://www.glamira.de/wondrous-susan-6-mm.html?alloy=white-silber&stone=diamond-Brillant&itm_source=recommendation&itm_medium=sorting,not_found_in_configured_stores,not_found_in_configured_stores,"HTTPSConnectionPool(host='www.glamira.vn', port=443): Max retries exceeded with url: /catalog/product/view/id/100345 (Caused by NameResolutionError(""HTTPSConnection(host='www.glamira.vn', port=443): Failed to resolve 'www.glamira.vn' ([Errno 8] nodename nor servname provided, or not known)""))",11,https://www.glamira.de/wondrous-susan-6-mm.html?alloy=white-silber&stone=diamond-Brillant&itm_source=recommendation&itm_medium=sorting,,2026-06-14T07:03:23.561678+00:00
100346,https://www.glamira.fr/bague-pour-hommes-wondrous-susan-6-mm.html?alloy=white_yellow-375,not_found_in_configured_stores,not_found_in_configured_stores,"HTTPSConnectionPool(host='www.glamira.vn', port=443): Max retries exceeded with url: /catalog/product/view/id/100346 (Caused by NameResolutionError(""HTTPSConnection(host='www.glamira.vn', port=443): Failed to resolve 'www.glamira.vn' ([Errno 8] nodename nor servname provided, or not known)""))",11,https://www.glamira.fr/bague-pour-hommes-wondrous-susan-6-mm.html?alloy=white_yellow-375,,2026-06-14T07:03:23.579120+00:00
100347,https://www.glamira.cz/damske-prsteny-wondrous-susan-6-mm.html?utm_source=criteo&utm_medium=retargeting&utm_campaign=webconversion&alloy=white-585,not_found_in_configured_stores,not_found_in_configured_stores,"HTTPSConnectionPool(host='www.glamira.cz', port=443): Max retries exceeded with url: /catalog/product/view/id/100347 (Caused by NameResolutionError(""HTTPSConnection(host='www.glamira.cz', port=443): Failed to resolve 'www.glamira.cz' ([Errno 8] nodename nor servname provided, or not known)""))",12,https://www.glamira.cz/damske-prsteny-wondrous-susan-6-mm.html?utm_source=criteo&utm_medium=retargeting&utm_campaign=webconversion&alloy=white-585,,2026-06-14T07:03:23.583198+00:00
100348,https://www.glamira.it/wondrous-susan-8-mm.html?alloy=white_yellow-375,not_found_in_configured_stores,not_found_in_configured_stores,"HTTPSConnectionPool(host='www.glamira.vn', port=443): Max retries exceeded with url: /catalog/product/view/id/100348 (Caused by NameResolutionError(""HTTPSConnection(host='www.glamira.vn', port=443): Failed to resolve 'www.glamira.vn' ([Errno 8] nodename nor servname provided, or not known)""))",11,https://www.glamira.it/wondrous-susan-8-mm.html?alloy=white_yellow-375,,2026-06-14T07:03:23.590385+00:00
100349,https://www.glamira.fr/bague-pour-hommes-wondrous-susan-8-mm.html?alloy=white_yellow-375,not_found_in_configured_stores,not_found_in_configured_stores,"HTTPSConnectionPool(host='www.glamira.vn', port=443): Max retries exceeded with url: /catalog/product/view/id/100349 (Caused by NameResolutionError(""HTTPSConnection(host='www.glamira.vn', port=443): Failed to resolve 'www.glamira.vn' ([Errno 8] nodename nor servname provided, or not known)""))",11,https://www.glamira.fr/bague-pour-hommes-wondrous-susan-8-mm.html?alloy=white_yellow-375,,2026-06-14T07:03:23.605944+00:00
100350,https://www.glamira.fr/bague-pour-femmes-wondrous-susan-8-mm.html?alloy=white_yellow-375,not_found_in_configured_stores,not_found_in_configured_stores,"HTTPSConnectionPool(host='www.glamira.vn', port=443): Max retries exceeded with url: /catalog/product/view/id/100350 (Caused by NameResolutionError(""HTTPSConnection(host='www.glamira.vn', port=443): Failed to resolve 'www.glamira.vn' ([Errno 8] nodename nor servname provided, or not known)""))",11,https://www.glamira.fr/bague-pour-femmes-wondrous-susan-8-mm.html?alloy=white_yellow-375,,2026-06-14T07:03:23.610722+00:00
100351,https://www.glamira.com.tr/wondrous-susan-10-mm.html?stone=diamond-Zirconia&itm_source=recommendation&itm_medium=sorting&alloy=white-palladium,not_found_in_configured_stores,not_found_in_configured_stores,"HTTPSConnectionPool(host='www.glamira.com.tr', port=443): Max retries exceeded with url: /catalog/product/view/id/100351 (Caused by NameResolutionError(""HTTPSConnection(host='www.glamira.com.tr', port=443): Failed to resolve 'www.glamira.com.tr' ([Errno 8] nodename nor servname provided, or not known)""))",12,https://www.glamira.com.tr/wondrous-susan-10-mm.html?stone=diamond-Zirconia&itm_source=recommendation&itm_medium=sorting&alloy=white-palladium,,2026-06-14T07:03:23.616782+00:00
100352,https://www.glamira.fr/bague-pour-hommes-wondrous-susan-10-mm.html?alloy=white_yellow-375,not_found_in_configured_stores,not_found_in_configured_stores,"HTTPSConnectionPool(host='www.glamira.vn', port=443): Max retries exceeded with url: /catalog/product/view/id/100352 (Caused by NameResolutionError(""HTTPSConnection(host='www.glamira.vn', port=443): Failed to resolve 'www.glamira.vn' ([Errno 8] nodename nor servname provided, or not known)""))",11,https://www.glamira.fr/bague-pour-hommes-wondrous-susan-10-mm.html?alloy=white_yellow-375,,2026-06-14T07:03:23.630263+00:00
100353,https://www.glamira.at/damenring-wondrous-susan-10-mm.html?alloy=red-585&gclid=CjwKCAjwh472BRAGEiwAvHVfGl_IQJmLzp6hpDNIX-wvpGLpBnObNJGEFVssDOdJpth81MOrpOxsHRoCvHEQAvD_BwE,not_found_in_configured_stores,not_found_in_configured_stores,"HTTPSConnectionPool(host='www.glamira.at', port=443): Max retries exceeded with url: /catalog/product/view/id/100353 (Caused by NameResolutionError(""HTTPSConnection(host='www.glamira.at', port=443): Failed to resolve 'www.glamira.at' ([Errno 8] nodename nor servname provided, or not known)""))",12,https://www.glamira.at/damenring-wondrous-susan-10-mm.html?alloy=red-585&gclid=CjwKCAjwh472BRAGEiwAvHVfGl_IQJmLzp6hpDNIX-wvpGLpBnObNJGEFVssDOdJpth81MOrpOxsHRoCvHEQAvD_BwE,,2026-06-14T07:03:23.638301+00:00
100354,https://www.glamira.fr/wondrous-embroidery-4-mm.html?alloy=white-silber&stone=diamond-Zirconia&itm_source=recommendation&itm_medium=sorting,not_found_in_configured_stores,not_found_in_configured_stores,"HTTPSConnectionPool(host='www.glamira.vn', port=443): Max retries exceeded with url: /catalog/product/view/id/100354 (Caused by NameResolutionError(""HTTPSConnection(host='www.glamira.vn', port=443): Failed to resolve 'www.glamira.vn' ([Errno 8] nodename nor servname provided, or not known)""))",11,https://www.glamira.fr/wondrous-embroidery-4-mm.html?alloy=white-silber&stone=diamond-Zirconia&itm_source=recommendation&itm_medium=sorting,,2026-06-14T07:03:23.653521+00:00
100355,https://www.glamira.fr/bague-pour-hommes-wondrous-embroidery-4-mm.html?alloy=white-silber&itm_source=recommendation&itm_medium=sorting,not_found_in_configured_stores,not_found_in_configured_stores,"HTTPSConnectionPool(host='www.glamira.vn', port=443): Max retries exceeded with url: /catalog/product/view/id/100355 (Caused by NameResolutionError(""HTTPSConnection(host='www.glamira.vn', port=443): Failed to resolve 'www.glamira.vn' ([Errno 8] nodename nor servname provided, or not known)""))",11,https://www.glamira.fr/bague-pour-hommes-wondrous-embroidery-4-mm.html?alloy=white-silber&itm_source=recommendation&itm_medium=sorting,,2026-06-14T07:03:23.662516+00:00
100356,https://www.glamira.co.uk/womens-ring-wondrous-embroidery-4-mm.html?alloy=white-silber&stone=diamond-Zirconia&itm_source=recommendation&itm_medium=sorting,not_found_in_configured_stores,not_found_in_configured_stores,"HTTPSConnectionPool(host='www.glamira.vn', port=443): Max retries exceeded with url: /catalog/product/view/id/100356 (Caused by NameResolutionError(""HTTPSConnection(host='www.glamira.vn', port=443): Failed to resolve 'www.glamira.vn' ([Errno 8] nodename nor servname provided, or not known)""))",11,https://www.glamira.co.uk/womens-ring-wondrous-embroidery-4-mm.html?alloy=white-silber&stone=diamond-Zirconia&itm_source=recommendation&itm_medium=sorting,,2026-06-14T07:03:23.673700+00:00
100357,https://www.glamira.fr/wondrous-embroidery-5-mm.html?alloy=white-silber&stone=diamond-Zirconia&itm_source=recommendation&itm_medium=sorting,not_found_in_configured_stores,not_found_in_configured_stores,"HTTPSConnectionPool(host='www.glamira.vn', port=443): Max retries exceeded with url: /catalog/product/view/id/100357 (Caused by NameResolutionError(""HTTPSConnection(host='www.glamira.vn', port=443): Failed to resolve 'www.glamira.vn' ([Errno 8] nodename nor servname provided, or not known)""))",11,https://www.glamira.fr/wondrous-embroidery-5-mm.html?alloy=white-silber&stone=diamond-Zirconia&itm_source=recommendation&itm_medium=sorting,,2026-06-14T07:03:23.683684+00:00
100358,https://www.glamira.de/herrenring-wondrous-embroidery-5-mm.html?alloy=red_white-750,not_found_in_configured_stores,not_found_in_configured_stores,"HTTPSConnectionPool(host='www.glamira.vn', port=443): Max retries exceeded with url: /catalog/product/view/id/100358 (Caused by NameResolutionError(""HTTPSConnection(host='www.glamira.vn', port=443): Failed to resolve 'www.glamira.vn' ([Errno 8] nodename nor servname provided, or not known)""))",11,https://www.glamira.de/herrenring-wondrous-embroidery-5-mm.html?alloy=red_white-750,,2026-06-14T07:03:23.691016+00:00
100359,https://www.glamira.be/damesring-wondrous-embroidery-5-mm.html?alloy=yellow-750&stone=diamond-Brillant,not_found_in_configured_stores,not_found_in_configured_stores,"HTTPSConnectionPool(host='www.glamira.be', port=443): Max retries exceeded with url: /catalog/product/view/id/100359 (Caused by NameResolutionError(""HTTPSConnection(host='www.glamira.be', port=443): Failed to resolve 'www.glamira.be' ([Errno 8] nodename nor servname provided, or not known)""))",12,https://www.glamira.be/damesring-wondrous-embroidery-5-mm.html?alloy=yellow-750&stone=diamond-Brillant,,2026-06-14T07:03:23.712077+00:00
100360,https://www.glamira.com.mx/wondrous-embroidery-6-mm.html?alloy=white-750,not_found_in_configured_stores,not_found_in_configured_stores,"HTTPSConnectionPool(host='www.glamira.com.mx', port=443): Max retries exceeded with url: /catalog/product/view/id/100360 (Caused by NameResolutionError(""HTTPSConnection(host='www.glamira.com.mx', port=443): Failed to resolve 'www.glamira.com.mx' ([Errno 8] nodename nor servname provided, or not known)""))",12,https://www.glamira.com.mx/wondrous-embroidery-6-mm.html?alloy=white-750,,2026-06-14T07:03:23.717061+00:00
100361,https://www.glamira.se/herring-wondrous-embroidery-6-mm.html?alloy=white-silber&itm_source=recommendation&itm_medium=sorting,not_found_in_configured_stores,not_found_in_configured_stores,"HTTPSConnectionPool(host='www.glamira.se', port=443): Max retries exceeded with url: /catalog/product/view/id/100361 (Caused by NameResolutionError(""HTTPSConnection(host='www.glamira.se', port=443): Failed to resolve 'www.glamira.se' ([Errno 8] nodename nor servname provided, or not known)""))",12,https://www.glamira.se/herring-wondrous-embroidery-6-mm.html?alloy=white-silber&itm_source=recommendation&itm_medium=sorting,,2026-06-14T07:03:23.729059+00:00
100362,https://www.glamira.co.uk/womens-ring-wondrous-embroidery-6-mm.html?alloy=white-silber,not_found_in_configured_stores,not_found_in_configured_stores,"HTTPSConnectionPool(host='www.glamira.vn', port=443): Max retries exceeded with url: /catalog/product/view/id/100362 (Caused by NameResolutionError(""HTTPSConnection(host='www.glamira.vn', port=443): Failed to resolve 'www.glamira.vn' ([Errno 8] nodename nor servname provided, or not known)""))",11,https://www.glamira.co.uk/womens-ring-wondrous-embroidery-6-mm.html?alloy=white-silber,,2026-06-14T07:03:23.740945+00:00
100363,https://www.glamira.de/wondrous-embroidery-8-mm.html?alloy=white-silber&stone=diamond-Brillant&itm_source=recommendation&itm_medium=sorting,not_found_in_configured_stores,not_found_in_configured_stores,"HTTPSConnectionPool(host='www.glamira.vn', port=443): Max retries exceeded with url: /catalog/product/view/id/100363 (Caused by NameResolutionError(""HTTPSConnection(host='www.glamira.vn', port=443): Failed to resolve 'www.glamira.vn' ([Errno 8] nodename nor servname provided, or not known)""))",11,https://www.glamira.de/wondrous-embroidery-8-mm.html?alloy=white-silber&stone=diamond-Brillant&itm_source=recommendation&itm_medium=sorting,,2026-06-14T07:03:23.747987+00:00
100364,https://www.glamira.com.au/men-s-ring-wondrous-embroidery-8-mm.html?alloy=yellow-375&itm_source=recommendation&itm_medium=sorting,not_found_in_configured_stores,not_found_in_configured_stores,"HTTPSConnectionPool(host='www.glamira.vn', port=443): Max retries exceeded with url: /catalog/product/view/id/100364 (Caused by NameResolutionError(""HTTPSConnection(host='www.glamira.vn', port=443): Failed to resolve 'www.glamira.vn' ([Errno 8] nodename nor servname provided, or not known)""))",11,https://www.glamira.com.au/men-s-ring-wondrous-embroidery-8-mm.html?alloy=yellow-375&itm_source=recommendation&itm_medium=sorting,,2026-06-14T07:03:23.755742+00:00
100365,https://www.glamira.co.uk/womens-ring-wondrous-embroidery-8-mm.html?alloy=yellow_white-750,not_found_in_configured_stores,not_found_in_configured_stores,"HTTPSConnectionPool(host='www.glamira.vn', port=443): Max retries exceeded with url: /catalog/product/view/id/100365 (Caused by NameResolutionError(""HTTPSConnection(host='www.glamira.vn', port=443): Failed to resolve 'www.glamira.vn' ([Errno 8] nodename nor servname provided, or not known)""))",11,https://www.glamira.co.uk/womens-ring-wondrous-embroidery-8-mm.html?alloy=yellow_white-750,,2026-06-14T07:03:23.771250+00:00
100366,https://www.glamira.de/wondrous-embroidery-10-mm.html?alloy=white-silber&stone=diamond-Zirconia&itm_source=recommendation&itm_medium=sorting,not_found_in_configured_stores,not_found_in_configured_stores,"HTTPSConnectionPool(host='www.glamira.vn', port=443): Max retries exceeded with url: /catalog/product/view/id/100366 (Caused by NameResolutionError(""HTTPSConnection(host='www.glamira.vn', port=443): Failed to resolve 'www.glamira.vn' ([Errno 8] nodename nor servname provided, or not known)""))",11,https://www.glamira.de/wondrous-embroidery-10-mm.html?alloy=white-silber&stone=diamond-Zirconia&itm_source=recommendation&itm_medium=sorting,,2026-06-14T07:03:23.778564+00:00
100367,https://www.glamira.de/herrenring-wondrous-embroidery-10-mm.html?alloy=yellow-750,not_found_in_configured_stores,not_found_in_configured_stores,"HTTPSConnectionPool(host='www.glamira.vn', port=443): Max retries exceeded with url: /catalog/product/view/id/100367 (Caused by NameResolutionError(""HTTPSConnection(host='www.glamira.vn', port=443): Failed to resolve 'www.glamira.vn' ([Errno 8] nodename nor servname provided, or not known)""))",11,https://www.glamira.de/herrenring-wondrous-embroidery-10-mm.html?alloy=yellow-750,,2026-06-14T07:03:23.785150+00:00
100368,https://www.glamira.ee/naiste-sormused-wondrous-embroidery-10-mm.html?stone=diamond-Brillant&alloy=red_white-585,not_found_in_configured_stores,not_found_in_configured_stores,"HTTPSConnectionPool(host='www.glamira.ee', port=443): Max retries exceeded with url: /catalog/product/view/id/100368 (Caused by NameResolutionError(""HTTPSConnection(host='www.glamira.ee', port=443): Failed to resolve 'www.glamira.ee' ([Errno 8] nodename nor servname provided, or not known)""))",12,https://www.glamira.ee/naiste-sormused-wondrous-embroidery-10-mm.html?stone=diamond-Brillant&alloy=red_white-585,,2026-06-14T07:03:23.795316+00:00
100372,https://www.glamira.de/wondrous-valley-4-mm.html?alloy=white_yellow-375&stone=diamond-Zirconia&itm_source=recommendation&itm_medium=sorting,not_found_in_configured_stores,not_found_in_configured_stores,"HTTPSConnectionPool(host='www.glamira.vn', port=443): Max retries exceeded with url: /catalog/product/view/id/100372 (Caused by NameResolutionError(""HTTPSConnection(host='www.glamira.vn', port=443): Failed to resolve 'www.glamira.vn' ([Errno 8] nodename nor servname provided, or not known)""))",11,https://www.glamira.de/wondrous-valley-4-mm.html?alloy=white_yellow-375&stone=diamond-Zirconia&itm_source=recommendation&itm_medium=sorting,,2026-06-14T07:03:23.804060+00:00
100373,https://www.glamira.fr/bague-pour-hommes-wondrous-valley-4-mm.html?alloy=white_yellow-375&gclid=CjwKCAjw_LL2BRAkEiwAv2Y3STY-7V4W0VqG9HlexxvV21ClkQ6kFcBiZG3tx7aLAtEjtnyzxsnAgRoCiEIQAvD_BwE,not_found_in_configured_stores,not_found_in_configured_stores,"HTTPSConnectionPool(host='www.glamira.vn', port=443): Max retries exceeded with url: /catalog/product/view/id/100373 (Caused by NameResolutionError(""HTTPSConnection(host='www.glamira.vn', port=443): Failed to resolve 'www.glamira.vn' ([Errno 8] nodename nor servname provided, or not known)""))",11,https://www.glamira.fr/bague-pour-hommes-wondrous-valley-4-mm.html?alloy=white_yellow-375&gclid=CjwKCAjw_LL2BRAkEiwAv2Y3STY-7V4W0VqG9HlexxvV21ClkQ6kFcBiZG3tx7aLAtEjtnyzxsnAgRoCiEIQAvD_BwE,,2026-06-14T07:03:23.804336+00:00
100374,https://www.glamira.de/damenring-wondrous-valley-4-mm.html?alloy=yellow-375,not_found_in_configured_stores,not_found_in_configured_stores,"HTTPSConnectionPool(host='www.glamira.vn', port=443): Max retries exceeded with url: /catalog/product/view/id/100374 (Caused by NameResolutionError(""HTTPSConnection(host='www.glamira.vn', port=443): Failed to resolve 'www.glamira.vn' ([Errno 8] nodename nor servname provided, or not known)""))",11,https://www.glamira.de/damenring-wondrous-valley-4-mm.html?alloy=yellow-375,,2026-06-14T07:03:23.818406+00:00
100375,https://www.glamira.de/wondrous-valley-5-mm.html?stone=diamond-Brillant&itm_source=recommendation&itm_medium=sorting&alloy=white_red-585,not_found_in_configured_stores,not_found_in_configured_stores,"HTTPSConnectionPool(host='www.glamira.vn', port=443): Max retries exceeded with url: /catalog/product/view/id/100375 (Caused by NameResolutionError(""HTTPSConnection(host='www.glamira.vn', port=443): Failed to resolve 'www.glamira.vn' ([Errno 8] nodename nor servname provided, or not known)""))",11,https://www.glamira.de/wondrous-valley-5-mm.html?stone=diamond-Brillant&itm_source=recommendation&itm_medium=sorting&alloy=white_red-585,,2026-06-14T07:03:23.825087+00:00
100376,https://www.glamira.de/herrenring-wondrous-valley-5-mm.html?alloy=white_yellow-375,not_found_in_configured_stores,not_found_in_configured_stores,"HTTPSConnectionPool(host='www.glamira.vn', port=443): Max retries exceeded with url: /catalog/product/view/id/100376 (Caused by NameResolutionError(""HTTPSConnection(host='www.glamira.vn', port=443): Failed to resolve 'www.glamira.vn' ([Errno 8] nodename nor servname provided, or not known)""))",11,https://www.glamira.de/herrenring-wondrous-valley-5-mm.html?alloy=white_yellow-375,,2026-06-14T07:03:23.827040+00:00
100377,https://www.glamira.no/kvinnering-wondrous-valley-5-mm.html?stone=none&alloy=white_yellow-585,not_found_in_configured_stores,not_found_in_configured_stores,"HTTPSConnectionPool(host='www.glamira.no', port=443): Max retries exceeded with url: /catalog/product/view/id/100377 (Caused by NameResolutionError(""HTTPSConnection(host='www.glamira.no', port=443): Failed to resolve 'www.glamira.no' ([Errno 8] nodename nor servname provided, or not known)""))",12,https://www.glamira.no/kvinnering-wondrous-valley-5-mm.html?stone=none&alloy=white_yellow-585,,2026-06-14T07:03:23.840259+00:00
100378,https://www.glamira.de/wondrous-valley-6-mm.html?alloy=white_yellow-375&stone=diamond-Brillant&itm_source=recommendation&itm_medium=sorting,not_found_in_configured_stores,not_found_in_configured_stores,"HTTPSConnectionPool(host='www.glamira.vn', port=443): Max retries exceeded with url: /catalog/product/view/id/100378 (Caused by NameResolutionError(""HTTPSConnection(host='www.glamira.vn', port=443): Failed to resolve 'www.glamira.vn' ([Errno 8] nodename nor servname provided, or not known)""))",11,https://www.glamira.de/wondrous-valley-6-mm.html?alloy=white_yellow-375&stone=diamond-Brillant&itm_source=recommendation&itm_medium=sorting,,2026-06-14T07:03:23.862884+00:00
100379,https://www.glamira.co.uk/men-s-ring-wondrous-valley-6-mm.html?alloy=white-silber&itm_source=recommendation&itm_medium=sorting,not_found_in_configured_stores,not_found_in_configured_stores,"HTTPSConnectionPool(host='www.glamira.vn', port=443): Max retries exceeded with url: /catalog/product/view/id/100379 (Caused by NameResolutionError(""HTTPSConnection(host='www.glamira.vn', port=443): Failed to resolve 'www.glamira.vn' ([Errno 8] nodename nor servname provided, or not known)""))",11,https://www.glamira.co.uk/men-s-ring-wondrous-valley-6-mm.html?alloy=white-silber&itm_source=recommendation&itm_medium=sorting,,2026-06-14T07:03:23.865719+00:00
100380,https://www.glamira.cl/anillo-de-mujer-wondrous-valley-6-mm.html?stone=diamond-Zirconia&alloy=white_yellow-750&gclid=CjwKCAjwk6P2BRAIEiwAfVJ0rG7FOx3hfHz3eRG5F7n9jH1q4LBoNPnxBWMsq0XCdwpW5cuU28rrkRoCqXkQAvD_BwE,not_found_in_configured_stores,not_found_in_configured_stores,"HTTPSConnectionPool(host='www.glamira.cl', port=443): Max retries exceeded with url: /catalog/product/view/id/100380 (Caused by NameResolutionError(""HTTPSConnection(host='www.glamira.cl', port=443): Failed to resolve 'www.glamira.cl' ([Errno 8] nodename nor servname provided, or not known)""))",12,https://www.glamira.cl/anillo-de-mujer-wondrous-valley-6-mm.html?stone=diamond-Zirconia&alloy=white_yellow-750&gclid=CjwKCAjwk6P2BRAIEiwAfVJ0rG7FOx3hfHz3eRG5F7n9jH1q4LBoNPnxBWMsq0XCdwpW5cuU28rrkRoCqXkQAvD_BwE,,2026-06-14T07:03:23.878527+00:00
100381,https://www.glamira.de/wondrous-valley-8-mm.html?alloy=white-585&stone=diamond-Zirconia&itm_source=recommendation&itm_medium=sorting,not_found_in_configured_stores,not_found_in_configured_stores,"HTTPSConnectionPool(host='www.glamira.vn', port=443): Max retries exceeded with url: /catalog/product/view/id/100381 (Caused by NameResolutionError(""HTTPSConnection(host='www.glamira.vn', port=443): Failed to resolve 'www.glamira.vn' ([Errno 8] nodename nor servname provided, or not known)""))",11,https://www.glamira.de/wondrous-valley-8-mm.html?alloy=white-585&stone=diamond-Zirconia&itm_source=recommendation&itm_medium=sorting,,2026-06-14T07:03:23.885881+00:00
100382,https://www.glamira.fr/bague-pour-hommes-wondrous-valley-8-mm.html?alloy=yellow-585,not_found_in_configured_stores,not_found_in_configured_stores,"HTTPSConnectionPool(host='www.glamira.vn', port=443): Max retries exceeded with url: /catalog/product/view/id/100382 (Caused by NameResolutionError(""HTTPSConnection(host='www.glamira.vn', port=443): Failed to resolve 'www.glamira.vn' ([Errno 8] nodename nor servname provided, or not known)""))",11,https://www.glamira.fr/bague-pour-hommes-wondrous-valley-8-mm.html?alloy=yellow-585,,2026-06-14T07:03:23.890306+00:00
100383,https://www.glamira.ch/damenring-wondrous-valley-8-mm.html?alloy=white-silber,not_found_in_configured_stores,not_found_in_configured_stores,"HTTPSConnectionPool(host='www.glamira.ch', port=443): Max retries exceeded with url: /catalog/product/view/id/100383 (Caused by NameResolutionError(""HTTPSConnection(host='www.glamira.ch', port=443): Failed to resolve 'www.glamira.ch' ([Errno 8] nodename nor servname provided, or not known)""))",12,https://www.glamira.ch/damenring-wondrous-valley-8-mm.html?alloy=white-silber,,2026-06-14T07:03:23.906755+00:00
100384,https://www.glamira.com/wondrous-valley-10-mm.html?alloy=white-585,not_found_in_configured_stores,not_found_in_configured_stores,"HTTPSConnectionPool(host='www.glamira.vn', port=443): Max retries exceeded with url: /catalog/product/view/id/100384 (Caused by NameResolutionError(""HTTPSConnection(host='www.glamira.vn', port=443): Failed to resolve 'www.glamira.vn' ([Errno 8] nodename nor servname provided, or not known)""))",11,https://www.glamira.com/wondrous-valley-10-mm.html?alloy=white-585,,2026-06-14T07:03:23.911627+00:00
100385,https://www.glamira.com/men-s-ring-wondrous-valley-10-mm.html?alloy=white-585,not_found_in_configured_stores,not_found_in_configured_stores,"HTTPSConnectionPool(host='www.glamira.vn', port=443): Max retries exceeded with url: /catalog/product/view/id/100385 (Caused by NameResolutionError(""HTTPSConnection(host='www.glamira.vn', port=443): Failed to resolve 'www.glamira.vn' ([Errno 8] nodename nor servname provided, or not known)""))",11,https://www.glamira.com/men-s-ring-wondrous-valley-10-mm.html?alloy=white-585,,2026-06-14T07:03:23.916225+00:00
100386,https://www.glamira.com/womens-ring-wondrous-valley-10-mm.html?alloy=white-585,not_found_in_configured_stores,not_found_in_configured_stores,"HTTPSConnectionPool(host='www.glamira.vn', port=443): Max retries exceeded with url: /catalog/product/view/id/100386 (Caused by NameResolutionError(""HTTPSConnection(host='www.glamira.vn', port=443): Failed to resolve 'www.glamira.vn' ([Errno 8] nodename nor servname provided, or not known)""))",11,https://www.glamira.com/womens-ring-wondrous-valley-10-mm.html?alloy=white-585,,2026-06-14T07:03:23.931784+00:00
100387,https://www.glamira.co.cr/adore-alegria-5-mm.html?stone=diamond-Zirconia&itm_source=recommendation&itm_medium=sorting&alloy=white_red-375,not_found_in_configured_stores,not_found_in_configured_stores,"HTTPSConnectionPool(host='www.glamira.co.cr', port=443): Max retries exceeded with url: /catalog/product/view/id/100387 (Caused by NameResolutionError(""HTTPSConnection(host='www.glamira.co.cr', port=443): Failed to resolve 'www.glamira.co.cr' ([Errno 8] nodename nor servname provided, or not known)""))",12,https://www.glamira.co.cr/adore-alegria-5-mm.html?stone=diamond-Zirconia&itm_source=recommendation&itm_medium=sorting&alloy=white_red-375,,2026-06-14T07:03:23.933439+00:00
100388,https://www.glamira.co.uk/men-s-ring-adore-alegria-5-mm.html?alloy=white-platin,not_found_in_configured_stores,not_found_in_configured_stores,"HTTPSConnectionPool(host='www.glamira.vn', port=443): Max retries exceeded with url: /catalog/product/view/id/100388 (Caused by NameResolutionError(""HTTPSConnection(host='www.glamira.vn', port=443): Failed to resolve 'www.glamira.vn' ([Errno 8] nodename nor servname provided, or not known)""))",11,https://www.glamira.co.uk/men-s-ring-adore-alegria-5-mm.html?alloy=white-platin,,2026-06-14T07:03:23.945089+00:00
100389,https://www.glamira.ro/inele-pentru-femei-adore-alegria-5-mm.html?alloy=white_yellow-585&stone=diamond-Zirconia,not_found_in_configured_stores,not_found_in_configured_stores,"HTTPSConnectionPool(host='www.glamira.ro', port=443): Max retries exceeded with url: /catalog/product/view/id/100389 (Caused by NameResolutionError(""HTTPSConnection(host='www.glamira.ro', port=443): Failed to resolve 'www.glamira.ro' ([Errno 8] nodename nor servname provided, or not known)""))",12,https://www.glamira.ro/inele-pentru-femei-adore-alegria-5-mm.html?alloy=white_yellow-585&stone=diamond-Zirconia,,2026-06-14T07:03:23.958534+00:00
100390,https://www.glamira.de/adore-alegria-6-mm.html?alloy=white-silber,not_found_in_configured_stores,not_found_in_configured_stores,"HTTPSConnectionPool(host='www.glamira.vn', port=443): Max retries exceeded with url: /catalog/product/view/id/100390 (Caused by NameResolutionError(""HTTPSConnection(host='www.glamira.vn', port=443): Failed to resolve 'www.glamira.vn' ([Errno 8] nodename nor servname provided, or not known)""))",11,https://www.glamira.de/adore-alegria-6-mm.html?alloy=white-silber,,2026-06-14T07:03:23.964857+00:00
100391,https://www.glamira.pl/pierscionek-dla-mezczyzny-adore-alegria-6-mm.html?alloy=white-silber&itm_source=recommendation&itm_medium=sorting,not_found_in_configured_stores,not_found_in_configured_stores,"HTTPSConnectionPool(host='www.glamira.vn', port=443): Max retries exceeded with url: /catalog/product/view/id/100391 (Caused by NameResolutionError(""HTTPSConnection(host='www.glamira.vn', port=443): Failed to resolve 'www.glamira.vn' ([Errno 8] nodename nor servname provided, or not known)""))",11,https://www.glamira.pl/pierscionek-dla-mezczyzny-adore-alegria-6-mm.html?alloy=white-silber&itm_source=recommendation&itm_medium=sorting,,2026-06-14T07:03:23.974404+00:00
100392,https://www.glamira.de/damenring-adore-alegria-6-mm.html?alloy=white-silber,not_found_in_configured_stores,not_found_in_configured_stores,"HTTPSConnectionPool(host='www.glamira.vn', port=443): Max retries exceeded with url: /catalog/product/view/id/100392 (Caused by NameResolutionError(""HTTPSConnection(host='www.glamira.vn', port=443): Failed to resolve 'www.glamira.vn' ([Errno 8] nodename nor servname provided, or not known)""))",11,https://www.glamira.de/damenring-adore-alegria-6-mm.html?alloy=white-silber,,2026-06-14T07:03:24.005340+00:00
100393,https://www.glamira.pl/adore-alegria-8-mm.html?alloy=white-375,not_found_in_configured_stores,not_found_in_configured_stores,"HTTPSConnectionPool(host='www.glamira.vn', port=443): Max retries exceeded with url: /catalog/product/view/id/100393 (Caused by NameResolutionError(""HTTPSConnection(host='www.glamira.vn', port=443): Failed to resolve 'www.glamira.vn' ([Errno 8] nodename nor servname provided, or not known)""))",11,https://www.glamira.pl/adore-alegria-8-mm.html?alloy=white-375,,2026-06-14T07:03:24.005543+00:00
100394,https://www.glamira.com.br/anel-masculinos-adore-alegria-8-mm.html?alloy=red-375,not_found_in_configured_stores,not_found_in_configured_stores,"HTTPSConnectionPool(host='www.glamira.com.br', port=443): Max retries exceeded with url: /catalog/product/view/id/100394 (Caused by NameResolutionError(""HTTPSConnection(host='www.glamira.com.br', port=443): Failed to resolve 'www.glamira.com.br' ([Errno 8] nodename nor servname provided, or not known)""))",12,https://www.glamira.com.br/anel-masculinos-adore-alegria-8-mm.html?alloy=red-375,,2026-06-14T07:03:24.016530+00:00
100395,https://www.glamira.co.uk/womens-ring-adore-alegria-8-mm.html?fbclid=IwAR3DCC4s4__ymdB3PHQg8ylqlPSxwKSG2qCmI5izZfJywq74sKli8Q8GNso&alloy=white_yellow-585,not_found_in_configured_stores,not_found_in_configured_stores,"HTTPSConnectionPool(host='www.glamira.vn', port=443): Max retries exceeded with url: /catalog/product/view/id/100395 (Caused by NameResolutionError(""HTTPSConnection(host='www.glamira.vn', port=443): Failed to resolve 'www.glamira.vn' ([Errno 8] nodename nor servname provided, or not known)""))",11,https://www.glamira.co.uk/womens-ring-adore-alegria-8-mm.html?fbclid=IwAR3DCC4s4__ymdB3PHQg8ylqlPSxwKSG2qCmI5izZfJywq74sKli8Q8GNso&alloy=white_yellow-585,,2026-06-14T07:03:24.029283+00:00
100396,https://www.glamira.cl/adore-alegria-10-mm.html?stone=diamond-Zirconia&itm_source=recommendation&itm_medium=sorting&alloy=yellow-375,not_found_in_configured_stores,not_found_in_configured_stores,"HTTPSConnectionPool(host='www.glamira.cl', port=443): Max retries exceeded with url: /catalog/product/view/id/100396 (Caused by NameResolutionError(""HTTPSConnection(host='www.glamira.cl', port=443): Failed to resolve 'www.glamira.cl' ([Errno 8] nodename nor servname provided, or not known)""))",12,https://www.glamira.cl/adore-alegria-10-mm.html?stone=diamond-Zirconia&itm_source=recommendation&itm_medium=sorting&alloy=yellow-375,,2026-06-14T07:03:24.035323+00:00
100397,https://www.glamira.es/checkout/cart/configure/id/2225667/?alloy=yellow_white-750,not_found_in_configured_stores,not_found_in_configured_stores,"HTTPSConnectionPool(host='www.glamira.es', port=443): Max retries exceeded with url: /catalog/product/view/id/100397 (Caused by NameResolutionError(""HTTPSConnection(host='www.glamira.es', port=443): Failed to resolve 'www.glamira.es' ([Errno 8] nodename nor servname provided, or not known)""))",12,https://www.glamira.es/checkout/cart/configure/id/2225667/?alloy=yellow_white-750,,2026-06-14T07:03:24.044696+00:00
100398,https://www.glamira.sg/womens-ring-adore-alegria-10-mm.html?stone=diamond-Zirconia&itm_source=recommendation&itm_medium=sorting&alloy=yellow_white-silber_375,not_found_in_configured_stores,not_found_in_configured_stores,"HTTPSConnectionPool(host='www.glamira.sg', port=443): Max retries exceeded with url: /catalog/product/view/id/100398 (Caused by NameResolutionError(""HTTPSConnection(host='www.glamira.sg', port=443): Failed to resolve 'www.glamira.sg' ([Errno 8] nodename nor servname provided, or not known)""))",12,https://www.glamira.sg/womens-ring-adore-alegria-10-mm.html?stone=diamond-Zirconia&itm_source=recommendation&itm_medium=sorting&alloy=yellow_white-silber_375,,2026-06-14T07:03:24.058191+00:00
100399,https://www.glamira.de/adore-belief-5-mm.html?stone=diamond-Brillant&alloy=yellow_white-585,not_found_in_configured_stores,not_found_in_configured_stores,"HTTPSConnectionPool(host='www.glamira.vn', port=443): Max retries exceeded with url: /catalog/product/view/id/100399 (Caused by NameResolutionError(""HTTPSConnection(host='www.glamira.vn', port=443): Failed to resolve 'www.glamira.vn' ([Errno 8] nodename nor servname provided, or not known)""))",11,https://www.glamira.de/adore-belief-5-mm.html?stone=diamond-Brillant&alloy=yellow_white-585,,2026-06-14T07:03:24.066504+00:00
100400,https://www.glamira.de/herrenring-adore-belief-5-mm.html?stone=diamond-Brillant&alloy=yellow_white-585,not_found_in_configured_stores,not_found_in_configured_stores,"HTTPSConnectionPool(host='www.glamira.vn', port=443): Max retries exceeded with url: /catalog/product/view/id/100400 (Caused by NameResolutionError(""HTTPSConnection(host='www.glamira.vn', port=443): Failed to resolve 'www.glamira.vn' ([Errno 8] nodename nor servname provided, or not known)""))",11,https://www.glamira.de/herrenring-adore-belief-5-mm.html?stone=diamond-Brillant&alloy=yellow_white-585,,2026-06-14T07:03:24.079372+00:00
100401,https://www.glamira.be/damesring-adore-belief-5-mm.html?alloy=white-750&stone=diamond-Zirconia,not_found_in_configured_stores,not_found_in_configured_stores,"HTTPSConnectionPool(host='www.glamira.be', port=443): Max retries exceeded with url: /catalog/product/view/id/100401 (Caused by NameResolutionError(""HTTPSConnection(host='www.glamira.be', port=443): Failed to resolve 'www.glamira.be' ([Errno 8] nodename nor servname provided, or not known)""))",12,https://www.glamira.be/damesring-adore-belief-5-mm.html?alloy=white-750&stone=diamond-Zirconia,,2026-06-14T07:03:24.100439+00:00
100405,https://www.glamira.de/adore-belief-8-mm.html?alloy=white_red-750&stone=diamond-Zirconia&itm_source=recommendation&itm_medium=sorting,not_found_in_configured_stores,not_found_in_configured_stores,"HTTPSConnectionPool(host='www.glamira.vn', port=443): Max retries exceeded with url: /catalog/product/view/id/100405 (Caused by NameResolutionError(""HTTPSConnection(host='www.glamira.vn', port=443): Failed to resolve 'www.glamira.vn' ([Errno 8] nodename nor servname provided, or not known)""))",11,https://www.glamira.de/adore-belief-8-mm.html?alloy=white_red-750&stone=diamond-Zirconia&itm_source=recommendation&itm_medium=sorting,,2026-06-14T07:03:24.106384+00:00
100406,https://www.glamira.de/herrenring-adore-belief-8-mm.html?alloy=yellow_white-375,not_found_in_configured_stores,not_found_in_configured_stores,"HTTPSConnectionPool(host='www.glamira.vn', port=443): Max retries exceeded with url: /catalog/product/view/id/100406 (Caused by NameResolutionError(""HTTPSConnection(host='www.glamira.vn', port=443): Failed to resolve 'www.glamira.vn' ([Errno 8] nodename nor servname provided, or not known)""))",11,https://www.glamira.de/herrenring-adore-belief-8-mm.html?alloy=yellow_white-375,,2026-06-14T07:03:24.125933+00:00
100407,https://www.glamira.com/womens-ring-adore-belief-8-mm.html?alloy=red_white-417,not_found_in_configured_stores,not_found_in_configured_stores,"HTTPSConnectionPool(host='www.glamira.vn', port=443): Max retries exceeded with url: /catalog/product/view/id/100407 (Caused by NameResolutionError(""HTTPSConnection(host='www.glamira.vn', port=443): Failed to resolve 'www.glamira.vn' ([Errno 8] nodename nor servname provided, or not known)""))",11,https://www.glamira.com/womens-ring-adore-belief-8-mm.html?alloy=red_white-417,,2026-06-14T07:03:24.136203+00:00
100408,https://www.glamira.de/adore-belief-10-mm.html?alloy=white-375,not_found_in_configured_stores,not_found_in_configured_stores,"HTTPSConnectionPool(host='www.glamira.vn', port=443): Max retries exceeded with url: /catalog/product/view/id/100408 (Caused by NameResolutionError(""HTTPSConnection(host='www.glamira.vn', port=443): Failed to resolve 'www.glamira.vn' ([Errno 8] nodename nor servname provided, or not known)""))",11,https://www.glamira.de/adore-belief-10-mm.html?alloy=white-375,,2026-06-14T07:03:24.139495+00:00
100409,https://www.glamira.co.uk/men-s-ring-adore-belief-10-mm.html?alloy=white-375&itm_source=recommendation&itm_medium=sorting,not_found_in_configured_stores,not_found_in_configured_stores,"HTTPSConnectionPool(host='www.glamira.vn', port=443): Max retries exceeded with url: /catalog/product/view/id/100409 (Caused by NameResolutionError(""HTTPSConnection(host='www.glamira.vn', port=443): Failed to resolve 'www.glamira.vn' ([Errno 8] nodename nor servname provided, or not known)""))",11,https://www.glamira.co.uk/men-s-ring-adore-belief-10-mm.html?alloy=white-375&itm_source=recommendation&itm_medium=sorting,,2026-06-14T07:03:24.149558+00:00
100410,https://www.glamira.com.tr/kadin-yuzuk-adore-belief-10-mm.html?stone=diamond-Zirconia&itm_source=recommendation&itm_medium=smartsearch&alloy=yellow_white-375,not_found_in_configured_stores,not_found_in_configured_stores,"HTTPSConnectionPool(host='www.glamira.com.tr', port=443): Max retries exceeded with url: /catalog/product/view/id/100410 (Caused by NameResolutionError(""HTTPSConnection(host='www.glamira.com.tr', port=443): Failed to resolve 'www.glamira.com.tr' ([Errno 8] nodename nor servname provided, or not known)""))",12,https://www.glamira.com.tr/kadin-yuzuk-adore-belief-10-mm.html?stone=diamond-Zirconia&itm_source=recommendation&itm_medium=smartsearch&alloy=yellow_white-375,,2026-06-14T07:03:24.160120+00:00
100411,https://www.glamira.fr/adore-phoenix-6-mm.html?alloy=white-silber&stone=diamond-Zirconia&itm_source=recommendation&itm_medium=sorting,not_found_in_configured_stores,not_found_in_configured_stores,"HTTPSConnectionPool(host='www.glamira.vn', port=443): Max retries exceeded with url: /catalog/product/view/id/100411 (Caused by NameResolutionError(""HTTPSConnection(host='www.glamira.vn', port=443): Failed to resolve 'www.glamira.vn' ([Errno 8] nodename nor servname provided, or not known)""))",11,https://www.glamira.fr/adore-phoenix-6-mm.html?alloy=white-silber&stone=diamond-Zirconia&itm_source=recommendation&itm_medium=sorting,,2026-06-14T07:03:24.160292+00:00
100412,https://www.glamira.fr/bague-pour-hommes-adore-phoenix-6-mm.html?alloy=white-silber&stone=diamond-Zirconia,not_found_in_configured_stores,not_found_in_configured_stores,"HTTPSConnectionPool(host='www.glamira.vn', port=443): Max retries exceeded with url: /catalog/product/view/id/100412 (Caused by NameResolutionError(""HTTPSConnection(host='www.glamira.vn', port=443): Failed to resolve 'www.glamira.vn' ([Errno 8] nodename nor servname provided, or not known)""))",11,https://www.glamira.fr/bague-pour-hommes-adore-phoenix-6-mm.html?alloy=white-silber&stone=diamond-Zirconia,,2026-06-14T07:03:24.168240+00:00
100413,https://www.glamira.de/damenring-adore-phoenix-6-mm.html?alloy=white_red-375,not_found_in_configured_stores,not_found_in_configured_stores,"HTTPSConnectionPool(host='www.glamira.vn', port=443): Max retries exceeded with url: /catalog/product/view/id/100413 (Caused by NameResolutionError(""HTTPSConnection(host='www.glamira.vn', port=443): Failed to resolve 'www.glamira.vn' ([Errno 8] nodename nor servname provided, or not known)""))",11,https://www.glamira.de/damenring-adore-phoenix-6-mm.html?alloy=white_red-375,,2026-06-14T07:03:24.192102+00:00
100414,https://www.glamira.com/adore-phoenix-8-mm.html?alloy=yellow_white-585&stone=diamond-Brillant&itm_source=recommendation&itm_medium=sorting,not_found_in_configured_stores,not_found_in_configured_stores,"HTTPSConnectionPool(host='www.glamira.vn', port=443): Max retries exceeded with url: /catalog/product/view/id/100414 (Caused by NameResolutionError(""HTTPSConnection(host='www.glamira.vn', port=443): Failed to resolve 'www.glamira.vn' ([Errno 8] nodename nor servname provided, or not known)""))",11,https://www.glamira.com/adore-phoenix-8-mm.html?alloy=yellow_white-585&stone=diamond-Brillant&itm_source=recommendation&itm_medium=sorting,,2026-06-14T07:03:24.192586+00:00
100415,https://www.glamira.no/herrering-adore-phoenix-8-mm.html?alloy=yellow_white-585,not_found_in_configured_stores,not_found_in_configured_stores,"HTTPSConnectionPool(host='www.glamira.no', port=443): Max retries exceeded with url: /catalog/product/view/id/100415 (Caused by NameResolutionError(""HTTPSConnection(host='www.glamira.no', port=443): Failed to resolve 'www.glamira.no' ([Errno 8] nodename nor servname provided, or not known)""))",12,https://www.glamira.no/herrering-adore-phoenix-8-mm.html?alloy=yellow_white-585,,2026-06-14T07:03:24.198868+00:00
100416,https://www.glamira.pt/anel-femininos-adore-phoenix-8-mm.html?alloy=yellow_white-585&stone=none,not_found_in_configured_stores,not_found_in_configured_stores,"HTTPSConnectionPool(host='www.glamira.pt', port=443): Max retries exceeded with url: /catalog/product/view/id/100416 (Caused by NameResolutionError(""HTTPSConnection(host='www.glamira.pt', port=443): Failed to resolve 'www.glamira.pt' ([Errno 8] nodename nor servname provided, or not known)""))",12,https://www.glamira.pt/anel-femininos-adore-phoenix-8-mm.html?alloy=yellow_white-585&stone=none,,2026-06-14T07:03:24.219690+00:00
100417,https://www.glamira.de/adore-phoenix-10-mm.html?stone=diamond-Brillant&itm_source=recommendation&itm_medium=sorting&alloy=white_red-375,not_found_in_configured_stores,not_found_in_configured_stores,"HTTPSConnectionPool(host='www.glamira.vn', port=443): Max retries exceeded with url: /catalog/product/view/id/100417 (Caused by NameResolutionError(""HTTPSConnection(host='www.glamira.vn', port=443): Failed to resolve 'www.glamira.vn' ([Errno 8] nodename nor servname provided, or not known)""))",11,https://www.glamira.de/adore-phoenix-10-mm.html?stone=diamond-Brillant&itm_source=recommendation&itm_medium=sorting&alloy=white_red-375,,2026-06-14T07:03:24.222480+00:00
100418,https://www.glamira.co.uk/men-s-ring-adore-phoenix-10-mm.html?alloy=white-silber&itm_source=recommendation&itm_medium=sorting,not_found_in_configured_stores,not_found_in_configured_stores,"HTTPSConnectionPool(host='www.glamira.vn', port=443): Max retries exceeded with url: /catalog/product/view/id/100418 (Caused by NameResolutionError(""HTTPSConnection(host='www.glamira.vn', port=443): Failed to resolve 'www.glamira.vn' ([Errno 8] nodename nor servname provided, or not known)""))",11,https://www.glamira.co.uk/men-s-ring-adore-phoenix-10-mm.html?alloy=white-silber&itm_source=recommendation&itm_medium=sorting,,2026-06-14T07:03:24.235566+00:00
100419,https://www.glamira.de/damenring-adore-phoenix-10-mm.html?alloy=white_red-375,not_found_in_configured_stores,not_found_in_configured_stores,"HTTPSConnectionPool(host='www.glamira.vn', port=443): Max retries exceeded with url: /catalog/product/view/id/100419 (Caused by NameResolutionError(""HTTPSConnection(host='www.glamira.vn', port=443): Failed to resolve 'www.glamira.vn' ([Errno 8] nodename nor servname provided, or not known)""))",11,https://www.glamira.de/damenring-adore-phoenix-10-mm.html?alloy=white_red-375,,2026-06-14T07:03:24.252976+00:00
100420,https://www.glamira.fr/adore-princess-5-mm.html?alloy=white-silber&stone=diamond-Zirconia&itm_source=recommendation&itm_medium=sorting,not_found_in_configured_stores,not_found_in_configured_stores,"HTTPSConnectionPool(host='www.glamira.vn', port=443): Max retries exceeded with url: /catalog/product/view/id/100420 (Caused by NameResolutionError(""HTTPSConnection(host='www.glamira.vn', port=443): Failed to resolve 'www.glamira.vn' ([Errno 8] nodename nor servname provided, or not known)""))",11,https://www.glamira.fr/adore-princess-5-mm.html?alloy=white-silber&stone=diamond-Zirconia&itm_source=recommendation&itm_medium=sorting,,2026-06-14T07:03:24.257322+00:00
100421,https://www.glamira.de/herrenring-adore-princess-5-mm.html?alloy=white_red-585,not_found_in_configured_stores,not_found_in_configured_stores,"HTTPSConnectionPool(host='www.glamira.vn', port=443): Max retries exceeded with url: /catalog/product/view/id/100421 (Caused by NameResolutionError(""HTTPSConnection(host='www.glamira.vn', port=443): Failed to resolve 'www.glamira.vn' ([Errno 8] nodename nor servname provided, or not known)""))",11,https://www.glamira.de/herrenring-adore-princess-5-mm.html?alloy=white_red-585,,2026-06-14T07:03:24.272040+00:00
100422,https://www.glamira.be/damesring-adore-princess-5-mm.html?alloy=white-750&stone=diamond-Zirconia,not_found_in_configured_stores,not_found_in_configured_stores,"HTTPSConnectionPool(host='www.glamira.be', port=443): Max retries exceeded with url: /catalog/product/view/id/100422 (Caused by NameResolutionError(""HTTPSConnection(host='www.glamira.be', port=443): Failed to resolve 'www.glamira.be' ([Errno 8] nodename nor servname provided, or not known)""))",12,https://www.glamira.be/damesring-adore-princess-5-mm.html?alloy=white-750&stone=diamond-Zirconia,,2026-06-14T07:03:24.284135+00:00
100423,https://www.glamira.dk/adore-princess-6-mm.html?alloy=yellow_white-585,not_found_in_configured_stores,not_found_in_configured_stores,"HTTPSConnectionPool(host='www.glamira.dk', port=443): Max retries exceeded with url: /catalog/product/view/id/100423 (Caused by NameResolutionError(""HTTPSConnection(host='www.glamira.dk', port=443): Failed to resolve 'www.glamira.dk' ([Errno 8] nodename nor servname provided, or not known)""))",12,https://www.glamira.dk/adore-princess-6-mm.html?alloy=yellow_white-585,,2026-06-14T07:03:24.320018+00:00
100424,https://www.glamira.sg/men-s-ring-adore-princess-6-mm.html?alloy=white-silber,not_found_in_configured_stores,not_found_in_configured_stores,"HTTPSConnectionPool(host='www.glamira.sg', port=443): Max retries exceeded with url: /catalog/product/view/id/100424 (Caused by NameResolutionError(""HTTPSConnection(host='www.glamira.sg', port=443): Failed to resolve 'www.glamira.sg' ([Errno 8] nodename nor servname provided, or not known)""))",12,https://www.glamira.sg/men-s-ring-adore-princess-6-mm.html?alloy=white-silber,,2026-06-14T07:03:24.334465+00:00
100425,https://www.glamira.bg/damenring-adore-princess-6-mm.html?alloy=red-375,not_found_in_configured_stores,not_found_in_configured_stores,"HTTPSConnectionPool(host='www.glamira.bg', port=443): Max retries exceeded with url: /catalog/product/view/id/100425 (Caused by NameResolutionError(""HTTPSConnection(host='www.glamira.bg', port=443): Failed to resolve 'www.glamira.bg' ([Errno 8] nodename nor servname provided, or not known)""))",12,https://www.glamira.bg/damenring-adore-princess-6-mm.html?alloy=red-375,,2026-06-14T07:03:24.349977+00:00
100426,https://www.glamira.de/adore-princess-8-mm.html?alloy=white-silber&stone=diamond-Zirconia&itm_source=recommendation&itm_medium=sorting,not_found_in_configured_stores,not_found_in_configured_stores,"HTTPSConnectionPool(host='www.glamira.vn', port=443): Max retries exceeded with url: /catalog/product/view/id/100426 (Caused by NameResolutionError(""HTTPSConnection(host='www.glamira.vn', port=443): Failed to resolve 'www.glamira.vn' ([Errno 8] nodename nor servname provided, or not known)""))",11,https://www.glamira.de/adore-princess-8-mm.html?alloy=white-silber&stone=diamond-Zirconia&itm_source=recommendation&itm_medium=sorting,,2026-06-14T07:03:24.358212+00:00
100427,https://www.glamira.de/herrenring-adore-princess-8-mm.html?alloy=white-585&stone=diamond-Zirconia,not_found_in_configured_stores,not_found_in_configured_stores,"HTTPSConnectionPool(host='www.glamira.vn', port=443): Max retries exceeded with url: /catalog/product/view/id/100427 (Caused by NameResolutionError(""HTTPSConnection(host='www.glamira.vn', port=443): Failed to resolve 'www.glamira.vn' ([Errno 8] nodename nor servname provided, or not known)""))",11,https://www.glamira.de/herrenring-adore-princess-8-mm.html?alloy=white-585&stone=diamond-Zirconia,,2026-06-14T07:03:24.367383+00:00
100428,https://www.glamira.co.uk/womens-ring-adore-princess-8-mm.html?alloy=white-silber&stone=diamond-Brillant,not_found_in_configured_stores,not_found_in_configured_stores,"HTTPSConnectionPool(host='www.glamira.vn', port=443): Max retries exceeded with url: /catalog/product/view/id/100428 (Caused by NameResolutionError(""HTTPSConnection(host='www.glamira.vn', port=443): Failed to resolve 'www.glamira.vn' ([Errno 8] nodename nor servname provided, or not known)""))",11,https://www.glamira.co.uk/womens-ring-adore-princess-8-mm.html?alloy=white-silber&stone=diamond-Brillant,,2026-06-14T07:03:24.376873+00:00
100429,https://www.glamira.hu/adore-princess-10-mm.html?alloy=white-375&stone=diamond-Zirconia&itm_source=recommendation&itm_medium=sorting,not_found_in_configured_stores,not_found_in_configured_stores,"HTTPSConnectionPool(host='www.glamira.hu', port=443): Max retries exceeded with url: /catalog/product/view/id/100429 (Caused by NameResolutionError(""HTTPSConnection(host='www.glamira.hu', port=443): Failed to resolve 'www.glamira.hu' ([Errno 8] nodename nor servname provided, or not known)""))",12,https://www.glamira.hu/adore-princess-10-mm.html?alloy=white-375&stone=diamond-Zirconia&itm_source=recommendation&itm_medium=sorting,,2026-06-14T07:03:24.399668+00:00
100430,https://www.glamira.co.uk/men-s-ring-adore-princess-10-mm.html?alloy=white_red-375&itm_source=recommendation&itm_medium=sorting,not_found_in_configured_stores,not_found_in_configured_stores,"HTTPSConnectionPool(host='www.glamira.vn', port=443): Max retries exceeded with url: /catalog/product/view/id/100430 (Caused by NameResolutionError(""HTTPSConnection(host='www.glamira.vn', port=443): Failed to resolve 'www.glamira.vn' ([Errno 8] nodename nor servname provided, or not known)""))",11,https://www.glamira.co.uk/men-s-ring-adore-princess-10-mm.html?alloy=white_red-375&itm_source=recommendation&itm_medium=sorting,,2026-06-14T07:03:24.410355+00:00
100431,https://www.glamira.com.au/womens-ring-adore-princess-10-mm.html?alloy=white-585,not_found_in_configured_stores,not_found_in_configured_stores,"HTTPSConnectionPool(host='www.glamira.vn', port=443): Max retries exceeded with url: /catalog/product/view/id/100431 (Caused by NameResolutionError(""HTTPSConnection(host='www.glamira.vn', port=443): Failed to resolve 'www.glamira.vn' ([Errno 8] nodename nor servname provided, or not known)""))",11,https://www.glamira.com.au/womens-ring-adore-princess-10-mm.html?alloy=white-585,,2026-06-14T07:03:24.417347+00:00
100432,https://www.glamira.de/adore-sassy-5-mm.html?alloy=white-585,not_found_in_configured_stores,not_found_in_configured_stores,"HTTPSConnectionPool(host='www.glamira.vn', port=443): Max retries exceeded with url: /catalog/product/view/id/100432 (Caused by NameResolutionError(""HTTPSConnection(host='www.glamira.vn', port=443): Failed to resolve 'www.glamira.vn' ([Errno 8] nodename nor servname provided, or not known)""))",11,https://www.glamira.de/adore-sassy-5-mm.html?alloy=white-585,,2026-06-14T07:03:24.436358+00:00
100433,https://www.glamira.fr/bague-pour-hommes-adore-sassy-5-mm.html?alloy=white-silber,not_found_in_configured_stores,not_found_in_configured_stores,"HTTPSConnectionPool(host='www.glamira.vn', port=443): Max retries exceeded with url: /catalog/product/view/id/100433 (Caused by NameResolutionError(""HTTPSConnection(host='www.glamira.vn', port=443): Failed to resolve 'www.glamira.vn' ([Errno 8] nodename nor servname provided, or not known)""))",11,https://www.glamira.fr/bague-pour-hommes-adore-sassy-5-mm.html?alloy=white-silber,,2026-06-14T07:03:24.444931+00:00
100434,https://www.glamira.fr/bague-pour-femmes-adore-sassy-5-mm.html?alloy=white-silber,not_found_in_configured_stores,not_found_in_configured_stores,"HTTPSConnectionPool(host='www.glamira.vn', port=443): Max retries exceeded with url: /catalog/product/view/id/100434 (Caused by NameResolutionError(""HTTPSConnection(host='www.glamira.vn', port=443): Failed to resolve 'www.glamira.vn' ([Errno 8] nodename nor servname provided, or not known)""))",11,https://www.glamira.fr/bague-pour-femmes-adore-sassy-5-mm.html?alloy=white-silber,,2026-06-14T07:03:24.451856+00:00
100435,https://www.glamira.bg/adore-sassy-6-mm.html?alloy=white_red-585&stone=diamond-Zirconia&itm_source=recommendation&itm_medium=sorting,not_found_in_configured_stores,not_found_in_configured_stores,"HTTPSConnectionPool(host='www.glamira.bg', port=443): Max retries exceeded with url: /catalog/product/view/id/100435 (Caused by NameResolutionError(""HTTPSConnection(host='www.glamira.bg', port=443): Failed to resolve 'www.glamira.bg' ([Errno 8] nodename nor servname provided, or not known)""))",12,https://www.glamira.bg/adore-sassy-6-mm.html?alloy=white_red-585&stone=diamond-Zirconia&itm_source=recommendation&itm_medium=sorting,,2026-06-14T07:03:24.465951+00:00
100436,https://www.glamira.fr/bague-pour-hommes-adore-sassy-6-mm.html?alloy=white-375,not_found_in_configured_stores,not_found_in_configured_stores,"HTTPSConnectionPool(host='www.glamira.vn', port=443): Max retries exceeded with url: /catalog/product/view/id/100436 (Caused by NameResolutionError(""HTTPSConnection(host='www.glamira.vn', port=443): Failed to resolve 'www.glamira.vn' ([Errno 8] nodename nor servname provided, or not known)""))",11,https://www.glamira.fr/bague-pour-hommes-adore-sassy-6-mm.html?alloy=white-375,,2026-06-14T07:03:24.471572+00:00
100437,https://www.glamira.sk/damsky-prsten-adore-sassy-6-mm.html?alloy=white_red-750,not_found_in_configured_stores,not_found_in_configured_stores,"HTTPSConnectionPool(host='www.glamira.sk', port=443): Max retries exceeded with url: /catalog/product/view/id/100437 (Caused by NameResolutionError(""HTTPSConnection(host='www.glamira.sk', port=443): Failed to resolve 'www.glamira.sk' ([Errno 8] nodename nor servname provided, or not known)""))",12,https://www.glamira.sk/damsky-prsten-adore-sassy-6-mm.html?alloy=white_red-750,,2026-06-14T07:03:24.481178+00:00
100438,https://www.glamira.com.tr/adore-sassy-8-mm.html?alloy=white_red-375&stone=diamond-Brillant&itm_source=recommendation&itm_medium=sorting,not_found_in_configured_stores,not_found_in_configured_stores,"HTTPSConnectionPool(host='www.glamira.com.tr', port=443): Max retries exceeded with url: /catalog/product/view/id/100438 (Caused by NameResolutionError(""HTTPSConnection(host='www.glamira.com.tr', port=443): Failed to resolve 'www.glamira.com.tr' ([Errno 8] nodename nor servname provided, or not known)""))",12,https://www.glamira.com.tr/adore-sassy-8-mm.html?alloy=white_red-375&stone=diamond-Brillant&itm_source=recommendation&itm_medium=sorting,,2026-06-14T07:03:24.493695+00:00
100439,https://www.glamira.com.au/men-s-ring-adore-sassy-8-mm.html?alloy=red_white-platin_585,not_found_in_configured_stores,not_found_in_configured_stores,"HTTPSConnectionPool(host='www.glamira.vn', port=443): Max retries exceeded with url: /catalog/product/view/id/100439 (Caused by NameResolutionError(""HTTPSConnection(host='www.glamira.vn', port=443): Failed to resolve 'www.glamira.vn' ([Errno 8] nodename nor servname provided, or not known)""))",11,https://www.glamira.com.au/men-s-ring-adore-sassy-8-mm.html?alloy=red_white-platin_585,,2026-06-14T07:03:24.504032+00:00
100440,https://www.glamira.com.tr/kadin-yuzuk-adore-sassy-8-mm.html?alloy=white_red-375&stone=diamond-Brillant,not_found_in_configured_stores,not_found_in_configured_stores,"HTTPSConnectionPool(host='www.glamira.com.tr', port=443): Max retries exceeded with url: /catalog/product/view/id/100440 (Caused by NameResolutionError(""HTTPSConnection(host='www.glamira.com.tr', port=443): Failed to resolve 'www.glamira.com.tr' ([Errno 8] nodename nor servname provided, or not known)""))",12,https://www.glamira.com.tr/kadin-yuzuk-adore-sassy-8-mm.html?alloy=white_red-375&stone=diamond-Brillant,,2026-06-14T07:03:24.514623+00:00
100441,https://www.glamira.cz/adore-sassy-10-mm.html?alloy=white_yellow-585&stone=diamond-Zirconia&itm_source=recommendation&itm_medium=sorting,not_found_in_configured_stores,not_found_in_configured_stores,"HTTPSConnectionPool(host='www.glamira.cz', port=443): Max retries exceeded with url: /catalog/product/view/id/100441 (Caused by NameResolutionError(""HTTPSConnection(host='www.glamira.cz', port=443): Failed to resolve 'www.glamira.cz' ([Errno 8] nodename nor servname provided, or not known)""))",12,https://www.glamira.cz/adore-sassy-10-mm.html?alloy=white_yellow-585&stone=diamond-Zirconia&itm_source=recommendation&itm_medium=sorting,,2026-06-14T07:03:24.534913+00:00
100442,https://www.glamira.ca/men-s-ring-adore-sassy-10-mm.html?alloy=yellow-750&itm_source=recommendation&itm_medium=sorting,not_found_in_configured_stores,not_found_in_configured_stores,"HTTPSConnectionPool(host='www.glamira.vn', port=443): Max retries exceeded with url: /catalog/product/view/id/100442 (Caused by NameResolutionError(""HTTPSConnection(host='www.glamira.vn', port=443): Failed to resolve 'www.glamira.vn' ([Errno 8] nodename nor servname provided, or not known)""))",11,https://www.glamira.ca/men-s-ring-adore-sassy-10-mm.html?alloy=yellow-750&itm_source=recommendation&itm_medium=sorting,,2026-06-14T07:03:24.535165+00:00
100443,https://www.glamira.es/anillo-de-mujer-adore-sassy-10-mm.html?alloy=white-750,not_found_in_configured_stores,not_found_in_configured_stores,"HTTPSConnectionPool(host='www.glamira.es', port=443): Max retries exceeded with url: /catalog/product/view/id/100443 (Caused by NameResolutionError(""HTTPSConnection(host='www.glamira.es', port=443): Failed to resolve 'www.glamira.es' ([Errno 8] nodename nor servname provided, or not known)""))",12,https://www.glamira.es/anillo-de-mujer-adore-sassy-10-mm.html?alloy=white-750,,2026-06-14T07:03:24.574823+00:00
100444,https://www.glamira.de/adore-tale-5-mm.html?alloy=white_red-750&stone=diamond-Brillant&itm_source=recommendation&itm_medium=sorting,not_found_in_configured_stores,not_found_in_configured_stores,"HTTPSConnectionPool(host='www.glamira.vn', port=443): Max retries exceeded with url: /catalog/product/view/id/100444 (Caused by NameResolutionError(""HTTPSConnection(host='www.glamira.vn', port=443): Failed to resolve 'www.glamira.vn' ([Errno 8] nodename nor servname provided, or not known)""))",11,https://www.glamira.de/adore-tale-5-mm.html?alloy=white_red-750&stone=diamond-Brillant&itm_source=recommendation&itm_medium=sorting,,2026-06-14T07:03:24.585509+00:00
100445,https://www.glamira.co.uk/men-s-ring-adore-tale-5-mm.html?alloy=white_yellow-375,not_found_in_configured_stores,not_found_in_configured_stores,"HTTPSConnectionPool(host='www.glamira.vn', port=443): Max retries exceeded with url: /catalog/product/view/id/100445 (Caused by NameResolutionError(""HTTPSConnection(host='www.glamira.vn', port=443): Failed to resolve 'www.glamira.vn' ([Errno 8] nodename nor servname provided, or not known)""))",11,https://www.glamira.co.uk/men-s-ring-adore-tale-5-mm.html?alloy=white_yellow-375,,2026-06-14T07:03:24.588004+00:00
100446,https://www.glamira.be/damesring-adore-tale-5-mm.html?stone=diamond-Brillant&alloy=white-585,not_found_in_configured_stores,not_found_in_configured_stores,"HTTPSConnectionPool(host='www.glamira.be', port=443): Max retries exceeded with url: /catalog/product/view/id/100446 (Caused by NameResolutionError(""HTTPSConnection(host='www.glamira.be', port=443): Failed to resolve 'www.glamira.be' ([Errno 8] nodename nor servname provided, or not known)""))",12,https://www.glamira.be/damesring-adore-tale-5-mm.html?stone=diamond-Brillant&alloy=white-585,,2026-06-14T07:03:24.609651+00:00
100447,https://www.glamira.com/adore-tale-6-mm.html?alloy=white-silber&stone=diamond-Zirconia&itm_source=recommendation&itm_medium=sorting,not_found_in_configured_stores,not_found_in_configured_stores,"HTTPSConnectionPool(host='www.glamira.vn', port=443): Max retries exceeded with url: /catalog/product/view/id/100447 (Caused by NameResolutionError(""HTTPSConnection(host='www.glamira.vn', port=443): Failed to resolve 'www.glamira.vn' ([Errno 8] nodename nor servname provided, or not known)""))",11,https://www.glamira.com/adore-tale-6-mm.html?alloy=white-silber&stone=diamond-Zirconia&itm_source=recommendation&itm_medium=sorting,,2026-06-14T07:03:24.615179+00:00
100448,https://www.glamira.fr/bague-pour-hommes-adore-tale-6-mm.html?alloy=white-silber&itm_source=recommendation&itm_medium=sorting,not_found_in_configured_stores,not_found_in_configured_stores,"HTTPSConnectionPool(host='www.glamira.vn', port=443): Max retries exceeded with url: /catalog/product/view/id/100448 (Caused by NameResolutionError(""HTTPSConnection(host='www.glamira.vn', port=443): Failed to resolve 'www.glamira.vn' ([Errno 8] nodename nor servname provided, or not known)""))",11,https://www.glamira.fr/bague-pour-hommes-adore-tale-6-mm.html?alloy=white-silber&itm_source=recommendation&itm_medium=sorting,,2026-06-14T07:03:24.620960+00:00
100449,https://www.glamira.com.pe/anillo-de-mujer-adore-tale-6-mm.html?alloy=yellow-750&stone=diamond-Brillant,not_found_in_configured_stores,not_found_in_configured_stores,"HTTPSConnectionPool(host='www.glamira.com.pe', port=443): Max retries exceeded with url: /catalog/product/view/id/100449 (Caused by NameResolutionError(""HTTPSConnection(host='www.glamira.com.pe', port=443): Failed to resolve 'www.glamira.com.pe' ([Errno 8] nodename nor servname provided, or not known)""))",12,https://www.glamira.com.pe/anillo-de-mujer-adore-tale-6-mm.html?alloy=yellow-750&stone=diamond-Brillant,,2026-06-14T07:03:24.640167+00:00
100450,https://www.glamira.com/adore-tale-8-mm.html?stone=diamond-Brillant&itm_source=recommendation&itm_medium=sorting&alloy=white_red-585,not_found_in_configured_stores,not_found_in_configured_stores,"HTTPSConnectionPool(host='www.glamira.vn', port=443): Max retries exceeded with url: /catalog/product/view/id/100450 (Caused by NameResolutionError(""HTTPSConnection(host='www.glamira.vn', port=443): Failed to resolve 'www.glamira.vn' ([Errno 8] nodename nor servname provided, or not known)""))",11,https://www.glamira.com/adore-tale-8-mm.html?stone=diamond-Brillant&itm_source=recommendation&itm_medium=sorting&alloy=white_red-585,,2026-06-14T07:03:24.645384+00:00
100451,https://www.glamira.it/anelli-uomo-adore-tale-8-mm.html?itm_source=recommendation&itm_medium=sorting&alloy=white-palladium,not_found_in_configured_stores,not_found_in_configured_stores,"HTTPSConnectionPool(host='www.glamira.vn', port=443): Max retries exceeded with url: /catalog/product/view/id/100451 (Caused by NameResolutionError(""HTTPSConnection(host='www.glamira.vn', port=443): Failed to resolve 'www.glamira.vn' ([Errno 8] nodename nor servname provided, or not known)""))",11,https://www.glamira.it/anelli-uomo-adore-tale-8-mm.html?itm_source=recommendation&itm_medium=sorting&alloy=white-palladium,,2026-06-14T07:03:24.646318+00:00
100452,https://www.glamira.ca/womens-ring-adore-tale-8-mm.html?alloy=white_red-750,not_found_in_configured_stores,not_found_in_configured_stores,"HTTPSConnectionPool(host='www.glamira.vn', port=443): Max retries exceeded with url: /catalog/product/view/id/100452 (Caused by NameResolutionError(""HTTPSConnection(host='www.glamira.vn', port=443): Failed to resolve 'www.glamira.vn' ([Errno 8] nodename nor servname provided, or not known)""))",11,https://www.glamira.ca/womens-ring-adore-tale-8-mm.html?alloy=white_red-750,,2026-06-14T07:03:24.668411+00:00
100453,https://www.glamira.es/adore-tale-10-mm.html?stone=diamond-Zirconia&itm_source=recommendation&itm_medium=sorting&alloy=yellow_white-750,not_found_in_configured_stores,not_found_in_configured_stores,"HTTPSConnectionPool(host='www.glamira.es', port=443): Max retries exceeded with url: /catalog/product/view/id/100453 (Caused by NameResolutionError(""HTTPSConnection(host='www.glamira.es', port=443): Failed to resolve 'www.glamira.es' ([Errno 8] nodename nor servname provided, or not known)""))",12,https://www.glamira.es/adore-tale-10-mm.html?stone=diamond-Zirconia&itm_source=recommendation&itm_medium=sorting&alloy=yellow_white-750,,2026-06-14T07:03:24.669706+00:00
100454,https://www.glamira.com.au/men-s-ring-adore-tale-10-mm.html?alloy=yellow_white-375,not_found_in_configured_stores,not_found_in_configured_stores,"HTTPSConnectionPool(host='www.glamira.vn', port=443): Max retries exceeded with url: /catalog/product/view/id/100454 (Caused by NameResolutionError(""HTTPSConnection(host='www.glamira.vn', port=443): Failed to resolve 'www.glamira.vn' ([Errno 8] nodename nor servname provided, or not known)""))",11,https://www.glamira.com.au/men-s-ring-adore-tale-10-mm.html?alloy=yellow_white-375,,2026-06-14T07:03:24.671427+00:00
100455,https://www.glamira.com.pe/anillo-de-mujer-adore-tale-10-mm.html?stone=diamond-Brillant&alloy=white_red-platin_375&gclid=Cj0KCQjwzZj2BRDVARIsABs3l9KB1oVekSUhWNU6DWcHhmFZJQkhfNeWzIyDjZS6QFB1dUl86vcFHv8aAoWYEALw_wcB,not_found_in_configured_stores,not_found_in_configured_stores,"HTTPSConnectionPool(host='www.glamira.com.pe', port=443): Max retries exceeded with url: /catalog/product/view/id/100455 (Caused by NameResolutionError(""HTTPSConnection(host='www.glamira.com.pe', port=443): Failed to resolve 'www.glamira.com.pe' ([Errno 8] nodename nor servname provided, or not known)""))",12,https://www.glamira.com.pe/anillo-de-mujer-adore-tale-10-mm.html?stone=diamond-Brillant&alloy=white_red-platin_375&gclid=Cj0KCQjwzZj2BRDVARIsABs3l9KB1oVekSUhWNU6DWcHhmFZJQkhfNeWzIyDjZS6QFB1dUl86vcFHv8aAoWYEALw_wcB,,2026-06-14T07:03:24.693568+00:00
100456,https://www.glamira.se/adore-visual-5-mm.html?stone=diamond-Zirconia&alloy=white_yellow-375,not_found_in_configured_stores,not_found_in_configured_stores,"HTTPSConnectionPool(host='www.glamira.se', port=443): Max retries exceeded with url: /catalog/product/view/id/100456 (Caused by NameResolutionError(""HTTPSConnection(host='www.glamira.se', port=443): Failed to resolve 'www.glamira.se' ([Errno 8] nodename nor servname provided, or not known)""))",12,https://www.glamira.se/adore-visual-5-mm.html?stone=diamond-Zirconia&alloy=white_yellow-375,,2026-06-14T07:03:24.693682+00:00
100457,https://www.glamira.ch/fr/bague-pour-hommes-adore-visual-5-mm.html?alloy=yellow-375,not_found_in_configured_stores,not_found_in_configured_stores,"HTTPSConnectionPool(host='www.glamira.ch', port=443): Max retries exceeded with url: /catalog/product/view/id/100457 (Caused by NameResolutionError(""HTTPSConnection(host='www.glamira.ch', port=443): Failed to resolve 'www.glamira.ch' ([Errno 8] nodename nor servname provided, or not known)""))",12,https://www.glamira.ch/fr/bague-pour-hommes-adore-visual-5-mm.html?alloy=yellow-375,,2026-06-14T07:03:24.696828+00:00
100458,https://www.glamira.it/checkout/cart/configure/id/2236750/?alloy=yellow-750,not_found_in_configured_stores,not_found_in_configured_stores,"HTTPSConnectionPool(host='www.glamira.vn', port=443): Max retries exceeded with url: /catalog/product/view/id/100458 (Caused by NameResolutionError(""HTTPSConnection(host='www.glamira.vn', port=443): Failed to resolve 'www.glamira.vn' ([Errno 8] nodename nor servname provided, or not known)""))",11,https://www.glamira.it/checkout/cart/configure/id/2236750/?alloy=yellow-750,,2026-06-14T07:03:24.723797+00:00
100459,https://www.glamira.co.uk/adore-visual-6-mm.html?alloy=yellow-585&stone=diamond-Zirconia&itm_source=recommendation&itm_medium=sorting,not_found_in_configured_stores,not_found_in_configured_stores,"HTTPSConnectionPool(host='www.glamira.vn', port=443): Max retries exceeded with url: /catalog/product/view/id/100459 (Caused by NameResolutionError(""HTTPSConnection(host='www.glamira.vn', port=443): Failed to resolve 'www.glamira.vn' ([Errno 8] nodename nor servname provided, or not known)""))",11,https://www.glamira.co.uk/adore-visual-6-mm.html?alloy=yellow-585&stone=diamond-Zirconia&itm_source=recommendation&itm_medium=sorting,,2026-06-14T07:03:24.726535+00:00
100460,https://www.glamira.de/herrenring-adore-visual-6-mm.html?alloy=white-750,not_found_in_configured_stores,not_found_in_configured_stores,"HTTPSConnectionPool(host='www.glamira.vn', port=443): Max retries exceeded with url: /catalog/product/view/id/100460 (Caused by NameResolutionError(""HTTPSConnection(host='www.glamira.vn', port=443): Failed to resolve 'www.glamira.vn' ([Errno 8] nodename nor servname provided, or not known)""))",11,https://www.glamira.de/herrenring-adore-visual-6-mm.html?alloy=white-750,,2026-06-14T07:03:24.728861+00:00
100461,https://www.glamira.de/damenring-adore-visual-6-mm.html?alloy=yellow-585&stone=diamond-Zirconia,not_found_in_configured_stores,not_found_in_configured_stores,"HTTPSConnectionPool(host='www.glamira.vn', port=443): Max retries exceeded with url: /catalog/product/view/id/100461 (Caused by NameResolutionError(""HTTPSConnection(host='www.glamira.vn', port=443): Failed to resolve 'www.glamira.vn' ([Errno 8] nodename nor servname provided, or not known)""))",11,https://www.glamira.de/damenring-adore-visual-6-mm.html?alloy=yellow-585&stone=diamond-Zirconia,,2026-06-14T07:03:24.749587+00:00
100462,https://www.glamira.de/adore-visual-8-mm.html?alloy=white-silber&stone=diamond-Zirconia&itm_source=recommendation&itm_medium=sorting,not_found_in_configured_stores,not_found_in_configured_stores,"HTTPSConnectionPool(host='www.glamira.vn', port=443): Max retries exceeded with url: /catalog/product/view/id/100462 (Caused by NameResolutionError(""HTTPSConnection(host='www.glamira.vn', port=443): Failed to resolve 'www.glamira.vn' ([Errno 8] nodename nor servname provided, or not known)""))",11,https://www.glamira.de/adore-visual-8-mm.html?alloy=white-silber&stone=diamond-Zirconia&itm_source=recommendation&itm_medium=sorting,,2026-06-14T07:03:24.749960+00:00
100463,https://www.glamira.com.au/men-s-ring-adore-visual-8-mm.html?alloy=red_white-375,not_found_in_configured_stores,not_found_in_configured_stores,"HTTPSConnectionPool(host='www.glamira.vn', port=443): Max retries exceeded with url: /catalog/product/view/id/100463 (Caused by NameResolutionError(""HTTPSConnection(host='www.glamira.vn', port=443): Failed to resolve 'www.glamira.vn' ([Errno 8] nodename nor servname provided, or not known)""))",11,https://www.glamira.com.au/men-s-ring-adore-visual-8-mm.html?alloy=red_white-375,,2026-06-14T07:03:24.751488+00:00
100464,https://www.glamira.de/damenring-adore-visual-8-mm.html?alloy=white-silber&stone=diamond-Zirconia&itm_source=recommendation&itm_medium=sorting,not_found_in_configured_stores,not_found_in_configured_stores,"HTTPSConnectionPool(host='www.glamira.vn', port=443): Max retries exceeded with url: /catalog/product/view/id/100464 (Caused by NameResolutionError(""HTTPSConnection(host='www.glamira.vn', port=443): Failed to resolve 'www.glamira.vn' ([Errno 8] nodename nor servname provided, or not known)""))",11,https://www.glamira.de/damenring-adore-visual-8-mm.html?alloy=white-silber&stone=diamond-Zirconia&itm_source=recommendation&itm_medium=sorting,,2026-06-14T07:03:24.773689+00:00
100465,https://www.glamira.de/adore-visual-10-mm.html?alloy=white_red-585&stone=diamond-Brillant&itm_source=recommendation&itm_medium=sorting,not_found_in_configured_stores,not_found_in_configured_stores,"HTTPSConnectionPool(host='www.glamira.vn', port=443): Max retries exceeded with url: /catalog/product/view/id/100465 (Caused by NameResolutionError(""HTTPSConnection(host='www.glamira.vn', port=443): Failed to resolve 'www.glamira.vn' ([Errno 8] nodename nor servname provided, or not known)""))",11,https://www.glamira.de/adore-visual-10-mm.html?alloy=white_red-585&stone=diamond-Brillant&itm_source=recommendation&itm_medium=sorting,,2026-06-14T07:03:24.776594+00:00
100466,https://www.glamira.com/men-s-ring-adore-visual-10-mm.html?alloy=white-750,not_found_in_configured_stores,not_found_in_configured_stores,"HTTPSConnectionPool(host='www.glamira.vn', port=443): Max retries exceeded with url: /catalog/product/view/id/100466 (Caused by NameResolutionError(""HTTPSConnection(host='www.glamira.vn', port=443): Failed to resolve 'www.glamira.vn' ([Errno 8] nodename nor servname provided, or not known)""))",11,https://www.glamira.com/men-s-ring-adore-visual-10-mm.html?alloy=white-750,,2026-06-14T07:03:24.779552+00:00
100467,https://www.glamira.de/damenring-adore-visual-10-mm.html?stone=diamond-Brillant&alloy=white-palladium,not_found_in_configured_stores,not_found_in_configured_stores,"HTTPSConnectionPool(host='www.glamira.vn', port=443): Max retries exceeded with url: /catalog/product/view/id/100467 (Caused by NameResolutionError(""HTTPSConnection(host='www.glamira.vn', port=443): Failed to resolve 'www.glamira.vn' ([Errno 8] nodename nor servname provided, or not known)""))",11,https://www.glamira.de/damenring-adore-visual-10-mm.html?stone=diamond-Brillant&alloy=white-palladium,,2026-06-14T07:03:24.806425+00:00
100468,https://www.glamira.es/alluring-sunday-5-mm.html?stone=diamond-Brillant&itm_source=recommendation&itm_medium=sorting&alloy=red_white-375,not_found_in_configured_stores,not_found_in_configured_stores,"HTTPSConnectionPool(host='www.glamira.es', port=443): Max retries exceeded with url: /catalog/product/view/id/100468 (Caused by NameResolutionError(""HTTPSConnection(host='www.glamira.es', port=443): Failed to resolve 'www.glamira.es' ([Errno 8] nodename nor servname provided, or not known)""))",12,https://www.glamira.es/alluring-sunday-5-mm.html?stone=diamond-Brillant&itm_source=recommendation&itm_medium=sorting&alloy=red_white-375,,2026-06-14T07:03:24.809301+00:00
100469,https://www.glamira.com.au/men-s-ring-alluring-sunday-5-mm.html?alloy=white_yellow-375,not_found_in_configured_stores,not_found_in_configured_stores,"HTTPSConnectionPool(host='www.glamira.vn', port=443): Max retries exceeded with url: /catalog/product/view/id/100469 (Caused by NameResolutionError(""HTTPSConnection(host='www.glamira.vn', port=443): Failed to resolve 'www.glamira.vn' ([Errno 8] nodename nor servname provided, or not known)""))",11,https://www.glamira.com.au/men-s-ring-alluring-sunday-5-mm.html?alloy=white_yellow-375,,2026-06-14T07:03:24.811273+00:00
100813,https://www.glamira.be/fr/glamira-kids-dot.html?alloy=yellow-375&itm_source=recommendation&itm_medium=detail,not_found_in_configured_stores,not_found_in_configured_stores,,12,https://www.glamira.be/fr/glamira-kids-dot.html?alloy=yellow-375&itm_source=recommendation&itm_medium=detail,,2026-06-14T07:04:58.622473+00:00
101027,https://www.glamira.co.uk/glamira-bracelet-hasselt.html?alloy=white-585,not_found_in_configured_stores,not_found_in_configured_stores,,11,https://www.glamira.co.uk/glamira-bracelet-hasselt.html?alloy=white-585,,2026-06-14T07:05:52.203211+00:00
101032,https://www.glamira.ee/glamira-bracelet-katja.html?fbclid=IwAR0bitlZJ2l2D3TYBLi9qg5VM_S5W4gN4GDETus8V_3cMn4QYECHvqu4zSI,not_found_in_configured_stores,not_found_in_configured_stores,,12,https://www.glamira.ee/glamira-bracelet-katja.html?fbclid=IwAR0bitlZJ2l2D3TYBLi9qg5VM_S5W4gN4GDETus8V_3cMn4QYECHvqu4zSI,,2026-06-14T07:05:53.421557+00:00
101310,https://www.glamira.si/glamira-verizica-za-glezenj-doralis.html?fbclid=IwAR1EquqiepBtOjUTNufQrlO3-WRYrhFfXEunFhJXvLmwkD7jA-17zTn01ck,not_found_in_configured_stores,not_found_in_configured_stores,,12,https://www.glamira.si/glamira-verizica-za-glezenj-doralis.html?fbclid=IwAR1EquqiepBtOjUTNufQrlO3-WRYrhFfXEunFhJXvLmwkD7jA-17zTn01ck,,2026-06-14T07:06:53.975042+00:00
101320,https://www.glamira.com.co/glamira-ring-arlander.html?alloy=red-375&diamond=emerald,not_found_in_configured_stores,not_found_in_configured_stores,,12,https://www.glamira.com.co/glamira-ring-arlander.html?alloy=red-375&diamond=emerald,,2026-06-14T07:06:57.884800+00:00
101377,https://www.glamira.com/glamira-knuckle-ring-aigle.html?alloy=white-585&diamond=diamond-sapphire,not_found_in_configured_stores,not_found_in_configured_stores,,11,https://www.glamira.com/glamira-knuckle-ring-aigle.html?alloy=white-585&diamond=diamond-sapphire,,2026-06-14T07:07:12.572251+00:00
101406,https://www.glamira.co.uk/glamira-knuckle-ring-elenitsa.html?diamond=diamond-Brillant&alloy=white-silber,not_found_in_configured_stores,not_found_in_configured_stores,,11,https://www.glamira.co.uk/glamira-knuckle-ring-elenitsa.html?diamond=diamond-Brillant&alloy=white-silber,,2026-06-14T07:07:20.906576+00:00
101412,https://www.glamira.it/glamira-knuckle-ring-jocasta.html?alloy=yellow-375&diamond=topaz-Blue,not_found_in_configured_stores,not_found_in_configured_stores,,11,https://www.glamira.it/glamira-knuckle-ring-jocasta.html?alloy=yellow-375&diamond=topaz-Blue,,2026-06-14T07:07:21.615779+00:00
101434,https://www.glamira.de/glamira-knuckle-ring-airlia.html?alloy=yellow-750&itm_source=recommendation&itm_medium=detail,not_found_in_configured_stores,not_found_in_configured_stores,,11,https://www.glamira.de/glamira-knuckle-ring-airlia.html?alloy=yellow-750&itm_source=recommendation&itm_medium=detail,,2026-06-14T07:07:29.314180+00:00
101451,https://www.glamira.ca/glamira-knuckle-ring-behira.html?alloy=white-585,not_found_in_configured_stores,not_found_in_configured_stores,,11,https://www.glamira.ca/glamira-knuckle-ring-behira.html?alloy=white-585,,2026-06-14T07:07:31.025244+00:00
101460,https://www.glamira.fr/glamira-knuckle-ring-eudokia.html?alloy=white-silber,not_found_in_configured_stores,not_found_in_configured_stores,,11,https://www.glamira.fr/glamira-knuckle-ring-eudokia.html?alloy=white-silber,,2026-06-14T07:07:35.560495+00:00
101479,https://www.glamira.cl/glamira-knuckle-ring-slanie.html?alloy=white-585,not_found_in_configured_stores,not_found_in_configured_stores,,12,https://www.glamira.cl/glamira-knuckle-ring-slanie.html?alloy=white-585,,2026-06-14T07:07:39.621331+00:00
101579,https://www.glamira.es/glamira-kids-esmir.html?fbclid=IwAR1XrV_wHx5Tsv81avilHJzRuFgORo9XTNwocD1yF7JFODe3rx-l6vkQIvo,not_found_in_configured_stores,not_found_in_configured_stores,,12,https://www.glamira.es/glamira-kids-esmir.html?fbclid=IwAR1XrV_wHx5Tsv81avilHJzRuFgORo9XTNwocD1yF7JFODe3rx-l6vkQIvo,,2026-06-14T07:08:05.472682+00:00
101607,https://www.glamira.pt/glamira-kids-celimar.html?fbclid=IwAR36X1g7tkcdXlTJZ6hhw4RAXNrgMdowknnLWe9q8JxVrBScIscJF4cUAZs,not_found_in_configured_stores,not_found_in_configured_stores,,12,https://www.glamira.pt/glamira-kids-celimar.html?fbclid=IwAR36X1g7tkcdXlTJZ6hhw4RAXNrgMdowknnLWe9q8JxVrBScIscJF4cUAZs,,2026-06-14T07:08:12.587527+00:00
101610,https://www.glamira.si/glamira-kids-caradoc.html?fbclid=IwAR2iscddzyplmv-2GZNH47IU9Mxbldf3q7HEHgluJ9fA_Ojzb9Tre4MUF58,not_found_in_configured_stores,not_found_in_configured_stores,,12,https://www.glamira.si/glamira-kids-caradoc.html?fbclid=IwAR2iscddzyplmv-2GZNH47IU9Mxbldf3q7HEHgluJ9fA_Ojzb9Tre4MUF58,,2026-06-14T07:08:12.816391+00:00
101622,https://www.glamira.bg/glamira-kids-banacoc.html?fbclid=IwAR2y9O248jUNj-HYxms0AZ4ffxQoG_SZ_el1bl-jpOG46mh1p8eBYFYcNPw,not_found_in_configured_stores,not_found_in_configured_stores,,12,https://www.glamira.bg/glamira-kids-banacoc.html?fbclid=IwAR2y9O248jUNj-HYxms0AZ4ffxQoG_SZ_el1bl-jpOG46mh1p8eBYFYcNPw,,2026-06-14T07:08:16.242152+00:00
101905,https://www.glamira.de/glamira-ring-monasia.html?alloy=white_red-585,not_found_in_configured_stores,not_found_in_configured_stores,,11,https://www.glamira.de/glamira-ring-monasia.html?alloy=white_red-585,,2026-06-14T07:09:35.178239+00:00
101918,https://www.glamira.hu/glamira-gyuru-adilene.html?stone2=diamond-Brillant&diamond=diamond-Brillant&alloy=white_red-375,not_found_in_configured_stores,not_found_in_configured_stores,,12,https://www.glamira.hu/glamira-gyuru-adilene.html?stone2=diamond-Brillant&diamond=diamond-Brillant&alloy=white_red-375,,2026-06-14T07:09:38.190309+00:00
101971,https://www.glamira.in/glamira-ring-linuka.html?fbclid=IwAR192KiGor8JiSNqIRtY5w1hO1XFejAhF5MgLwWlY7vqQhuTsEBAAK3-GF4,not_found_in_configured_stores,not_found_in_configured_stores,,12,https://www.glamira.in/glamira-ring-linuka.html?fbclid=IwAR192KiGor8JiSNqIRtY5w1hO1XFejAhF5MgLwWlY7vqQhuTsEBAAK3-GF4,,2026-06-14T07:09:50.139539+00:00
102127,https://www.ring-paare.de/eternal-elegance.html,not_found_in_configured_stores,not_found_in_configured_stores,,12,https://www.ring-paare.de/eternal-elegance.html,,2026-06-14T07:10:23.775622+00:00
102136,https://www.glamira.de/infinity-dream.html?gclid=EAIaIQobChMIgvWowc3O5wIVBeK7CB0ghwHjEAEYASABEgLVS_D_BwE,not_found_in_configured_stores,not_found_in_configured_stores,,11,https://www.glamira.de/infinity-dream.html?gclid=EAIaIQobChMIgvWowc3O5wIVBeK7CB0ghwHjEAEYASABEgLVS_D_BwE,,2026-06-14T07:10:25.357175+00:00
102137,https://www.glamira.de/damenring-infinity-dream.html?stone=diamond-Zirconia&itm_source=recommendation&itm_medium=smartsearch,not_found_in_configured_stores,not_found_in_configured_stores,,11,https://www.glamira.de/damenring-infinity-dream.html?stone=diamond-Zirconia&itm_source=recommendation&itm_medium=smartsearch,,2026-06-14T07:10:25.806841+00:00
102138,https://www.glamira.es/anillo-de-hombre-infinity-dream.html?itm_source=recommendation&itm_medium=smartsearch&fbclid=IwAR3mOMqxDNNC7V3ZBJHFvV9b4Fvbgi6YxVnxL8JLcSTZjoyKmJoJm6eNPqo,not_found_in_configured_stores,not_found_in_configured_stores,,12,https://www.glamira.es/anillo-de-hombre-infinity-dream.html?itm_source=recommendation&itm_medium=smartsearch&fbclid=IwAR3mOMqxDNNC7V3ZBJHFvV9b4Fvbgi6YxVnxL8JLcSTZjoyKmJoJm6eNPqo,,2026-06-14T07:10:25.808676+00:00
102142,https://www.ring-paare.de/silver-&-diamonds-love.html,not_found_in_configured_stores,not_found_in_configured_stores,,12,https://www.ring-paare.de/silver-&-diamonds-love.html,,2026-06-14T07:10:26.981939+00:00
102144,https://www.glamira.cl/anillo-de-hombre-silver-&-diamonds-love.html?gclid=EAIaIQobChMIr_PH29C76QIVEYSRCh2R3AHNEAQYASABEgIRNPD_BwE,not_found_in_configured_stores,not_found_in_configured_stores,,12,https://www.glamira.cl/anillo-de-hombre-silver-&-diamonds-love.html?gclid=EAIaIQobChMIr_PH29C76QIVEYSRCh2R3AHNEAQYASABEgIRNPD_BwE,,2026-06-14T07:10:27.060070+00:00
102154,https://www.ring-paare.de/silver-inspiration-strong.html,not_found_in_configured_stores,not_found_in_configured_stores,,12,https://www.ring-paare.de/silver-inspiration-strong.html,,2026-06-14T07:10:30.024009+00:00
102158,https://www.glamira.com.sv/anillo-de-mujer-infinity-beauty.html,not_found_in_configured_stores,not_found_in_configured_stores,,12,https://www.glamira.com.sv/anillo-de-mujer-infinity-beauty.html,,2026-06-14T07:10:30.124635+00:00
102160,https://www.glamira.co.uk/magnetic-light.html?fbclid=IwAR0q-dqM61i7gknlKQS7X7rnG0nuuCZzuB7_GqyBXT7Rgj_i4wAlW1k6Y1s,not_found_in_configured_stores,not_found_in_configured_stores,,11,https://www.glamira.co.uk/magnetic-light.html?fbclid=IwAR0q-dqM61i7gknlKQS7X7rnG0nuuCZzuB7_GqyBXT7Rgj_i4wAlW1k6Y1s,,2026-06-14T07:10:30.125617+00:00
102161,https://www.glamira.co.uk/womens-ring-magnetic-light.html?fbclid=IwAR2hvGyBwmPLGIwp4nCPeyV5L1wFwh6dFlcch9XCUUSC4HakH2eEDg2uIMo,not_found_in_configured_stores,not_found_in_configured_stores,,11,https://www.glamira.co.uk/womens-ring-magnetic-light.html?fbclid=IwAR2hvGyBwmPLGIwp4nCPeyV5L1wFwh6dFlcch9XCUUSC4HakH2eEDg2uIMo,,2026-06-14T07:10:30.145140+00:00
102162,https://www.glamira.pt/anel-masculinos-magnetic-light.html?fbclid=IwAR19Iyo2Q86X375IFnBKmuqpUz-ilap4SpWfffS3EiHU0S-uMDP0qO2VCZo,not_found_in_configured_stores,not_found_in_configured_stores,,12,https://www.glamira.pt/anel-masculinos-magnetic-light.html?fbclid=IwAR19Iyo2Q86X375IFnBKmuqpUz-ilap4SpWfffS3EiHU0S-uMDP0qO2VCZo,,2026-06-14T07:10:30.643025+00:00
102172,https://www.glamira.com.co/infinity-angel.html,not_found_in_configured_stores,not_found_in_configured_stores,,12,https://www.glamira.com.co/infinity-angel.html,,2026-06-14T07:10:31.538781+00:00
102173,https://www.glamira.bg/damenring-infinity-angel.html?stone=diamond-Zirconia&itm_source=recommendation&itm_medium=smartsearch&fbclid=IwAR0LLAZXqlwps0apMNV9ioKDryfRRQfoskjo_gYgDAbjUGwtZ8gUbcXkmNc,not_found_in_configured_stores,not_found_in_configured_stores,,12,https://www.glamira.bg/damenring-infinity-angel.html?stone=diamond-Zirconia&itm_source=recommendation&itm_medium=smartsearch&fbclid=IwAR0LLAZXqlwps0apMNV9ioKDryfRRQfoskjo_gYgDAbjUGwtZ8gUbcXkmNc,,2026-06-14T07:10:31.621576+00:00
102174,https://www.glamira.com.co/anillo-de-hombre-infinity-angel.html,not_found_in_configured_stores,not_found_in_configured_stores,,12,https://www.glamira.com.co/anillo-de-hombre-infinity-angel.html,,2026-06-14T07:10:32.028438+00:00
102177,https://www.glamira.cl/anillo-de-hombre-silver-&-diamonds-flame.html?gclid=CjwKCAjwtqj2BRBYEiwAqfzur9tHKf3gwkmDq1xdpH0oYc6LbJcqcZqmXRewV3eQKrfjoSsUkcyh-BoCRkoQAvD_BwE,not_found_in_configured_stores,not_found_in_configured_stores,,12,https://www.glamira.cl/anillo-de-hombre-silver-&-diamonds-flame.html?gclid=CjwKCAjwtqj2BRBYEiwAqfzur9tHKf3gwkmDq1xdpH0oYc6LbJcqcZqmXRewV3eQKrfjoSsUkcyh-BoCRkoQAvD_BwE,,2026-06-14T07:10:32.159539+00:00
102178,https://www.ring-paare.de/silver-&-diamonds-touch.html,not_found_in_configured_stores,not_found_in_configured_stores,,12,https://www.ring-paare.de/silver-&-diamonds-touch.html,,2026-06-14T07:10:32.181696+00:00
102179,https://www.glamira.cl/anillo-de-mujer-silver-&-diamonds-touch.html?gclid=EAIaIQobChMIwpSHx4Ob6QIVwgqRCh2nxQfYEAQYBSABEgIJcPD_BwE,not_found_in_configured_stores,not_found_in_configured_stores,,12,https://www.glamira.cl/anillo-de-mujer-silver-&-diamonds-touch.html?gclid=EAIaIQobChMIwpSHx4Ob6QIVwgqRCh2nxQfYEAQYBSABEgIJcPD_BwE,,2026-06-14T07:10:32.470003+00:00
102184,https://www.ring-paare.de/silver-&-design-glaze.html,not_found_in_configured_stores,not_found_in_configured_stores,,12,https://www.ring-paare.de/silver-&-design-glaze.html,,2026-06-14T07:10:32.769705+00:00
102185,https://www.glamira.cl/anillo-de-mujer-silver-&-design-glaze.html?gclid=Cj0KCQjwka_1BRCPARIsAMlUmEqQIs9n-q3d_hdP0zoeI8iTKEeS3jH4pDcz0Tktb5H0pTCyMKCbLukaAuZVEALw_wcB,not_found_in_configured_stores,not_found_in_configured_stores,,12,https://www.glamira.cl/anillo-de-mujer-silver-&-design-glaze.html?gclid=Cj0KCQjwka_1BRCPARIsAMlUmEqQIs9n-q3d_hdP0zoeI8iTKEeS3jH4pDcz0Tktb5H0pTCyMKCbLukaAuZVEALw_wcB,,2026-06-14T07:10:32.776469+00:00
102189,https://www.glamira.cl/anillo-de-hombre-silver-&-design-harmonious.html,not_found_in_configured_stores,not_found_in_configured_stores,,12,https://www.glamira.cl/anillo-de-hombre-silver-&-design-harmonious.html,,2026-06-14T07:10:32.795707+00:00
102192,https://www.glamira.cl/anillo-de-hombre-silver-&-diamonds-cross.html?gclid=CjwKCAjwwYP2BRBGEiwAkoBpApuml-LvFZE7MMEo5qzhWGUSVpkItGbcWzG2V8kh8JzVCt73t_DqDBoCACEQAvD_BwE,not_found_in_configured_stores,not_found_in_configured_stores,,12,https://www.glamira.cl/anillo-de-hombre-silver-&-diamonds-cross.html?gclid=CjwKCAjwwYP2BRBGEiwAkoBpApuml-LvFZE7MMEo5qzhWGUSVpkItGbcWzG2V8kh8JzVCt73t_DqDBoCACEQAvD_BwE,,2026-06-14T07:10:34.209293+00:00
102196,https://www.glamira.cl/magnetic-duo.html?gclid=CjwKCAjwguzzBRBiEiwAgU0FT2FZNaMpS3NkdkNtbd0Gqbtq2W1HJuhXtrV_LOvZHHsaXzYEV8A_HRoCmY4QAvD_BwE,not_found_in_configured_stores,not_found_in_configured_stores,,12,https://www.glamira.cl/magnetic-duo.html?gclid=CjwKCAjwguzzBRBiEiwAgU0FT2FZNaMpS3NkdkNtbd0Gqbtq2W1HJuhXtrV_LOvZHHsaXzYEV8A_HRoCmY4QAvD_BwE,,2026-06-14T07:10:35.361368+00:00
102197,https://www.glamira.co.uk/womens-ring-magnetic-duo.html?fbclid=IwAR16KgeIDqJ3p3Cim8tRxUxBHu6LPfzSnaM5kp4hJyZ1wEggA8yp66DoyXA,not_found_in_configured_stores,not_found_in_configured_stores,,11,https://www.glamira.co.uk/womens-ring-magnetic-duo.html?fbclid=IwAR16KgeIDqJ3p3Cim8tRxUxBHu6LPfzSnaM5kp4hJyZ1wEggA8yp66DoyXA,,2026-06-14T07:10:35.362813+00:00
102198,https://www.glamira.ie/men-s-ring-magnetic-duo.html?keyword=&matchtype=&gclid=EAIaIQobChMIz9r_ltHm6QIVh7PtCh033AXlEAQYHyABEgLHNvD_BwE,not_found_in_configured_stores,not_found_in_configured_stores,,11,https://www.glamira.ie/men-s-ring-magnetic-duo.html?keyword=&matchtype=&gclid=EAIaIQobChMIz9r_ltHm6QIVh7PtCh033AXlEAQYHyABEgLHNvD_BwE,,2026-06-14T07:10:35.552191+00:00
102199,https://www.glamira.dk/silver-slight.html?fbclid=IwAR3NyGKJ4w_A0QSFm-NcYuOt0zJoue4WdakFa5vGUFFW-maz0qVuQ7UERLU,not_found_in_configured_stores,not_found_in_configured_stores,,12,https://www.glamira.dk/silver-slight.html?fbclid=IwAR3NyGKJ4w_A0QSFm-NcYuOt0zJoue4WdakFa5vGUFFW-maz0qVuQ7UERLU,,2026-06-14T07:10:36.107948+00:00
102200,https://www.glamira.ie/womens-ring-silver-slight.html?keyword=&matchtype=&gclid=EAIaIQobChMIlIvnjvbl6QIVC-ztCh2SVQ-TEAQYBCABEgKl2_D_BwE,not_found_in_configured_stores,not_found_in_configured_stores,,11,https://www.glamira.ie/womens-ring-silver-slight.html?keyword=&matchtype=&gclid=EAIaIQobChMIlIvnjvbl6QIVC-ztCh2SVQ-TEAQYBCABEgKl2_D_BwE,,2026-06-14T07:10:36.444370+00:00
102201,https://www.glamira.ie/men-s-ring-silver-slight.html?keyword&matchtype&fbclid=IwAR2aWtFUS3D7IkGkzFg72SOhi4zD6WWwUPItsdIT8GN5UK5BTpBTtUy5AUU,not_found_in_configured_stores,not_found_in_configured_stores,,11,https://www.glamira.ie/men-s-ring-silver-slight.html?keyword&matchtype&fbclid=IwAR2aWtFUS3D7IkGkzFg72SOhi4zD6WWwUPItsdIT8GN5UK5BTpBTtUy5AUU,,2026-06-14T07:10:36.656755+00:00
102208,https://www.glamira.co.uk/magnetic-moment.html?fbclid=IwAR3VVszDh5oDdtwdnWJw1eFKN_D0HAlWKT4D67XWJo5DXmXcWTxEnYDaUnw,not_found_in_configured_stores,not_found_in_configured_stores,,11,https://www.glamira.co.uk/magnetic-moment.html?fbclid=IwAR3VVszDh5oDdtwdnWJw1eFKN_D0HAlWKT4D67XWJo5DXmXcWTxEnYDaUnw,,2026-06-14T07:10:41.770430+00:00
102209,https://www.glamira.at/damenring-magnetic-moment.html?stone=diamond-Zirconia&itm_source=recommendation&itm_medium=smartsearch&fbclid=IwAR0uUi_tJ1YMLKY7iV7tQAdz5JoWMPLeT_iIY8tHDhbFSqUoERNbeiz8U7U,not_found_in_configured_stores,not_found_in_configured_stores,,12,https://www.glamira.at/damenring-magnetic-moment.html?stone=diamond-Zirconia&itm_source=recommendation&itm_medium=smartsearch&fbclid=IwAR0uUi_tJ1YMLKY7iV7tQAdz5JoWMPLeT_iIY8tHDhbFSqUoERNbeiz8U7U,,2026-06-14T07:10:41.782226+00:00
102210,https://www.glamira.de/herrenring-magnetic-moment.html?itm_source=recommendation&itm_medium=smartsearch,not_found_in_configured_stores,not_found_in_configured_stores,,11,https://www.glamira.de/herrenring-magnetic-moment.html?itm_source=recommendation&itm_medium=smartsearch,,2026-06-14T07:10:42.021019+00:00
102221,https://www.glamira.cl/anillo-de-mujer-silver-&-design-crafty.html?gclid=EAIaIQobChMIi4vQmsKt6QIVFA2RCh1b5AFMEAkYByABEgL09fD_BwE,not_found_in_configured_stores,not_found_in_configured_stores,,12,https://www.glamira.cl/anillo-de-mujer-silver-&-design-crafty.html?gclid=EAIaIQobChMIi4vQmsKt6QIVFA2RCh1b5AFMEAkYByABEgL09fD_BwE,,2026-06-14T07:10:43.589539+00:00
102222,https://www.glamira.cl/anillo-de-hombre-silver-&-design-crafty.html,not_found_in_configured_stores,not_found_in_configured_stores,,12,https://www.glamira.cl/anillo-de-hombre-silver-&-design-crafty.html,,2026-06-14T07:10:43.612774+00:00
102226,https://www.glamira.be/magnetic-desire.html?fbclid=IwAR2hR1rCA4efPJM09-CGtE7rnbTfnGRdyNeqAxzhblFPu2vrYgUCPV4Lnb8,not_found_in_configured_stores,not_found_in_configured_stores,,12,https://www.glamira.be/magnetic-desire.html?fbclid=IwAR2hR1rCA4efPJM09-CGtE7rnbTfnGRdyNeqAxzhblFPu2vrYgUCPV4Lnb8,,2026-06-14T07:10:44.461467+00:00
102227,https://www.glamira.co.uk/womens-ring-magnetic-desire.html?fbclid=IwAR29hWub5MiqwhRH55C5lwnwMI3r5xR9S3peAjTDjla8I5_yDiU6ms6Y0fQ,not_found_in_configured_stores,not_found_in_configured_stores,,11,https://www.glamira.co.uk/womens-ring-magnetic-desire.html?fbclid=IwAR29hWub5MiqwhRH55C5lwnwMI3r5xR9S3peAjTDjla8I5_yDiU6ms6Y0fQ,,2026-06-14T07:10:44.464482+00:00
102228,https://www.glamira.cl/anillo-de-hombre-magnetic-desire.html?gclid=CjwKCAjw7-P1BRA2EiwAXoPWAy45YtAsDOgWrq0uHBw3IexO16HY6BUXxFPUuvhQZaz_VdLPZoiKJhoC-OYQAvD_BwE,not_found_in_configured_stores,not_found_in_configured_stores,,12,https://www.glamira.cl/anillo-de-hombre-magnetic-desire.html?gclid=CjwKCAjw7-P1BRA2EiwAXoPWAy45YtAsDOgWrq0uHBw3IexO16HY6BUXxFPUuvhQZaz_VdLPZoiKJhoC-OYQAvD_BwE,,2026-06-14T07:10:44.466981+00:00
102230,https://www.glamira.com.ph/womens-ring-silver-&-diamonds-passion.html?stone=diamond-Zirconia,not_found_in_configured_stores,not_found_in_configured_stores,,12,https://www.glamira.com.ph/womens-ring-silver-&-diamonds-passion.html?stone=diamond-Zirconia,,2026-06-14T07:10:44.543492+00:00
102231,https://www.glamira.com.ph/men-s-ring-silver-&-diamonds-passion.html?stone=diamond-Zirconia,not_found_in_configured_stores,not_found_in_configured_stores,,12,https://www.glamira.com.ph/men-s-ring-silver-&-diamonds-passion.html?stone=diamond-Zirconia,,2026-06-14T07:10:44.581224+00:00
102233,https://www.glamira.com.ph/womens-ring-silver-&-design-delicate.html?stone=diamond-Zirconia&itm_source=recommendation&itm_medium=viewall,not_found_in_configured_stores,not_found_in_configured_stores,,12,https://www.glamira.com.ph/womens-ring-silver-&-design-delicate.html?stone=diamond-Zirconia&itm_source=recommendation&itm_medium=viewall,,2026-06-14T07:10:44.599339+00:00
102236,https://www.glamira.cl/anillo-de-mujer-silver-&-design-light.html?gclid=CjwKCAjwqdn1BRBREiwAEbZcRwKWPcFNC23Lmn2AbXgUN-dS7SQQTwbRDS-TgyqXF8wyLldzz1EZ9BoCb9AQAvD_BwE,not_found_in_configured_stores,not_found_in_configured_stores,,12,https://www.glamira.cl/anillo-de-mujer-silver-&-design-light.html?gclid=CjwKCAjwqdn1BRBREiwAEbZcRwKWPcFNC23Lmn2AbXgUN-dS7SQQTwbRDS-TgyqXF8wyLldzz1EZ9BoCb9AQAvD_BwE,,2026-06-14T07:10:45.576993+00:00
102317,https://www.glamira.cl/anillo-de-hombre-fresh-duo.html?gclid=EAIaIQobChMIm_G6utPh6QIVUweRCh12nAA2EAQYBiABEgJNMPD_BwE,not_found_in_configured_stores,not_found_in_configured_stores,,12,https://www.glamira.cl/anillo-de-hombre-fresh-duo.html?gclid=EAIaIQobChMIm_G6utPh6QIVUweRCh12nAA2EAQYBiABEgJNMPD_BwE,,2026-06-14T07:10:55.883947+00:00
102339,https://www.glamira.cl/anillo-de-mujer-fresh-duo.html?stone=diamond-Zirconia&itm_source=recommendation&itm_medium=detail,not_found_in_configured_stores,not_found_in_configured_stores,,12,https://www.glamira.cl/anillo-de-mujer-fresh-duo.html?stone=diamond-Zirconia&itm_source=recommendation&itm_medium=detail,,2026-06-14T07:10:55.935457+00:00
102436,https://www.glamira.es/glamira-bracelet-aurel.html?alloy=white-750&diamond=diamond-sapphire&gclid=CjwKCAiAob3vBRAUEiwAIbs5TiGSyuWgo9i9eI7AusY2pW1ADGYQwRr-pUprKSEI5UAq4hY83ZnwfBoCKRwQAvD_BwE,not_found_in_configured_stores,not_found_in_configured_stores,,12,https://www.glamira.es/glamira-bracelet-aurel.html?alloy=white-750&diamond=diamond-sapphire&gclid=CjwKCAiAob3vBRAUEiwAIbs5TiGSyuWgo9i9eI7AusY2pW1ADGYQwRr-pUprKSEI5UAq4hY83ZnwfBoCKRwQAvD_BwE,,2026-06-14T07:10:57.295589+00:00
102535,https://www.glamira.ro/chain-curb-40-micron.html?alloy=yellow-585,not_found_in_configured_stores,not_found_in_configured_stores,,12,https://www.glamira.ro/chain-curb-40-micron.html?alloy=yellow-585,,2026-06-14T07:11:24.147856+00:00
102536,https://www.glamira.de/chain-curb-50-micron.html?alloy=yellow-585&itm_source=recommendation&itm_medium=smartsearch,not_found_in_configured_stores,not_found_in_configured_stores,,11,https://www.glamira.de/chain-curb-50-micron.html?alloy=yellow-585&itm_source=recommendation&itm_medium=smartsearch,,2026-06-14T07:11:24.235689+00:00
102537,https://www.glamira.ro/chain-curb-60-micron.html?alloy=yellow-585,not_found_in_configured_stores,not_found_in_configured_stores,,12,https://www.glamira.ro/chain-curb-60-micron.html?alloy=yellow-585,,2026-06-14T07:11:24.866105+00:00
102538,https://www.glamira.ro/chain-curb-80-micron.html?alloy=yellow-585,not_found_in_configured_stores,not_found_in_configured_stores,,12,https://www.glamira.ro/chain-curb-80-micron.html?alloy=yellow-585,,2026-06-14T07:11:24.931325+00:00
102539,https://www.glamira.ro/chain-curb-with-bar-50-micron.html?alloy=yellow-585,not_found_in_configured_stores,not_found_in_configured_stores,,12,https://www.glamira.ro/chain-curb-with-bar-50-micron.html?alloy=yellow-585,,2026-06-14T07:11:25.121273+00:00
102540,https://www.glamira.de/chain-curb-with-bar-60-micron.html?alloy=yellow-585,not_found_in_configured_stores,not_found_in_configured_stores,,11,https://www.glamira.de/chain-curb-with-bar-60-micron.html?alloy=yellow-585,,2026-06-14T07:11:25.654505+00:00
102541,https://www.glamira.es/chain-curb-with-bar-70-micron.html?alloy=yellow-585,not_found_in_configured_stores,not_found_in_configured_stores,,12,https://www.glamira.es/chain-curb-with-bar-70-micron.html?alloy=yellow-585,,2026-06-14T07:11:25.772988+00:00
102542,https://www.glamira.ro/chain-diamond-cut-spike-40-micron.html?alloy=yellow-585,not_found_in_configured_stores,not_found_in_configured_stores,,12,https://www.glamira.ro/chain-diamond-cut-spike-40-micron.html?alloy=yellow-585,,2026-06-14T07:11:25.893045+00:00
102543,https://www.glamira.ro/chain-diamond-cut-spike-50-micron.html?alloy=yellow-585,not_found_in_configured_stores,not_found_in_configured_stores,,12,https://www.glamira.ro/chain-diamond-cut-spike-50-micron.html?alloy=yellow-585,,2026-06-14T07:11:25.941082+00:00
102544,https://www.glamira.ro/chain-diamond-cut-spike-60-micron.html?alloy=yellow-585,not_found_in_configured_stores,not_found_in_configured_stores,,12,https://www.glamira.ro/chain-diamond-cut-spike-60-micron.html?alloy=yellow-585,,2026-06-14T07:11:26.352863+00:00
102545,https://www.glamira.ro/chain-diamond-cut-spike-80-micron.html?alloy=yellow-585,not_found_in_configured_stores,not_found_in_configured_stores,,12,https://www.glamira.ro/chain-diamond-cut-spike-80-micron.html?alloy=yellow-585,,2026-06-14T07:11:26.366519+00:00
102546,https://www.glamira.ro/chain-figaro-40-micron.html?alloy=yellow-585,not_found_in_configured_stores,not_found_in_configured_stores,,12,https://www.glamira.ro/chain-figaro-40-micron.html?alloy=yellow-585,,2026-06-14T07:11:26.459103+00:00
102547,https://www.glamira.ro/chain-figaro-50-micron.html?alloy=yellow-585,not_found_in_configured_stores,not_found_in_configured_stores,,12,https://www.glamira.ro/chain-figaro-50-micron.html?alloy=yellow-585,,2026-06-14T07:11:26.720542+00:00
102548,https://www.glamira.ro/chain-figaro-60-micron.html?alloy=yellow-585,not_found_in_configured_stores,not_found_in_configured_stores,,12,https://www.glamira.ro/chain-figaro-60-micron.html?alloy=yellow-585,,2026-06-14T07:11:26.868656+00:00
102549,https://www.glamira.de/chain-figaro-80-micron.html?alloy=yellow-585,not_found_in_configured_stores,not_found_in_configured_stores,,11,https://www.glamira.de/chain-figaro-80-micron.html?alloy=yellow-585,,2026-06-14T07:11:26.903988+00:00
102550,https://www.glamira.ro/chain-flat-curb-with-knot-80-micron.html?alloy=yellow-585,not_found_in_configured_stores,not_found_in_configured_stores,,12,https://www.glamira.ro/chain-flat-curb-with-knot-80-micron.html?alloy=yellow-585,,2026-06-14T07:11:26.950542+00:00
102551,https://www.glamira.ro/chain-square-rolo-forse-50-micron.html?alloy=yellow-585,not_found_in_configured_stores,not_found_in_configured_stores,,12,https://www.glamira.ro/chain-square-rolo-forse-50-micron.html?alloy=yellow-585,,2026-06-14T07:11:27.246163+00:00
102552,https://www.glamira.ca/chain-square-rolo-forse-60-micron.html?alloy=yellow-585&itm_source=recommendation&itm_medium=smartsearch,not_found_in_configured_stores,not_found_in_configured_stores,,11,https://www.glamira.ca/chain-square-rolo-forse-60-micron.html?alloy=yellow-585&itm_source=recommendation&itm_medium=smartsearch,,2026-06-14T07:11:27.399960+00:00
102553,https://www.glamira.ro/chain-twist-30-micron.html?alloy=yellow-585,not_found_in_configured_stores,not_found_in_configured_stores,,12,https://www.glamira.ro/chain-twist-30-micron.html?alloy=yellow-585,,2026-06-14T07:11:27.457151+00:00
102554,https://www.glamira.de/chain-twist-40-micron.html?alloy=yellow-585,not_found_in_configured_stores,not_found_in_configured_stores,,11,https://www.glamira.de/chain-twist-40-micron.html?alloy=yellow-585,,2026-06-14T07:11:27.508179+00:00
102555,https://www.glamira.ro/chain-twist-60-micron.html?alloy=yellow-585,not_found_in_configured_stores,not_found_in_configured_stores,,12,https://www.glamira.ro/chain-twist-60-micron.html?alloy=yellow-585,,2026-06-14T07:11:27.547513+00:00
102573,https://www.glamira.md/glamira-ring-lavernia.html,not_found_in_configured_stores,not_found_in_configured_stores,,12,https://www.glamira.md/glamira-ring-lavernia.html,,2026-06-14T07:11:34.330294+00:00
102574,https://www.glamira.cl/glamira-anillo-latrevia.html,not_found_in_configured_stores,not_found_in_configured_stores,,12,https://www.glamira.cl/glamira-anillo-latrevia.html,,2026-06-14T07:11:34.744619+00:00
102577,https://www.glamira.ca/fr/glamira-bagues-lavilla.html,not_found_in_configured_stores,not_found_in_configured_stores,,11,https://www.glamira.ca/fr/glamira-bagues-lavilla.html,,2026-06-14T07:11:35.446911+00:00
102578,https://www.glamira.co.uk/glamira-ring-agrieta.html,not_found_in_configured_stores,not_found_in_configured_stores,,11,https://www.glamira.co.uk/glamira-ring-agrieta.html,,2026-06-14T07:11:35.491594+00:00
102579,https://www.glamira.com.mx/glamira-anillo-arbesa.html?fbclid=IwAR2nLJbP0qdhh9S1-LNx2Oqotz0CIYglvcAGjtiKp6lP3KoVpHkVRLO7i4s,not_found_in_configured_stores,not_found_in_configured_stores,,12,https://www.glamira.com.mx/glamira-anillo-arbesa.html?fbclid=IwAR2nLJbP0qdhh9S1-LNx2Oqotz0CIYglvcAGjtiKp6lP3KoVpHkVRLO7i4s,,2026-06-14T07:11:35.497854+00:00
102580,https://www.glamira.co.uk/glamira-ring-dairya.html?alloy=yellow-585&diamond=aquamarine,not_found_in_configured_stores,not_found_in_configured_stores,,11,https://www.glamira.co.uk/glamira-ring-dairya.html?alloy=yellow-585&diamond=aquamarine,,2026-06-14T07:11:35.705787+00:00
102581,https://www.glamira.com.mt/glamira-ring-dejanelle.html?fbclid=IwAR20Ed8QTU33nV6AYPxu3JVZm4ZANUyBSM-pbyp5PBVeGavxornfy_5H3T8,not_found_in_configured_stores,not_found_in_configured_stores,,12,https://www.glamira.com.mt/glamira-ring-dejanelle.html?fbclid=IwAR20Ed8QTU33nV6AYPxu3JVZm4ZANUyBSM-pbyp5PBVeGavxornfy_5H3T8,,2026-06-14T07:11:36.192519+00:00
102582,https://www.glamira.si/glamira-ring-denalia.html,not_found_in_configured_stores,not_found_in_configured_stores,,12,https://www.glamira.si/glamira-ring-denalia.html,,2026-06-14T07:11:36.742924+00:00
102583,https://www.glamira.es/glamira-anillo-dhanesha.html?fbclid=IwAR18cykSVcLAMIEoNw29miqMZtxGcsRt61Usu8GTZbOSyuSzafEhUzyHAWI,not_found_in_configured_stores,not_found_in_configured_stores,,12,https://www.glamira.es/glamira-anillo-dhanesha.html?fbclid=IwAR18cykSVcLAMIEoNw29miqMZtxGcsRt61Usu8GTZbOSyuSzafEhUzyHAWI,,2026-06-14T07:11:36.790735+00:00
102584,https://www.glamira.lv/glamira-ring-dhanista.html?fbclid=IwAR3o5xm3KO50KL0UgmZ9nEulqWuPamFWuhwTyPtgaxHMUCTDljpHkd3tH60,not_found_in_configured_stores,not_found_in_configured_stores,,12,https://www.glamira.lv/glamira-ring-dhanista.html?fbclid=IwAR3o5xm3KO50KL0UgmZ9nEulqWuPamFWuhwTyPtgaxHMUCTDljpHkd3tH60,,2026-06-14T07:11:36.816706+00:00
102587,https://www.glamira.es/glamira-anillo-doletha.html?fbclid=IwAR3lhViW6XtNXP7j4uDEQ4_UwmNUzA1M9x9_gDP6sZXaUx-Bp1vTwlgOl6Q,not_found_in_configured_stores,not_found_in_configured_stores,,12,https://www.glamira.es/glamira-anillo-doletha.html?fbclid=IwAR3lhViW6XtNXP7j4uDEQ4_UwmNUzA1M9x9_gDP6sZXaUx-Bp1vTwlgOl6Q,,2026-06-14T07:11:36.835055+00:00
102589,https://www.glamira.se/glamira-ringar-dorentinas.html?fbclid=IwAR1o7zKK4VoJOFfQHE2xT9z8MlYCt77W0ybpq8tbK3lsSkjPpI3bPKB4Ots,not_found_in_configured_stores,not_found_in_configured_stores,,12,https://www.glamira.se/glamira-ringar-dorentinas.html?fbclid=IwAR1o7zKK4VoJOFfQHE2xT9z8MlYCt77W0ybpq8tbK3lsSkjPpI3bPKB4Ots,,2026-06-14T07:11:36.836567+00:00
102590,https://www.glamira.dk/glamira-ringe-eftihia.html?fbclid=IwAR2ypa4JVHEJuQJ-vpEDk1bbHB3sLi0MljLIel4_WPiffxVen-li5AhcKLE,not_found_in_configured_stores,not_found_in_configured_stores,,12,https://www.glamira.dk/glamira-ringe-eftihia.html?fbclid=IwAR2ypa4JVHEJuQJ-vpEDk1bbHB3sLi0MljLIel4_WPiffxVen-li5AhcKLE,,2026-06-14T07:11:37.427370+00:00
102591,https://www.glamira.ro/glamira-ring-ehlona.html,not_found_in_configured_stores,not_found_in_configured_stores,,12,https://www.glamira.ro/glamira-ring-ehlona.html,,2026-06-14T07:11:38.069284+00:00
102595,https://www.glamira.hr/glamira-ring-elanora.html?fbclid=IwAR32ZwqpMbGl5RQTME2j8PmDQwbBMmbsRZ1rf5KxyLwVq0BdlWce82BeU0I,not_found_in_configured_stores,not_found_in_configured_stores,,12,https://www.glamira.hr/glamira-ring-elanora.html?fbclid=IwAR32ZwqpMbGl5RQTME2j8PmDQwbBMmbsRZ1rf5KxyLwVq0BdlWce82BeU0I,,2026-06-14T07:11:38.625971+00:00
102596,https://www.glamira.co.uk/glamira-ring-elbonie.html?fbclid=IwAR19dYwlARnFwwXUj-oQtbX6O9E4RVmM5Zck_I3HzbQ0W5befTuHTa1cyzg,not_found_in_configured_stores,not_found_in_configured_stores,,11,https://www.glamira.co.uk/glamira-ring-elbonie.html?fbclid=IwAR19dYwlARnFwwXUj-oQtbX6O9E4RVmM5Zck_I3HzbQ0W5befTuHTa1cyzg,,2026-06-14T07:11:38.677071+00:00
102597,https://www.glamira.ee/glamira-ring-grisselia.html,not_found_in_configured_stores,not_found_in_configured_stores,,12,https://www.glamira.ee/glamira-ring-grisselia.html,,2026-06-14T07:11:38.730862+00:00
102599,https://www.glamira.hu/glamira-gyuru-magdolna.html?fbclid=IwAR2xS1koPw6sLI_JWYOU69NKIAFqFyM_528YZHT9IuEwnZVDWHWAzb3PHio,not_found_in_configured_stores,not_found_in_configured_stores,,12,https://www.glamira.hu/glamira-gyuru-magdolna.html?fbclid=IwAR2xS1koPw6sLI_JWYOU69NKIAFqFyM_528YZHT9IuEwnZVDWHWAzb3PHio,,2026-06-14T07:11:38.787814+00:00
102600,https://www.glamira.lt/glamira-ring-marigold.html?fbclid=IwAR20RE20-bf3FG2kj-CB7_JDtWRI-E0jIa4SrJFE9VwIZcpvNSwbbfUwigQ,not_found_in_configured_stores,not_found_in_configured_stores,,12,https://www.glamira.lt/glamira-ring-marigold.html?fbclid=IwAR20RE20-bf3FG2kj-CB7_JDtWRI-E0jIa4SrJFE9VwIZcpvNSwbbfUwigQ,,2026-06-14T07:11:39.632136+00:00
102601,https://www.glamira.es/glamira-anillo-nashaly.html?diamond=ruby-Swarovsky,not_found_in_configured_stores,not_found_in_configured_stores,,12,https://www.glamira.es/glamira-anillo-nashaly.html?diamond=ruby-Swarovsky,,2026-06-14T07:11:40.221007+00:00
102602,https://www.glamira.com.mt/glamira-ring-nisrine.html?fbclid=IwAR0arONw-aIjzHT-KnecvNaTBu6Bn2PJqezwoUtUgov68A7XPIEpcG8awzc,not_found_in_configured_stores,not_found_in_configured_stores,,12,https://www.glamira.com.mt/glamira-ring-nisrine.html?fbclid=IwAR0arONw-aIjzHT-KnecvNaTBu6Bn2PJqezwoUtUgov68A7XPIEpcG8awzc,,2026-06-14T07:11:40.350786+00:00
102603,https://www.glamira.cz/glamira-prsten-pranitha.html?fbclid=IwAR06k0bAFjceecX4X1Wf6cFZSyuYRwNhrghJZZL9O2nupGFxBJCaHd0AOI0,not_found_in_configured_stores,not_found_in_configured_stores,,12,https://www.glamira.cz/glamira-prsten-pranitha.html?fbclid=IwAR06k0bAFjceecX4X1Wf6cFZSyuYRwNhrghJZZL9O2nupGFxBJCaHd0AOI0,,2026-06-14T07:11:40.405911+00:00
102607,https://www.glamira.com.gt/glamira-anillo-semiras.html,not_found_in_configured_stores,not_found_in_configured_stores,,12,https://www.glamira.com.gt/glamira-anillo-semiras.html,,2026-06-14T07:11:40.534714+00:00
102608,https://www.glamira.com.mt/glamira-ring-senulya.html?fbclid=IwAR2763-Xrs0YYx99jzLC7QEAqxSbusynkBh3gj3xCqqy-YVbPzIMGWZa1XY,not_found_in_configured_stores,not_found_in_configured_stores,,12,https://www.glamira.com.mt/glamira-ring-senulya.html?fbclid=IwAR2763-Xrs0YYx99jzLC7QEAqxSbusynkBh3gj3xCqqy-YVbPzIMGWZa1XY,,2026-06-14T07:11:41.289448+00:00
102609,https://www.glamira.bg/glamira-anillo-sharina.html,not_found_in_configured_stores,not_found_in_configured_stores,,12,https://www.glamira.bg/glamira-anillo-sharina.html,,2026-06-14T07:11:44.621979+00:00
102610,https://www.glamira.lv/glamira-ring-unnesa.html?fbclid=IwAR2p_ErqNkVG49dRG05RNgCP2S5-57em7gv9KRfDydaqP4_Sbe88ieQ_5ec,not_found_in_configured_stores,not_found_in_configured_stores,,12,https://www.glamira.lv/glamira-ring-unnesa.html?fbclid=IwAR2p_ErqNkVG49dRG05RNgCP2S5-57em7gv9KRfDydaqP4_Sbe88ieQ_5ec,,2026-06-14T07:11:45.431664+00:00
102611,https://www.glamira.fr/glamira-bagues-vinita.html?fbclid=IwAR3jZujfjFNAi46MCDrQleJuGl4QRlv0rrn-ohmYmlZFCx7C0Npz_8VAdQw,not_found_in_configured_stores,not_found_in_configured_stores,,11,https://www.glamira.fr/glamira-bagues-vinita.html?fbclid=IwAR3jZujfjFNAi46MCDrQleJuGl4QRlv0rrn-ohmYmlZFCx7C0Npz_8VAdQw,,2026-06-14T07:11:45.549965+00:00
102613,https://www.glamira.ro/chain-curb-with-bar-80-micron.html?alloy=yellow-585,not_found_in_configured_stores,not_found_in_configured_stores,,12,https://www.glamira.ro/chain-curb-with-bar-80-micron.html?alloy=yellow-585,,2026-06-14T07:11:45.733950+00:00
102614,https://www.glamira.ro/chain-flat-curb-with-knot-100-micron.html?alloy=yellow-585,not_found_in_configured_stores,not_found_in_configured_stores,,12,https://www.glamira.ro/chain-flat-curb-with-knot-100-micron.html?alloy=yellow-585,,2026-06-14T07:11:45.766702+00:00
102615,https://www.glamira.ro/chain-square-rolo-forse-40-micron.html?alloy=yellow-585,not_found_in_configured_stores,not_found_in_configured_stores,,12,https://www.glamira.ro/chain-square-rolo-forse-40-micron.html?alloy=yellow-585,,2026-06-14T07:11:46.411757+00:00
102616,https://www.glamira.ro/chain-forzentina-30-micron.html?alloy=yellow-585,not_found_in_configured_stores,not_found_in_configured_stores,,12,https://www.glamira.ro/chain-forzentina-30-micron.html?alloy=yellow-585,,2026-06-14T07:11:46.686974+00:00
102617,https://www.glamira.ro/chain-forzentina-40-micron.html?alloy=yellow-585,not_found_in_configured_stores,not_found_in_configured_stores,,12,https://www.glamira.ro/chain-forzentina-40-micron.html?alloy=yellow-585,,2026-06-14T07:11:46.826316+00:00
102618,https://www.glamira.de/chain-forzentina-50-micron.html?alloy=yellow-585,not_found_in_configured_stores,not_found_in_configured_stores,,11,https://www.glamira.de/chain-forzentina-50-micron.html?alloy=yellow-585,,2026-06-14T07:11:46.843237+00:00
102619,https://www.glamira.com.tr/chain-forzentina-60-micron.html,not_found_in_configured_stores,not_found_in_configured_stores,,12,https://www.glamira.com.tr/chain-forzentina-60-micron.html,,2026-06-14T07:11:47.399715+00:00
102639,https://www.glamira.co.uk/glamira-brooch-laudie.html?fbclid=IwAR3648jURvk17IhWdBjLsTLWoO3UgL5lqU1nh2ciFsyj2p-9C0MQ1RSJ2gc,not_found_in_configured_stores,not_found_in_configured_stores,,11,https://www.glamira.co.uk/glamira-brooch-laudie.html?fbclid=IwAR3648jURvk17IhWdBjLsTLWoO3UgL5lqU1nh2ciFsyj2p-9C0MQ1RSJ2gc,,2026-06-14T07:11:54.730829+00:00
102752,https://www.glamira.cz/glamira-pendant-kameika-8-mm.html?fbclid=IwAR3Jr7Q7MCCY0IlKZu_cb1YaA-AVrwkhYPgTLaF0XebWJBYAoewHQt3Frnw,not_found_in_configured_stores,not_found_in_configured_stores,,12,https://www.glamira.cz/glamira-pendant-kameika-8-mm.html?fbclid=IwAR3Jr7Q7MCCY0IlKZu_cb1YaA-AVrwkhYPgTLaF0XebWJBYAoewHQt3Frnw,,2026-06-14T07:12:22.910186+00:00
102833,https://www.glamira.co.uk/glamira-ring-anisoara-6-mm.html?fbclid=IwAR3KtqYcAiTXiJnox4cdUw9hr-fBW-bw7wTXm6mcEf51uunYBn42h9QDkpI,not_found_in_configured_stores,not_found_in_configured_stores,,11,https://www.glamira.co.uk/glamira-ring-anisoara-6-mm.html?fbclid=IwAR3KtqYcAiTXiJnox4cdUw9hr-fBW-bw7wTXm6mcEf51uunYBn42h9QDkpI,,2026-06-14T07:12:41.662904+00:00
102834,https://www.glamira.fi/glamira-sormus-anisoara-8-mm.html?fbclid=IwAR3x2mgLkD5kxUYtwYgGWflx8op1cgxA5ZCE3k8i5SAdEcbkE3WkgpR3qdA,not_found_in_configured_stores,not_found_in_configured_stores,,12,https://www.glamira.fi/glamira-sormus-anisoara-8-mm.html?fbclid=IwAR3x2mgLkD5kxUYtwYgGWflx8op1cgxA5ZCE3k8i5SAdEcbkE3WkgpR3qdA,,2026-06-14T07:12:41.689548+00:00
102860,https://www.glamira.cl/glamira-anillo-ledonia-6-mm.html?alloy=white-375&diamond=diamond-Brillant&pearl=white_pearl,not_found_in_configured_stores,not_found_in_configured_stores,,12,https://www.glamira.cl/glamira-anillo-ledonia-6-mm.html?alloy=white-375&diamond=diamond-Brillant&pearl=white_pearl,,2026-06-14T07:12:50.580214+00:00
102876,https://www.glamira.co.uk/glamira-ring-lorelli-6-mm.html?fbclid=IwAR2efloWtuVoyr0DLt0FpquWjEJY6246jAJOjoYhYw9qJhpaDhkFz_pMLkU,not_found_in_configured_stores,not_found_in_configured_stores,,11,https://www.glamira.co.uk/glamira-ring-lorelli-6-mm.html?fbclid=IwAR2efloWtuVoyr0DLt0FpquWjEJY6246jAJOjoYhYw9qJhpaDhkFz_pMLkU,,2026-06-14T07:12:55.922983+00:00
102997,https://www.glamira.cl/glamira-nose-pin-afina.html?alloy=white-585,not_found_in_configured_stores,not_found_in_configured_stores,,12,https://www.glamira.cl/glamira-nose-pin-afina.html?alloy=white-585,,2026-06-14T07:13:33.428112+00:00
103005,https://www.glamira.de/glamira-anklet-abrihet.html,not_found_in_configured_stores,not_found_in_configured_stores,,11,https://www.glamira.de/glamira-anklet-abrihet.html,,2026-06-14T07:13:35.477057+00:00
103040,https://www.glamira.az/en/glamira-anklet-yarlenis.html?alloy=yellow-375,not_found_in_configured_stores,not_found_in_configured_stores,,12,https://www.glamira.az/en/glamira-anklet-yarlenis.html?alloy=yellow-375,,2026-06-14T07:13:43.922057+00:00
103055,https://www.glamira.lv/glamira-anklet-viletta.html,not_found_in_configured_stores,not_found_in_configured_stores,,12,https://www.glamira.lv/glamira-anklet-viletta.html,,2026-06-14T07:13:48.589771+00:00
103062,https://www.glamira.ro/free-christmas-gift---heart-necklace-disabled.html,not_found_in_configured_stores,not_found_in_configured_stores,,12,https://www.glamira.ro/free-christmas-gift---heart-necklace-disabled.html,,2026-06-14T07:13:49.903190+00:00
103081,https://www.glamira.si/glamira-necklace-lily.html?fbclid=IwAR2gMnM2Iy-IGqMQl5oy_cwoZC-Wjs5mlgONmbLoeCVpPWvyv8gvEDujTx8,not_found_in_configured_stores,not_found_in_configured_stores,,12,https://www.glamira.si/glamira-necklace-lily.html?fbclid=IwAR2gMnM2Iy-IGqMQl5oy_cwoZC-Wjs5mlgONmbLoeCVpPWvyv8gvEDujTx8,,2026-06-14T07:13:52.314915+00:00
103083,https://www.glamira.hu/glamira-ring-itasha.html?fbclid=IwAR2hf8SRaye60Rw2kzlONnrwnp5nyGsPuyHmbLJ381GWabURBrskeCQnfBY,not_found_in_configured_stores,not_found_in_configured_stores,,12,https://www.glamira.hu/glamira-ring-itasha.html?fbclid=IwAR2hf8SRaye60Rw2kzlONnrwnp5nyGsPuyHmbLJ381GWabURBrskeCQnfBY,,2026-06-14T07:13:52.373051+00:00
103084,https://www.glamira.in/glamira-ring-vishalya.html?fbclid=IwAR2Bi8ugjIsn6AYg7p2-tpPTUo6DWjq2xey9z2kIxzGM9FXemMIJrqGZB4c,not_found_in_configured_stores,not_found_in_configured_stores,,12,https://www.glamira.in/glamira-ring-vishalya.html?fbclid=IwAR2Bi8ugjIsn6AYg7p2-tpPTUo6DWjq2xey9z2kIxzGM9FXemMIJrqGZB4c,,2026-06-14T07:13:52.374396+00:00
103090,https://www.glamira.com/glamira-ring-zerena.html?fbclid=IwAR3VSkvxNjuxTpzRdncWK0C6gskUcuLqQyqFSu4EHVofuLiLdcG3TNHrLRI,not_found_in_configured_stores,not_found_in_configured_stores,,11,https://www.glamira.com/glamira-ring-zerena.html?fbclid=IwAR3VSkvxNjuxTpzRdncWK0C6gskUcuLqQyqFSu4EHVofuLiLdcG3TNHrLRI,,2026-06-14T07:13:55.074198+00:00
103094,https://www.ring-paare.de/herrenring-dynamic-desire.html?alloy=white-375&itm_source=recommendation&itm_medium=sorting,not_found_in_configured_stores,not_found_in_configured_stores,,12,https://www.ring-paare.de/herrenring-dynamic-desire.html?alloy=white-375&itm_source=recommendation&itm_medium=sorting,,2026-06-14T07:13:55.115126+00:00
103095,https://www.ring-paare.de/damenring-dynamic-desire.html?alloy=white-375&stone=diamond-Zirconia&itm_source=recommendation&itm_medium=sorting,not_found_in_configured_stores,not_found_in_configured_stores,,12,https://www.ring-paare.de/damenring-dynamic-desire.html?alloy=white-375&stone=diamond-Zirconia&itm_source=recommendation&itm_medium=sorting,,2026-06-14T07:13:55.173897+00:00
103211,https://www.glamira.sk/glamira-ring-jenettie.html?fbclid=IwAR0vX_azRAcDc-lhHVQT_MDExofxY4U3W8fH8fu0S5IUbuR3K7R5oH5rntw,not_found_in_configured_stores,not_found_in_configured_stores,,12,https://www.glamira.sk/glamira-ring-jenettie.html?fbclid=IwAR0vX_azRAcDc-lhHVQT_MDExofxY4U3W8fH8fu0S5IUbuR3K7R5oH5rntw,,2026-06-14T07:14:22.963980+00:00
103252,https://www.glamira.pl/glamira-ring-lamont.html,not_found_in_configured_stores,not_found_in_configured_stores,,11,https://www.glamira.pl/glamira-ring-lamont.html,,2026-06-14T07:14:31.315625+00:00
103358,https://www.glamira.com.tr/glamira-ring-jonalee.html?diamond=ruby&fbclid=IwAR0efkRieMILcX-SZpPgq_f804Y4KfJ8gIqWjUQmH5YsuFykYci5w-9vq2A,not_found_in_configured_stores,not_found_in_configured_stores,,12,https://www.glamira.com.tr/glamira-ring-jonalee.html?diamond=ruby&fbclid=IwAR0efkRieMILcX-SZpPgq_f804Y4KfJ8gIqWjUQmH5YsuFykYci5w-9vq2A,,2026-06-14T07:14:47.738061+00:00
103375,https://www.glamira.com/checkout/cart/configure/id/2022447/?alloy=white_yellow-417,not_found_in_configured_stores,not_found_in_configured_stores,,11,https://www.glamira.com/checkout/cart/configure/id/2022447/?alloy=white_yellow-417,,2026-06-14T07:14:51.433497+00:00
103409,https://www.glamira.no/glamira-ring-jokina-2.4-crt.html?fbclid=IwAR1-wDiu1WxU3IVGGXeCccaSDxukHbeo-APOyj3duyW9U6YGvmPIyuNECZ0,not_found_in_configured_stores,not_found_in_configured_stores,,12,https://www.glamira.no/glamira-ring-jokina-2.4-crt.html?fbclid=IwAR1-wDiu1WxU3IVGGXeCccaSDxukHbeo-APOyj3duyW9U6YGvmPIyuNECZ0,,2026-06-14T07:14:55.294031+00:00
103464,https://www.glamira.co.uk/glamira-ring-candita.html?fbclid=IwAR1ne4YdhziQnOwxf-mvUHYPztowQJsrY58WngFYCpJkgoFxlFrHj2CDLk4,not_found_in_configured_stores,not_found_in_configured_stores,,11,https://www.glamira.co.uk/glamira-ring-candita.html?fbclid=IwAR1ne4YdhziQnOwxf-mvUHYPztowQJsrY58WngFYCpJkgoFxlFrHj2CDLk4,,2026-06-14T07:15:00.446808+00:00
103473,https://www.glamira.lv/glamira-ring-heraldo.html,not_found_in_configured_stores,not_found_in_configured_stores,,12,https://www.glamira.lv/glamira-ring-heraldo.html,,2026-06-14T07:15:04.081620+00:00
103781,https://www.glamira.co.uk/heavenly-style-4-mm.html?alloy=white-375&stone=diamond-Brillant&itm_source=recommendation&itm_medium=sorting,not_found_in_configured_stores,not_found_in_configured_stores,,11,https://www.glamira.co.uk/heavenly-style-4-mm.html?alloy=white-375&stone=diamond-Brillant&itm_source=recommendation&itm_medium=sorting,,2026-06-14T07:16:07.960435+00:00
104132,https://www.glamira.sk/garnet-bat-pendant.html,not_found_in_configured_stores,not_found_in_configured_stores,,12,https://www.glamira.sk/garnet-bat-pendant.html,,2026-06-14T07:17:29.721961+00:00
104157,https://www.glamira.ca/glamira-pendant-zola.html?discountid=172&alloy=yellow-585&diamond=ruby,not_found_in_configured_stores,not_found_in_configured_stores,,11,https://www.glamira.ca/glamira-pendant-zola.html?discountid=172&alloy=yellow-585&diamond=ruby,,2026-06-14T07:17:29.756734+00:00
105511,https://www.glamira.com.ph/serenity-chance-5-mm.html?alloy=red-585&stone=diamond-Zirconia&itm_source=recommendation&itm_medium=sorting,not_found_in_configured_stores,not_found_in_configured_stores,,12,https://www.glamira.com.ph/serenity-chance-5-mm.html?alloy=red-585&stone=diamond-Zirconia&itm_source=recommendation&itm_medium=sorting,,2026-06-14T07:22:50.104109+00:00
105513,https://www.glamira.ch/serenity-chance-6-mm.html?alloy=white_red-585&stone=diamond-Brillant,not_found_in_configured_stores,not_found_in_configured_stores,,12,https://www.glamira.ch/serenity-chance-6-mm.html?alloy=white_red-585&stone=diamond-Brillant,,2026-06-14T07:22:50.699584+00:00
105515,https://www.glamira.com.co/serenity-chance-8-mm.html?alloy=red-585&stone=diamond-Zirconia&itm_source=recommendation&itm_medium=sorting,not_found_in_configured_stores,not_found_in_configured_stores,,12,https://www.glamira.com.co/serenity-chance-8-mm.html?alloy=red-585&stone=diamond-Zirconia&itm_source=recommendation&itm_medium=sorting,,2026-06-14T07:22:50.707115+00:00
105517,https://www.glamira.ch/serenity-chance-10-mm.html?alloy=red-585&stone=diamond-Brillant,not_found_in_configured_stores,not_found_in_configured_stores,,12,https://www.glamira.ch/serenity-chance-10-mm.html?alloy=red-585&stone=diamond-Brillant,,2026-06-14T07:22:53.059483+00:00
105521,https://www.glamira.ca/fr/bague-pour-femmes-serenity-chance-5-mm.html?stone=diamond-Zirconia&itm_source=recommendation&itm_medium=sorting&alloy=white_red-750,not_found_in_configured_stores,not_found_in_configured_stores,,11,https://www.glamira.ca/fr/bague-pour-femmes-serenity-chance-5-mm.html?stone=diamond-Zirconia&itm_source=recommendation&itm_medium=sorting&alloy=white_red-750,,2026-06-14T07:22:54.188239+00:00
105523,https://www.glamira.com.au/womens-ring-serenity-chance-6-mm.html?stone=diamond-Brillant&alloy=white_yellow-silber_375,not_found_in_configured_stores,not_found_in_configured_stores,,11,https://www.glamira.com.au/womens-ring-serenity-chance-6-mm.html?stone=diamond-Brillant&alloy=white_yellow-silber_375,,2026-06-14T07:22:54.466235+00:00
105524,https://www.glamira.hr/zenski-prsteni-serenity-chance-8-mm.html?alloy=white-silber&stone=diamond-Zirconia&itm_source=recommendation&itm_medium=sorting,not_found_in_configured_stores,not_found_in_configured_stores,,12,https://www.glamira.hr/zenski-prsteni-serenity-chance-8-mm.html?alloy=white-silber&stone=diamond-Zirconia&itm_source=recommendation&itm_medium=sorting,,2026-06-14T07:22:54.517698+00:00
105526,https://www.glamira.hr/zenski-prsteni-serenity-chance-10-mm.html?alloy=white-silber&stone=diamond-Zirconia,not_found_in_configured_stores,not_found_in_configured_stores,,12,https://www.glamira.hr/zenski-prsteni-serenity-chance-10-mm.html?alloy=white-silber&stone=diamond-Zirconia,,2026-06-14T07:22:54.756259+00:00
105528,https://www.glamira.com.mx/anillo-de-hombre-serenity-chance-5-mm.html?alloy=white_red-375&itm_source=recommendation&itm_medium=sorting,not_found_in_configured_stores,not_found_in_configured_stores,"HTTPSConnectionPool(host='www.glamira.vn', port=443): Read timed out. (read timeout=10)",12,https://www.glamira.com.mx/anillo-de-hombre-serenity-chance-5-mm.html?alloy=white_red-375&itm_source=recommendation&itm_medium=sorting,,2026-06-14T07:22:55.389801+00:00
105530,https://www.glamira.ca/fr/bague-pour-hommes-serenity-chance-6-mm.html?alloy=red-585&itm_source=recommendation&itm_medium=sorting,not_found_in_configured_stores,not_found_in_configured_stores,,11,https://www.glamira.ca/fr/bague-pour-hommes-serenity-chance-6-mm.html?alloy=red-585&itm_source=recommendation&itm_medium=sorting,,2026-06-14T07:22:55.465307+00:00
105532,https://www.glamira.co.za/herrenring-serenity-chance-8-mm.html?alloy=white_red-375&itm_source=recommendation&itm_medium=detail,not_found_in_configured_stores,not_found_in_configured_stores,,12,https://www.glamira.co.za/herrenring-serenity-chance-8-mm.html?alloy=white_red-375&itm_source=recommendation&itm_medium=detail,,2026-06-14T07:22:56.017405+00:00
105534,https://www.glamira.de/herrenring-serenity-chance-10-mm.html?alloy=white_red-375&utm_source=criteo&utm_medium=retargeting&utm_campaign=webconversion,not_found_in_configured_stores,not_found_in_configured_stores,,11,https://www.glamira.de/herrenring-serenity-chance-10-mm.html?alloy=white_red-375&utm_source=criteo&utm_medium=retargeting&utm_campaign=webconversion,,2026-06-14T07:22:56.516269+00:00
106801,https://www.glamira.com/infinite-energy-5-mm.html?stone=pinkdiamond&itm_source=recommendation&itm_medium=sorting&alloy=white_yellow-585,not_found_in_configured_stores,not_found_in_configured_stores,,11,https://www.glamira.com/infinite-energy-5-mm.html?stone=pinkdiamond&itm_source=recommendation&itm_medium=sorting&alloy=white_yellow-585,,2026-06-14T07:27:55.191486+00:00
106802,https://www.glamira.pl/pierscionek-dla-mezczyzny-infinite-energy-5-mm.html?alloy=white-platin&stone=diamond-Zirconia,not_found_in_configured_stores,not_found_in_configured_stores,,11,https://www.glamira.pl/pierscionek-dla-mezczyzny-infinite-energy-5-mm.html?alloy=white-platin&stone=diamond-Zirconia,,2026-06-14T07:27:55.313128+00:00
106803,https://www.glamira.be/damesring-infinite-energy-5-mm.html?alloy=white-750&stone=diamond-Zirconia,not_found_in_configured_stores,not_found_in_configured_stores,,12,https://www.glamira.be/damesring-infinite-energy-5-mm.html?alloy=white-750&stone=diamond-Zirconia,,2026-06-14T07:27:55.706335+00:00
106957,https://www.glamira.de/romantic-light-3-mm.html?alloy=red-585&stone=diamond-Zirconia&itm_source=recommendation&itm_medium=sorting,not_found_in_configured_stores,not_found_in_configured_stores,,11,https://www.glamira.de/romantic-light-3-mm.html?alloy=red-585&stone=diamond-Zirconia&itm_source=recommendation&itm_medium=sorting,,2026-06-14T07:28:38.920102+00:00
106958,https://www.glamira.cl/anillo-de-hombre-romantic-light-3-mm.html?alloy=white-750,not_found_in_configured_stores,not_found_in_configured_stores,,12,https://www.glamira.cl/anillo-de-hombre-romantic-light-3-mm.html?alloy=white-750,,2026-06-14T07:28:39.589384+00:00
106959,https://www.glamira.de/damenring-romantic-light-3-mm.html?alloy=red_white-375,not_found_in_configured_stores,not_found_in_configured_stores,,11,https://www.glamira.de/damenring-romantic-light-3-mm.html?alloy=red_white-375,,2026-06-14T07:28:39.748624+00:00
106960,https://www.glamira.cz/romantic-light-4-mm.html?alloy=white-585&itm_source=recommendation&itm_medium=sorting&stone=black-onyx,not_found_in_configured_stores,not_found_in_configured_stores,,12,https://www.glamira.cz/romantic-light-4-mm.html?alloy=white-585&itm_source=recommendation&itm_medium=sorting&stone=black-onyx,,2026-06-14T07:28:39.790338+00:00
106961,https://www.glamira.de/herrenring-romantic-light-4-mm.html?alloy=red-585,not_found_in_configured_stores,not_found_in_configured_stores,,11,https://www.glamira.de/herrenring-romantic-light-4-mm.html?alloy=red-585,,2026-06-14T07:28:39.855016+00:00
106962,https://www.glamira.co.uk/womens-ring-romantic-light-4-mm.html?alloy=white-silber&stone=diamond-Zirconia&itm_source=recommendation&itm_medium=sorting,not_found_in_configured_stores,not_found_in_configured_stores,,11,https://www.glamira.co.uk/womens-ring-romantic-light-4-mm.html?alloy=white-silber&stone=diamond-Zirconia&itm_source=recommendation&itm_medium=sorting,,2026-06-14T07:28:39.996489+00:00
106963,https://www.glamira.pl/romantic-light-5-mm.html?alloy=white-585&stone=diamond-Zirconia&itm_source=recommendation&itm_medium=sorting,not_found_in_configured_stores,not_found_in_configured_stores,,11,https://www.glamira.pl/romantic-light-5-mm.html?alloy=white-585&stone=diamond-Zirconia&itm_source=recommendation&itm_medium=sorting,,2026-06-14T07:28:40.151876+00:00
106964,https://www.glamira.bg/herrenring-romantic-light-5-mm.html?alloy=white-silber,not_found_in_configured_stores,not_found_in_configured_stores,,12,https://www.glamira.bg/herrenring-romantic-light-5-mm.html?alloy=white-silber,,2026-06-14T07:28:40.303985+00:00
106965,https://www.glamira.de/damenring-romantic-light-5-mm.html?alloy=red_white-375,not_found_in_configured_stores,not_found_in_configured_stores,,11,https://www.glamira.de/damenring-romantic-light-5-mm.html?alloy=red_white-375,,2026-06-14T07:28:40.418996+00:00
106966,https://www.glamira.se/romantic-light-6-mm.html?alloy=yellow_white-585&stone=diamond-Zirconia,not_found_in_configured_stores,not_found_in_configured_stores,,12,https://www.glamira.se/romantic-light-6-mm.html?alloy=yellow_white-585&stone=diamond-Zirconia,,2026-06-14T07:28:40.422514+00:00
106967,https://www.glamira.com/men-s-ring-romantic-light-6-mm.html?alloy=red-585,not_found_in_configured_stores,not_found_in_configured_stores,,11,https://www.glamira.com/men-s-ring-romantic-light-6-mm.html?alloy=red-585,,2026-06-14T07:28:41.034115+00:00
106968,https://www.glamira.ca/checkout/cart/configure/id/2180213/?alloy=white-750,not_found_in_configured_stores,not_found_in_configured_stores,,11,https://www.glamira.ca/checkout/cart/configure/id/2180213/?alloy=white-750,,2026-06-14T07:28:41.095292+00:00
106969,https://www.glamira.com.au/romantic-light-8-mm.html?alloy=red-585&stone=diamond-Zirconia&itm_source=recommendation&itm_medium=sorting,not_found_in_configured_stores,not_found_in_configured_stores,,11,https://www.glamira.com.au/romantic-light-8-mm.html?alloy=red-585&stone=diamond-Zirconia&itm_source=recommendation&itm_medium=sorting,,2026-06-14T07:28:41.211648+00:00
106970,https://www.glamira.com/men-s-ring-romantic-light-8-mm.html?itm_source=recommendation&itm_medium=sorting&alloy=red_white-platin_585,not_found_in_configured_stores,not_found_in_configured_stores,,11,https://www.glamira.com/men-s-ring-romantic-light-8-mm.html?itm_source=recommendation&itm_medium=sorting&alloy=red_white-platin_585,,2026-06-14T07:28:41.243439+00:00
106971,https://www.glamira.de/checkout/cart/configure/id/2119380/?alloy=red_white-375,not_found_in_configured_stores,not_found_in_configured_stores,,11,https://www.glamira.de/checkout/cart/configure/id/2119380/?alloy=red_white-375,,2026-06-14T07:28:41.983867+00:00
107077,https://www.glamira.cz/attractive-life-4-mm.html?alloy=white-585&itm_source=recommendation&itm_medium=sorting&stone=black-onyx,not_found_in_configured_stores,not_found_in_configured_stores,,12,https://www.glamira.cz/attractive-life-4-mm.html?alloy=white-585&itm_source=recommendation&itm_medium=sorting&stone=black-onyx,,2026-06-14T07:29:13.641240+00:00
107078,https://www.glamira.ro/attractive-life-5-mm.html?alloy=white-585,not_found_in_configured_stores,not_found_in_configured_stores,,12,https://www.glamira.ro/attractive-life-5-mm.html?alloy=white-585,,2026-06-14T07:29:13.715893+00:00
107079,https://www.glamira.fr/attractive-life-6-mm.html?alloy=white-silber&stone=diamond-Brillant&itm_source=recommendation&itm_medium=sorting,not_found_in_configured_stores,not_found_in_configured_stores,,11,https://www.glamira.fr/attractive-life-6-mm.html?alloy=white-silber&stone=diamond-Brillant&itm_source=recommendation&itm_medium=sorting,,2026-06-14T07:29:13.866905+00:00
107080,https://www.glamira.ch/attractive-life-8-mm.html?stone=diamond-Zirconia&itm_source=recommendation&itm_medium=sorting&alloy=yellow-585,not_found_in_configured_stores,not_found_in_configured_stores,,12,https://www.glamira.ch/attractive-life-8-mm.html?stone=diamond-Zirconia&itm_source=recommendation&itm_medium=sorting&alloy=yellow-585,,2026-06-14T07:29:13.906897+00:00
107137,https://www.glamira.com/womens-ring-attractive-life-4-mm.html?alloy=white-platin,not_found_in_configured_stores,not_found_in_configured_stores,,11,https://www.glamira.com/womens-ring-attractive-life-4-mm.html?alloy=white-platin,,2026-06-14T07:29:30.503204+00:00
107138,https://www.glamira.fr/bague-pour-femmes-attractive-life-5-mm.html?alloy=white-platin&stone=diamond-Brillant,not_found_in_configured_stores,not_found_in_configured_stores,,11,https://www.glamira.fr/bague-pour-femmes-attractive-life-5-mm.html?alloy=white-platin&stone=diamond-Brillant,,2026-06-14T07:29:30.506759+00:00
107139,https://www.glamira.com.tr/kadin-yuzuk-attractive-life-6-mm.html?alloy=white-585&fbclid=IwAR0yF4QlTD_Zky8pfBstS8gJ599-33-zfeGwZbs_Pt1ZyifDpsWkLOcSJyA,not_found_in_configured_stores,not_found_in_configured_stores,,12,https://www.glamira.com.tr/kadin-yuzuk-attractive-life-6-mm.html?alloy=white-585&fbclid=IwAR0yF4QlTD_Zky8pfBstS8gJ599-33-zfeGwZbs_Pt1ZyifDpsWkLOcSJyA,,2026-06-14T07:29:30.667958+00:00
107197,https://www.glamira.fr/bague-pour-hommes-attractive-life-4-mm.html?alloy=white-375,not_found_in_configured_stores,not_found_in_configured_stores,,11,https://www.glamira.fr/bague-pour-hommes-attractive-life-4-mm.html?alloy=white-375,,2026-06-14T07:29:48.109366+00:00
107198,https://www.glamira.de/herrenring-attractive-life-5-mm.html?alloy=red-585,not_found_in_configured_stores,not_found_in_configured_stores,,11,https://www.glamira.de/herrenring-attractive-life-5-mm.html?alloy=red-585,,2026-06-14T07:29:48.610303+00:00
107199,https://www.glamira.com/men-s-ring-attractive-life-6-mm.html?alloy=white-platin,not_found_in_configured_stores,not_found_in_configured_stores,,11,https://www.glamira.com/men-s-ring-attractive-life-6-mm.html?alloy=white-platin,,2026-06-14T07:29:49.137840+00:00
107200,https://www.glamira.com/men-s-ring-attractive-life-8-mm.html?alloy=white-585,not_found_in_configured_stores,not_found_in_configured_stores,,11,https://www.glamira.com/men-s-ring-attractive-life-8-mm.html?alloy=white-585,,2026-06-14T07:29:49.490308+00:00
107669,https://www.glamira.de/brilliant-ornament-4-mm.html?alloy=white-silber&stone=diamond-Zirconia&itm_source=recommendation&itm_medium=sorting,not_found_in_configured_stores,not_found_in_configured_stores,,11,https://www.glamira.de/brilliant-ornament-4-mm.html?alloy=white-silber&stone=diamond-Zirconia&itm_source=recommendation&itm_medium=sorting,,2026-06-14T07:31:43.784151+00:00
107688,https://www.glamira.co.uk/womens-ring-brilliant-ornament-4-mm.html?alloy=white-silber&stone=diamond-sapphire,not_found_in_configured_stores,not_found_in_configured_stores,,11,https://www.glamira.co.uk/womens-ring-brilliant-ornament-4-mm.html?alloy=white-silber&stone=diamond-sapphire,,2026-06-14T07:31:47.234031+00:00
107707,https://www.glamira.de/herrenring-brilliant-ornament-4-mm.html?alloy=white-585&itm_source=recommendation&itm_medium=sorting,not_found_in_configured_stores,not_found_in_configured_stores,,11,https://www.glamira.de/herrenring-brilliant-ornament-4-mm.html?alloy=white-585&itm_source=recommendation&itm_medium=sorting,,2026-06-14T07:31:51.808895+00:00
108175,https://www.glamira.hu/ferfi-gyuru-charming-jewel-10-mm.html?fbclid=IwAR31OfFl7ioAMV3GgEdJQgt3dajQWpxRa7BPyhfDu2MGeEWC9GUKGowZpmc&alloy=white-585,not_found_in_configured_stores,not_found_in_configured_stores,,12,https://www.glamira.hu/ferfi-gyuru-charming-jewel-10-mm.html?fbclid=IwAR31OfFl7ioAMV3GgEdJQgt3dajQWpxRa7BPyhfDu2MGeEWC9GUKGowZpmc&alloy=white-585,,2026-06-14T07:33:37.253442+00:00
108599,https://www.glamira.si/glamira-pendant-agretia.html?fbclid=IwAR2Ob0y3_OitKnasEAZIpr7PeEk2g3uXGz7QcMJLm0UHSpIUTpHPzPKxxmk,not_found_in_configured_stores,not_found_in_configured_stores,,12,https://www.glamira.si/glamira-pendant-agretia.html?fbclid=IwAR2Ob0y3_OitKnasEAZIpr7PeEk2g3uXGz7QcMJLm0UHSpIUTpHPzPKxxmk,,2026-06-14T07:35:21.359672+00:00
108600,https://www.glamira.be/glamira-pendant-alhena.html?fbclid=IwAR2xzQNw4o-YWbxzcl_mkK4VAcYfNIFHyx23-CjSpIwuq8g8DyKFbzl2jnc,not_found_in_configured_stores,not_found_in_configured_stores,,12,https://www.glamira.be/glamira-pendant-alhena.html?fbclid=IwAR2xzQNw4o-YWbxzcl_mkK4VAcYfNIFHyx23-CjSpIwuq8g8DyKFbzl2jnc,,2026-06-14T07:35:21.821596+00:00
108602,https://www.glamira.de/glamira-pendant-amelka.html?fbclid=IwAR1pehBYitbnFhT4luGK61ksllZtfvzZFzsRn5SEwtRG0iL-QO4Fytlvh0U,not_found_in_configured_stores,not_found_in_configured_stores,,11,https://www.glamira.de/glamira-pendant-amelka.html?fbclid=IwAR1pehBYitbnFhT4luGK61ksllZtfvzZFzsRn5SEwtRG0iL-QO4Fytlvh0U,,2026-06-14T07:35:22.384195+00:00
108603,https://www.glamira.es/glamira-pendant-amodita.html?fbclid=IwAR3Tuwklvsv03Hw1Fi1EmcKfhzgidf5Vv4pev886ADv3iZL_YGvIaH2sSHc,not_found_in_configured_stores,not_found_in_configured_stores,,12,https://www.glamira.es/glamira-pendant-amodita.html?fbclid=IwAR3Tuwklvsv03Hw1Fi1EmcKfhzgidf5Vv4pev886ADv3iZL_YGvIaH2sSHc,,2026-06-14T07:35:22.389598+00:00
108613,https://www.glamira.es/glamira-pendant-clodito.html?fbclid=IwAR32Yrt7uFOCNjQyS1kCi7aTPJzVkQy0MW50SRESuMLS5UPKqFlgl0FYD3U,not_found_in_configured_stores,not_found_in_configured_stores,,12,https://www.glamira.es/glamira-pendant-clodito.html?fbclid=IwAR32Yrt7uFOCNjQyS1kCi7aTPJzVkQy0MW50SRESuMLS5UPKqFlgl0FYD3U,,2026-06-14T07:35:22.421500+00:00
108614,https://www.glamira.co.uk/glamira-pendant-clodomiro.html?fbclid=IwAR0gCEryq75tErvR5dstl4og1ePrIkNfcT5mVo3ejmlZmevxUmdf5Irp-Ww,not_found_in_configured_stores,not_found_in_configured_stores,,11,https://www.glamira.co.uk/glamira-pendant-clodomiro.html?fbclid=IwAR0gCEryq75tErvR5dstl4og1ePrIkNfcT5mVo3ejmlZmevxUmdf5Irp-Ww,,2026-06-14T07:35:22.448567+00:00
108618,https://www.glamira.com.tr/glamira-pendant-eshita.html?diamond=ruby&alloy=yellow-585&fbclid=IwAR3-9SJpApkTkDfRkeWNXMb8soE5qkfq7b8-5ospBvymS6QC1ZgrTMvGWgI,not_found_in_configured_stores,not_found_in_configured_stores,,12,https://www.glamira.com.tr/glamira-pendant-eshita.html?diamond=ruby&alloy=yellow-585&fbclid=IwAR3-9SJpApkTkDfRkeWNXMb8soE5qkfq7b8-5ospBvymS6QC1ZgrTMvGWgI,,2026-06-14T07:35:22.493762+00:00
108620,https://www.glamira.com.tr/glamira-pendant-gerika.html?diamond=emerald&alloy=red-417&fbclid=IwAR2dkLpTvynVe9ODOo22OiswJLLH7duSbP4DD8ZpNzwurFEHeWNwAZI4268,not_found_in_configured_stores,not_found_in_configured_stores,,12,https://www.glamira.com.tr/glamira-pendant-gerika.html?diamond=emerald&alloy=red-417&fbclid=IwAR2dkLpTvynVe9ODOo22OiswJLLH7duSbP4DD8ZpNzwurFEHeWNwAZI4268,,2026-06-14T07:35:22.759541+00:00
108622,https://www.glamira.fr/glamira-pendant-gregoria.html?fbclid=IwAR3IisEwXza4s2nJpBVeZ9gIiV36KpQPVt5OpuOsQiWb0crEruBCnykNkF8,not_found_in_configured_stores,not_found_in_configured_stores,,11,https://www.glamira.fr/glamira-pendant-gregoria.html?fbclid=IwAR3IisEwXza4s2nJpBVeZ9gIiV36KpQPVt5OpuOsQiWb0crEruBCnykNkF8,,2026-06-14T07:35:23.073086+00:00
108624,https://www.glamira.com.tr/glamira-pendant-kaminia.html?diamond=tanzanite&alloy=red-375&fbclid=IwAR0qmwhU5Gju0I2HTsrnyW_gd-FSHmaUffDj9ARaAhYlvl_5CFP-2rfu4CI,not_found_in_configured_stores,not_found_in_configured_stores,,12,https://www.glamira.com.tr/glamira-pendant-kaminia.html?diamond=tanzanite&alloy=red-375&fbclid=IwAR0qmwhU5Gju0I2HTsrnyW_gd-FSHmaUffDj9ARaAhYlvl_5CFP-2rfu4CI,,2026-06-14T07:35:23.178408+00:00
108629,https://www.glamira.ee/glamira-pendant-liadan.html?fbclid=IwAR363CATZ1vtmNjmhmRhphipAPJ-YzIoNgfcA1IVOC7CiK2MrHwJJdbf6rE,not_found_in_configured_stores,not_found_in_configured_stores,,12,https://www.glamira.ee/glamira-pendant-liadan.html?fbclid=IwAR363CATZ1vtmNjmhmRhphipAPJ-YzIoNgfcA1IVOC7CiK2MrHwJJdbf6rE,,2026-06-14T07:35:23.584435+00:00
108639,https://www.glamira.hu/glamira-pendant-nijole.html?fbclid=IwAR0QF_ytF9T0k7LXzSX8iidItpZf82rUiGW9Ka4xEtYU2KC4vpsukCj_Brw,not_found_in_configured_stores,not_found_in_configured_stores,,12,https://www.glamira.hu/glamira-pendant-nijole.html?fbclid=IwAR0QF_ytF9T0k7LXzSX8iidItpZf82rUiGW9Ka4xEtYU2KC4vpsukCj_Brw,,2026-06-14T07:35:23.800022+00:00
108641,https://www.glamira.lv/glamira-pendant-renuka.html?fbclid=IwAR2-3kaNIuou--I2lpuPjYCoP4i6hbn4OEhvlv2ovM29UxXY_SVarWBr_gE,not_found_in_configured_stores,not_found_in_configured_stores,,12,https://www.glamira.lv/glamira-pendant-renuka.html?fbclid=IwAR2-3kaNIuou--I2lpuPjYCoP4i6hbn4OEhvlv2ovM29UxXY_SVarWBr_gE,,2026-06-14T07:35:24.001483+00:00
108642,https://www.glamira.fr/glamira-pendant-ricmanie.html?fbclid=IwAR1jrcrW11M8iFBiVGLvh_eN8s-3W-aDEAByx0DhtcKNoZ2lCmSJt_rdHqA,not_found_in_configured_stores,not_found_in_configured_stores,,11,https://www.glamira.fr/glamira-pendant-ricmanie.html?fbclid=IwAR1jrcrW11M8iFBiVGLvh_eN8s-3W-aDEAByx0DhtcKNoZ2lCmSJt_rdHqA,,2026-06-14T07:35:24.345660+00:00
108643,https://www.glamira.lv/glamira-pendant-roseldia.html?fbclid=IwAR2UtmF5AHDP-YX2Q-ZX5Bechs21CPCIvjYkdTGMllWpftLgrVoxm2hknRQ,not_found_in_configured_stores,not_found_in_configured_stores,,12,https://www.glamira.lv/glamira-pendant-roseldia.html?fbclid=IwAR2UtmF5AHDP-YX2Q-ZX5Bechs21CPCIvjYkdTGMllWpftLgrVoxm2hknRQ,,2026-06-14T07:35:24.433064+00:00
108649,https://www.glamira.fi/glamira-pendant-triguna.html?fbclid=IwAR3fM857to4DY3Rvzc8wK1JfUofrvR4xEI6W2QT2uZHue8KJrJIbg4N7NdA,not_found_in_configured_stores,not_found_in_configured_stores,,12,https://www.glamira.fi/glamira-pendant-triguna.html?fbclid=IwAR3fM857to4DY3Rvzc8wK1JfUofrvR4xEI6W2QT2uZHue8KJrJIbg4N7NdA,,2026-06-14T07:35:24.477853+00:00
108651,https://www.glamira.com.au/glamira-pendant-triyama.html?alloy=red-750&diamond=blackdiamond&itm_source=recommendation&itm_medium=viewall,not_found_in_configured_stores,not_found_in_configured_stores,,11,https://www.glamira.com.au/glamira-pendant-triyama.html?alloy=red-750&diamond=blackdiamond&itm_source=recommendation&itm_medium=viewall,,2026-06-14T07:35:24.696002+00:00
108652,https://www.glamira.in/glamira-pendant-tuhina.html?fbclid=IwAR3y6tvvzXd-Y2qL2hbVEgIXx_Cpb4YZCcPkITMBiHnSySjK_7DE-byJQKQ,not_found_in_configured_stores,not_found_in_configured_stores,,12,https://www.glamira.in/glamira-pendant-tuhina.html?fbclid=IwAR3y6tvvzXd-Y2qL2hbVEgIXx_Cpb4YZCcPkITMBiHnSySjK_7DE-byJQKQ,,2026-06-14T07:35:24.825013+00:00
108653,https://www.glamira.in/glamira-pendant-urmila.html?fbclid=IwAR1N3U9U4q3oEGaehZldDHUVgHoe0EE0pFZnQ4-RShL0NS99QpkwMTsbLkg,not_found_in_configured_stores,not_found_in_configured_stores,,12,https://www.glamira.in/glamira-pendant-urmila.html?fbclid=IwAR1N3U9U4q3oEGaehZldDHUVgHoe0EE0pFZnQ4-RShL0NS99QpkwMTsbLkg,,2026-06-14T07:35:25.142261+00:00
108654,https://www.glamira.cz/glamira-pendant-utalika.html,not_found_in_configured_stores,not_found_in_configured_stores,,12,https://www.glamira.cz/glamira-pendant-utalika.html,,2026-06-14T07:35:25.181349+00:00
108662,https://www.glamira.sk/glamira-pendant-zaneta.html?fbclid=IwAR17iJzGvrtgDea7bXToRo1CxSdlNio4_YYvjhnGGeqMmWeESzCmnwESc1M,not_found_in_configured_stores,not_found_in_configured_stores,,12,https://www.glamira.sk/glamira-pendant-zaneta.html?fbclid=IwAR17iJzGvrtgDea7bXToRo1CxSdlNio4_YYvjhnGGeqMmWeESzCmnwESc1M,,2026-06-14T07:35:25.883739+00:00
108663,https://www.glamira.in/glamira-pendant-zerlinda.html?fbclid=IwAR3PUKNh3X-jp32gKSFgzoRFgM4F6nBm9Uo5iDtKe7PW3QsRu38TMBE6eWY,not_found_in_configured_stores,not_found_in_configured_stores,,12,https://www.glamira.in/glamira-pendant-zerlinda.html?fbclid=IwAR3PUKNh3X-jp32gKSFgzoRFgM4F6nBm9Uo5iDtKe7PW3QsRu38TMBE6eWY,,2026-06-14T07:35:26.393506+00:00
108867,https://www.glamira.es/magic-touch-10-mm.html?fbclid=IwAR2Wzz5gbBgxA1WVHlbF9G899CdqBdH1dnEuwNuGk4SSeNstjPFKAziy7rk&alloy=white-585,not_found_in_configured_stores,not_found_in_configured_stores,,12,https://www.glamira.es/magic-touch-10-mm.html?fbclid=IwAR2Wzz5gbBgxA1WVHlbF9G899CdqBdH1dnEuwNuGk4SSeNstjPFKAziy7rk&alloy=white-585,,2026-06-14T07:36:17.806700+00:00
108868,https://www.glamira.co.uk/magic-touch-7-mm.html?fbclid=IwAR1bqWISoCPCzmJtwyEFBjE5hUrevZ0xg7LcAouTDLztpaWHwbZa4mZsA2A&alloy=white-585,not_found_in_configured_stores,not_found_in_configured_stores,,11,https://www.glamira.co.uk/magic-touch-7-mm.html?fbclid=IwAR1bqWISoCPCzmJtwyEFBjE5hUrevZ0xg7LcAouTDLztpaWHwbZa4mZsA2A&alloy=white-585,,2026-06-14T07:36:19.623614+00:00
108869,https://www.glamira.de/magic-touch-8-mm.html?fbclid=IwAR1MEGj3w8qCTOrCqdp2sndSBQFnRUpw4dnDz2B9inqT35TYXun7uiqQE6w&alloy=white-585,not_found_in_configured_stores,not_found_in_configured_stores,,11,https://www.glamira.de/magic-touch-8-mm.html?fbclid=IwAR1MEGj3w8qCTOrCqdp2sndSBQFnRUpw4dnDz2B9inqT35TYXun7uiqQE6w&alloy=white-585,,2026-06-14T07:36:19.904264+00:00
108931,https://www.glamira.com.ar/essential-luxry-10-mm.html?alloy=white-platin&stone=diamond-Zirconia&itm_source=recommendation&itm_medium=sorting,not_found_in_configured_stores,not_found_in_configured_stores,,12,https://www.glamira.com.ar/essential-luxry-10-mm.html?alloy=white-platin&stone=diamond-Zirconia&itm_source=recommendation&itm_medium=sorting,,2026-06-14T07:36:35.075827+00:00
108932,https://www.glamira.cz/essential-luxry-5-mm.html?alloy=white-585&keyword=&matchtype=&gclid=CjwKCAjwte71BRBCEiwAU_V9h5Aey2_-Q6I2Z5-4757fcKGAup0Y4XAHkoM9uzTNM_vjpnWldT4QaBoCrsAQAvD_BwE,not_found_in_configured_stores,not_found_in_configured_stores,,12,https://www.glamira.cz/essential-luxry-5-mm.html?alloy=white-585&keyword=&matchtype=&gclid=CjwKCAjwte71BRBCEiwAU_V9h5Aey2_-Q6I2Z5-4757fcKGAup0Y4XAHkoM9uzTNM_vjpnWldT4QaBoCrsAQAvD_BwE,,2026-06-14T07:36:35.274222+00:00
108933,https://www.glamira.no/essential-luxry-6-mm.html?alloy=white-585&gclid=EAIaIQobChMIrbqi5rqs6QIVBIKaCh2KQgAuEAEYASADEgLJ_vD_BwE,not_found_in_configured_stores,not_found_in_configured_stores,,12,https://www.glamira.no/essential-luxry-6-mm.html?alloy=white-585&gclid=EAIaIQobChMIrbqi5rqs6QIVBIKaCh2KQgAuEAEYASADEgLJ_vD_BwE,,2026-06-14T07:36:35.303782+00:00
108934,https://www.glamira.cz/essential-luxry-8-mm.html?alloy=white-585&keyword=&matchtype=&gclid=Cj0KCQjw-r71BRDuARIsAB7i_QPQOMykxihOB1xSrZaSPqDDyHV6Q5S_dzcTpEweqZduWDKHWNKEv7QaAqFqEALw_wcB,not_found_in_configured_stores,not_found_in_configured_stores,,12,https://www.glamira.cz/essential-luxry-8-mm.html?alloy=white-585&keyword=&matchtype=&gclid=Cj0KCQjw-r71BRDuARIsAB7i_QPQOMykxihOB1xSrZaSPqDDyHV6Q5S_dzcTpEweqZduWDKHWNKEv7QaAqFqEALw_wcB,,2026-06-14T07:36:35.338479+00:00
109081,https://www.glamira.com/womens-ring-magic-touch-10-mm.html?fbclid=IwAR2jm4AoDfC3aykxohbGDu-Uf7PwX1Jh6I02fIseC7TY0HkKNji0BhJiJvo&alloy=white-585,not_found_in_configured_stores,not_found_in_configured_stores,,11,https://www.glamira.com/womens-ring-magic-touch-10-mm.html?fbclid=IwAR2jm4AoDfC3aykxohbGDu-Uf7PwX1Jh6I02fIseC7TY0HkKNji0BhJiJvo&alloy=white-585,,2026-06-14T07:37:09.669752+00:00
109082,https://www.glamira.ro/inele-pentru-femei-magic-touch-7-mm.html?fbclid=IwAR3pZv4uCojawu6UACfL3vQ7F6QDkrU2KcyKLUQDkV1OPljlKqUC6haPt5M&alloy=white-585,not_found_in_configured_stores,not_found_in_configured_stores,,12,https://www.glamira.ro/inele-pentru-femei-magic-touch-7-mm.html?fbclid=IwAR3pZv4uCojawu6UACfL3vQ7F6QDkrU2KcyKLUQDkV1OPljlKqUC6haPt5M&alloy=white-585,,2026-06-14T07:37:09.672035+00:00
109083,https://www.glamira.com/womens-ring-magic-touch-8-mm.html?fbclid=IwAR3d0PikkKYfYB4HofEK2WpXaKDjf_pnLjVYs-Csn6WSE5Ontdb-8nxCRBY&alloy=white-585,not_found_in_configured_stores,not_found_in_configured_stores,,11,https://www.glamira.com/womens-ring-magic-touch-8-mm.html?fbclid=IwAR3d0PikkKYfYB4HofEK2WpXaKDjf_pnLjVYs-Csn6WSE5Ontdb-8nxCRBY&alloy=white-585,,2026-06-14T07:37:09.710687+00:00
109145,https://www.glamira.com.pe/anillo-de-mujer-essential-luxry-10-mm.html?alloy=white-585,not_found_in_configured_stores,not_found_in_configured_stores,,12,https://www.glamira.com.pe/anillo-de-mujer-essential-luxry-10-mm.html?alloy=white-585,,2026-06-14T07:37:28.644837+00:00
109146,https://www.glamira.de/damenring-essential-luxry-5-mm.html?alloy=yellow-375,not_found_in_configured_stores,not_found_in_configured_stores,,11,https://www.glamira.de/damenring-essential-luxry-5-mm.html?alloy=yellow-375,,2026-06-14T07:37:28.666415+00:00
109147,https://www.glamira.co.uk/womens-ring-essential-luxry-6-mm.html?fbclid=IwAR31ZjNzuUJcBoyx13ZIMSkP6ByFVhF0rq13n5ORN_YoKw4j82lLflwSivU&alloy=white-585,not_found_in_configured_stores,not_found_in_configured_stores,,11,https://www.glamira.co.uk/womens-ring-essential-luxry-6-mm.html?fbclid=IwAR31ZjNzuUJcBoyx13ZIMSkP6ByFVhF0rq13n5ORN_YoKw4j82lLflwSivU&alloy=white-585,,2026-06-14T07:37:29.037896+00:00
109148,https://www.glamira.es/anillo-de-mujer-essential-luxry-8-mm.html?alloy=white-silber,not_found_in_configured_stores,not_found_in_configured_stores,,12,https://www.glamira.es/anillo-de-mujer-essential-luxry-8-mm.html?alloy=white-silber,,2026-06-14T07:37:29.291918+00:00
109295,https://www.glamira.de/herrenring-magic-touch-10-mm.html?fbclid=IwAR3wlSgfKUveXNNw6DXkWm0fQvxr9j0G6lHx9Qr49SUF58gijrUM1Io01e4&alloy=white-585,not_found_in_configured_stores,not_found_in_configured_stores,,11,https://www.glamira.de/herrenring-magic-touch-10-mm.html?fbclid=IwAR3wlSgfKUveXNNw6DXkWm0fQvxr9j0G6lHx9Qr49SUF58gijrUM1Io01e4&alloy=white-585,,2026-06-14T07:38:09.317337+00:00
109296,https://www.glamira.de/herrenring-magic-touch-7-mm.html?fbclid=IwAR2orOXkByHZtoo4jRXUFHqDEBEW2dijnvzbJR2wZIZ5a8rY3H3i1lxxJsk&alloy=white-585,not_found_in_configured_stores,not_found_in_configured_stores,,11,https://www.glamira.de/herrenring-magic-touch-7-mm.html?fbclid=IwAR2orOXkByHZtoo4jRXUFHqDEBEW2dijnvzbJR2wZIZ5a8rY3H3i1lxxJsk&alloy=white-585,,2026-06-14T07:38:09.462180+00:00
109297,https://www.glamira.co.uk/men-s-ring-magic-touch-8-mm.html?fbclid=IwAR1_Kxte4lnB9wLWLHtxDviQlSaekG8l1l3BUSq5IajxriH_5xfnjyOJO0k&alloy=white-585,not_found_in_configured_stores,not_found_in_configured_stores,,11,https://www.glamira.co.uk/men-s-ring-magic-touch-8-mm.html?fbclid=IwAR1_Kxte4lnB9wLWLHtxDviQlSaekG8l1l3BUSq5IajxriH_5xfnjyOJO0k&alloy=white-585,,2026-06-14T07:38:09.602231+00:00
109359,https://www.glamira.com/men-s-ring-essential-luxry-10-mm.html?alloy=white-585&itm_source=recommendation&itm_medium=sorting,not_found_in_configured_stores,not_found_in_configured_stores,,11,https://www.glamira.com/men-s-ring-essential-luxry-10-mm.html?alloy=white-585&itm_source=recommendation&itm_medium=sorting,,2026-06-14T07:38:25.565593+00:00
109360,https://www.glamira.de/herrenring-essential-luxry-5-mm.html?alloy=white-silber,not_found_in_configured_stores,not_found_in_configured_stores,,11,https://www.glamira.de/herrenring-essential-luxry-5-mm.html?alloy=white-silber,,2026-06-14T07:38:26.006215+00:00
109361,https://www.glamira.lt/ziedai-vyrams-essential-luxry-6-mm.html?fbclid=IwAR2AMHb31tMNbfKKMgVkPAfKIAPdBS3QlGaqTnfxkIYEJosC487YxKxwjNc&alloy=white-585,not_found_in_configured_stores,not_found_in_configured_stores,,12,https://www.glamira.lt/ziedai-vyrams-essential-luxry-6-mm.html?fbclid=IwAR2AMHb31tMNbfKKMgVkPAfKIAPdBS3QlGaqTnfxkIYEJosC487YxKxwjNc&alloy=white-585,,2026-06-14T07:38:26.325152+00:00
109362,https://www.glamira.es/anillo-de-hombre-essential-luxry-8-mm.html?alloy=white-silber&gclid=Cj0KCQjw7qn1BRDqARIsAKMbHDZb1chPgNGr0JD0m1CHXLS3YVPyOehhb0idWJ9Zx9ZVH1i9KB6-U_8aAlfsEALw_wcB,not_found_in_configured_stores,not_found_in_configured_stores,,12,https://www.glamira.es/anillo-de-hombre-essential-luxry-8-mm.html?alloy=white-silber&gclid=Cj0KCQjw7qn1BRDqARIsAKMbHDZb1chPgNGr0JD0m1CHXLS3YVPyOehhb0idWJ9Zx9ZVH1i9KB6-U_8aAlfsEALw_wcB,,2026-06-14T07:38:26.692148+00:00
109643,https://www.glamira.hu/glamira-ring-ediva.html?stone3=diamond-Swarovsky&stone2=diamond-Brillant&alloy=white-375&diamond=diamond-Brillant,not_found_in_configured_stores,not_found_in_configured_stores,,12,https://www.glamira.hu/glamira-ring-ediva.html?stone3=diamond-Swarovsky&stone2=diamond-Brillant&alloy=white-375&diamond=diamond-Brillant,,2026-06-14T07:39:32.379805+00:00
109658,https://www.glamira.fr/glamira-ring-edwiena.html?stone2=diamond-sapphire&alloy=white-585&diamond=diamond-Swarovsky&gclid=EAIaIQobChMIp7fDmuLb6AIVhZ3VCh3lVwKhEAQYBCABEgKVvfD_BwE,not_found_in_configured_stores,not_found_in_configured_stores,,11,https://www.glamira.fr/glamira-ring-edwiena.html?stone2=diamond-sapphire&alloy=white-585&diamond=diamond-Swarovsky&gclid=EAIaIQobChMIp7fDmuLb6AIVhZ3VCh3lVwKhEAQYBCABEgKVvfD_BwE,,2026-06-14T07:39:36.558109+00:00
109663,https://www.glamira.cl/glamira-ring-edyta.html?stone2=diamond-Swarovsky&alloy=white-585&diamond=diamond-Brillant&gclid=CjwKCAjw4871BRAjEiwAbxXi2-8JQ2FWtTRdSNOqHPIagAmLvC-bdVVEoNxxl28bX-bQcWXGHIBa_BoCDLUQAvD_BwE,not_found_in_configured_stores,not_found_in_configured_stores,,12,https://www.glamira.cl/glamira-ring-edyta.html?stone2=diamond-Swarovsky&alloy=white-585&diamond=diamond-Brillant&gclid=CjwKCAjw4871BRAjEiwAbxXi2-8JQ2FWtTRdSNOqHPIagAmLvC-bdVVEoNxxl28bX-bQcWXGHIBa_BoCDLUQAvD_BwE,,2026-06-14T07:39:37.883540+00:00
109711,https://www.glamira.com/glamira-ring-ellyza.html?alloy=white-silber&diamond=emerald&stone2=diamond-sapphire&itm_source=recommendation&itm_medium=sorting,not_found_in_configured_stores,not_found_in_configured_stores,,11,https://www.glamira.com/glamira-ring-ellyza.html?alloy=white-silber&diamond=emerald&stone2=diamond-sapphire&itm_source=recommendation&itm_medium=sorting,,2026-06-14T07:39:49.909841+00:00
109870,https://www.glamira.be/glamira-earring-pracht.html?stone2=diamond-Swarovsky&alloy=white-585&diamond=diamond-Brillant&gclid=EAIaIQobChMIvbmNrpvA6QIV07neCh3oRg2_EAEYASAGEgL9a_D_BwE,not_found_in_configured_stores,not_found_in_configured_stores,,12,https://www.glamira.be/glamira-earring-pracht.html?stone2=diamond-Swarovsky&alloy=white-585&diamond=diamond-Brillant&gclid=EAIaIQobChMIvbmNrpvA6QIV07neCh3oRg2_EAEYASAGEgL9a_D_BwE,,2026-06-14T07:40:11.249487+00:00
109893,https://www.glamira.de/glamira-pendant-glitzernd.html?alloy=yellow-585&diamond=emerald&stone2=diamond-sapphire&itm_source=recommendation&itm_medium=sorting,not_found_in_configured_stores,not_found_in_configured_stores,,11,https://www.glamira.de/glamira-pendant-glitzernd.html?alloy=yellow-585&diamond=emerald&stone2=diamond-sapphire&itm_source=recommendation&itm_medium=sorting,,2026-06-14T07:40:17.348998+00:00
110033,https://www.glamira.de/glamira-ring-yalissa.html?stone2=diamond-Brillant&alloy=white-585&diamond=morganite&gclid=Cj0KCQjw-r71BRDuARIsAB7i_QPU9g48_9nDxsHxTtaSj56iZUlZPvOC0eLEcPV0aPjz18vEeymcTOYaApYOEALw_wcB,not_found_in_configured_stores,not_found_in_configured_stores,,11,https://www.glamira.de/glamira-ring-yalissa.html?stone2=diamond-Brillant&alloy=white-585&diamond=morganite&gclid=Cj0KCQjw-r71BRDuARIsAB7i_QPU9g48_9nDxsHxTtaSj56iZUlZPvOC0eLEcPV0aPjz18vEeymcTOYaApYOEALw_wcB,,2026-06-14T07:40:34.279075+00:00
110137,https://test.glamira.de/glgb/glamira-ring-saturnina.html,not_found_in_configured_stores,not_found_in_configured_stores,,12,https://test.glamira.de/glgb/glamira-ring-saturnina.html,,2026-06-14T07:40:58.839642+00:00
110165,https://test.glamira.de/glgb/glamira-ring-jeffrey-3.0crt.html?alloy=red-750&diamond=browndiamond,not_found_in_configured_stores,not_found_in_configured_stores,,12,https://test.glamira.de/glgb/glamira-ring-jeffrey-3.0crt.html?alloy=red-750&diamond=browndiamond,,2026-06-14T07:40:58.864466+00:00
110171,https://test.glamira.de/glgb/glamira-ring-onella-1.0crt.html?alloy=yellow-585&stone2=diamond-Swarovsky&diamond=blackdiamond,not_found_in_configured_stores,not_found_in_configured_stores,,12,https://test.glamira.de/glgb/glamira-ring-onella-1.0crt.html?alloy=yellow-585&stone2=diamond-Swarovsky&diamond=blackdiamond,,2026-06-14T07:41:01.925891+00:00
110173,https://test.glamira.de/glgb/glamira-ring-primula-1.0crt.html?alloy=white-585&diamond=topaz-garden-neptun,not_found_in_configured_stores,not_found_in_configured_stores,,12,https://test.glamira.de/glgb/glamira-ring-primula-1.0crt.html?alloy=white-585&diamond=topaz-garden-neptun,,2026-06-14T07:41:02.081942+00:00
110175,https://test.glamira.de/glgb/glamira-ring-siargaole-0.5crt.html?alloy=white-585&stone2=yellowdiamond&diamond=citrine,not_found_in_configured_stores,not_found_in_configured_stores,,12,https://test.glamira.de/glgb/glamira-ring-siargaole-0.5crt.html?alloy=white-585&stone2=yellowdiamond&diamond=citrine,,2026-06-14T07:41:03.991433+00:00
110176,https://test.glamira.de/glgb/glamira-ring-siargaole-1.0crt.html?alloy=yellow-585&diamond=diamond-Brillant&stone2=diamond-Swarovsky,not_found_in_configured_stores,not_found_in_configured_stores,,12,https://test.glamira.de/glgb/glamira-ring-siargaole-1.0crt.html?alloy=yellow-585&diamond=diamond-Brillant&stone2=diamond-Swarovsky,,2026-06-14T07:41:04.510473+00:00
110178,https://test.glamira.de/glgb/glamira-ring-titina-1.0crt.html?alloy=white-585&diamond=diamond-Brillant,not_found_in_configured_stores,not_found_in_configured_stores,,12,https://test.glamira.de/glgb/glamira-ring-titina-1.0crt.html?alloy=white-585&diamond=diamond-Brillant,,2026-06-14T07:41:04.609941+00:00
110180,https://www.glamira.com.tr/glamira-pendant-joella.html?stone2=diamond-Swarovsky&alloy=red-375&diamond=rose-quartz&gclid=EAIaIQobChMIi-Ll99-15gIVYkTlCh0h6wENEAEYASABEgJO9fD_BwE,not_found_in_configured_stores,not_found_in_configured_stores,,12,https://www.glamira.com.tr/glamira-pendant-joella.html?stone2=diamond-Swarovsky&alloy=red-375&diamond=rose-quartz&gclid=EAIaIQobChMIi-Ll99-15gIVYkTlCh0h6wENEAEYASABEgJO9fD_BwE,,2026-06-14T07:41:04.695376+00:00
110181,https://www.glamira.de/glamira-pendant-granado.html?itm_source=recommendation&itm_medium=smartsearch&diamond=sapphire&stone2=diamond-Brillant&alloy=white-585,not_found_in_configured_stores,not_found_in_configured_stores,,11,https://www.glamira.de/glamira-pendant-granado.html?itm_source=recommendation&itm_medium=smartsearch&diamond=sapphire&stone2=diamond-Brillant&alloy=white-585,,2026-06-14T07:41:04.719348+00:00
110208,https://www.glamira.de/glamira-bracelet-lukas.html?alloy=red-585&diamond=diamond-Swarovsky&leather=brown,not_found_in_configured_stores,not_found_in_configured_stores,,11,https://www.glamira.de/glamira-bracelet-lukas.html?alloy=red-585&diamond=diamond-Swarovsky&leather=brown,,2026-06-14T07:41:15.180960+00:00
110246,https://www.glamira.se/glamira-bracelet-beula.html?alloy=white-585&diamond=diamond-Swarovsky&gclid=EAIaIQobChMI8JmBlL2r6AIV05kYCh3iEAyHEAEYASAGEgK9hPD_BwE,not_found_in_configured_stores,not_found_in_configured_stores,,12,https://www.glamira.se/glamira-bracelet-beula.html?alloy=white-585&diamond=diamond-Swarovsky&gclid=EAIaIQobChMI8JmBlL2r6AIV05kYCh3iEAyHEAEYASAGEgK9hPD_BwE,,2026-06-14T07:41:25.643619+00:00
110271,https://test.glamira.de/glgb/glamira-pendant-kasha.html,not_found_in_configured_stores,not_found_in_configured_stores,,12,https://test.glamira.de/glgb/glamira-pendant-kasha.html,,2026-06-14T07:41:32.331454+00:00
110272,https://www.glamira.com.tr/glamira-ring-adeda.html?alloy=white_yellow-585&diamond=kunzite,not_found_in_configured_stores,not_found_in_configured_stores,,12,https://www.glamira.com.tr/glamira-ring-adeda.html?alloy=white_yellow-585&diamond=kunzite,,2026-06-14T07:41:32.429968+00:00
110273,https://www.glamira.com.tr/glamira-ring-adelaida.html?alloy=white-585&diamond=morganite&stone2=diamond-Brillant,not_found_in_configured_stores,not_found_in_configured_stores,,12,https://www.glamira.com.tr/glamira-ring-adelaida.html?alloy=white-585&diamond=morganite&stone2=diamond-Brillant,,2026-06-14T07:41:32.547934+00:00
110274,https://www.glamira.com.tr/glamira-ring-nena.html?stone2=diamond-Brillant&alloy=white-585&diamond=londonbluetopaz&utm_source=criteo&utm_medium=retargeting&utm_campaign=webconversion,not_found_in_configured_stores,not_found_in_configured_stores,,12,https://www.glamira.com.tr/glamira-ring-nena.html?stone2=diamond-Brillant&alloy=white-585&diamond=londonbluetopaz&utm_source=criteo&utm_medium=retargeting&utm_campaign=webconversion,,2026-06-14T07:41:32.612479+00:00
110275,https://www.glamira.fr/glamira-ring-alby.html?alloy=white-585&diamond=kunzite&stone2=diamond-Brillant,not_found_in_configured_stores,not_found_in_configured_stores,,11,https://www.glamira.fr/glamira-ring-alby.html?alloy=white-585&diamond=kunzite&stone2=diamond-Brillant,,2026-06-14T07:41:32.677855+00:00
110276,https://www.glamira.com/glamira-ring-alease.html?alloy=white-585&stone2=diamond-Brillant&diamond=green-amethyst-prasiolite,not_found_in_configured_stores,not_found_in_configured_stores,,11,https://www.glamira.com/glamira-ring-alease.html?alloy=white-585&stone2=diamond-Brillant&diamond=green-amethyst-prasiolite,,2026-06-14T07:41:32.725789+00:00
110277,https://www.glamira.de/glamira-ring-alida.html?alloy=white-585&diamond=morganite&stone2=diamond-Brillant,not_found_in_configured_stores,not_found_in_configured_stores,,11,https://www.glamira.de/glamira-ring-alida.html?alloy=white-585&diamond=morganite&stone2=diamond-Brillant,,2026-06-14T07:41:32.904826+00:00
110278,https://www.glamira.bg/glamira-ring-almeta.html?alloy=white-585&diamond=swiss-blue-topaz&stone2=diamond-Brillant,not_found_in_configured_stores,not_found_in_configured_stores,,12,https://www.glamira.bg/glamira-ring-almeta.html?alloy=white-585&diamond=swiss-blue-topaz&stone2=diamond-Brillant,,2026-06-14T07:41:33.280053+00:00
110279,https://www.glamira.com/glamira-ring-amada.html?alloy=white-585&diamond=sapphire&stone2=diamond-Brillant,not_found_in_configured_stores,not_found_in_configured_stores,,11,https://www.glamira.com/glamira-ring-amada.html?alloy=white-585&diamond=sapphire&stone2=diamond-Brillant,,2026-06-14T07:41:33.299444+00:00
110280,https://www.glamira.com.tr/glamira-ring-anabel.html?alloy=white-585&diamond=green-amethyst-prasiolite&stone2=diamond-Brillant&stone3=diamond-Brillant,not_found_in_configured_stores,not_found_in_configured_stores,,12,https://www.glamira.com.tr/glamira-ring-anabel.html?alloy=white-585&diamond=green-amethyst-prasiolite&stone2=diamond-Brillant&stone3=diamond-Brillant,,2026-06-14T07:41:33.356694+00:00
110281,https://www.glamira.fi/glamira-ring-arina.html?alloy=white-585&diamond=swiss-blue-topaz&stone2=diamond-Brillant,not_found_in_configured_stores,not_found_in_configured_stores,,12,https://www.glamira.fi/glamira-ring-arina.html?alloy=white-585&diamond=swiss-blue-topaz&stone2=diamond-Brillant,,2026-06-14T07:41:33.403748+00:00
110282,https://www.glamira.es/glamira-ring-arjoita.html?alloy=white-585&diamond=londonbluetopaz&stone2=diamond-Brillant,not_found_in_configured_stores,not_found_in_configured_stores,,12,https://www.glamira.es/glamira-ring-arjoita.html?alloy=white-585&diamond=londonbluetopaz&stone2=diamond-Brillant,,2026-06-14T07:41:33.426887+00:00
110283,https://www.glamira.it/glamira-ring-arminda.html?alloy=white-585&diamond=citrine&stone2=diamond-Brillant,not_found_in_configured_stores,not_found_in_configured_stores,,11,https://www.glamira.it/glamira-ring-arminda.html?alloy=white-585&diamond=citrine&stone2=diamond-Brillant,,2026-06-14T07:41:33.628679+00:00
110284,https://www.glamira.com.au/glamira-ring-ashton.html?alloy=white-585&diamond=rhodolite&stone2=diamond-Brillant,not_found_in_configured_stores,not_found_in_configured_stores,,11,https://www.glamira.com.au/glamira-ring-ashton.html?alloy=white-585&diamond=rhodolite&stone2=diamond-Brillant,,2026-06-14T07:41:33.651953+00:00
110285,https://www.glamira.de/glamira-ring-avis.html?alloy=white-585&diamond=green-amethyst-prasiolite&stone2=diamond-Brillant,not_found_in_configured_stores,not_found_in_configured_stores,,11,https://www.glamira.de/glamira-ring-avis.html?alloy=white-585&diamond=green-amethyst-prasiolite&stone2=diamond-Brillant,,2026-06-14T07:41:34.009245+00:00
110286,https://www.glamira.com.tr/glamira-ring-bea.html?alloy=white-585&diamond=rubellite-tourmaline&stone2=diamond-Brillant,not_found_in_configured_stores,not_found_in_configured_stores,,12,https://www.glamira.com.tr/glamira-ring-bea.html?alloy=white-585&diamond=rubellite-tourmaline&stone2=diamond-Brillant,,2026-06-14T07:41:34.032122+00:00
110287,https://www.glamira.com.tr/glamira-ring-belicia.html?diamond=rhodolite&stone2=diamond-Brillant&alloy=white-585,not_found_in_configured_stores,not_found_in_configured_stores,,12,https://www.glamira.com.tr/glamira-ring-belicia.html?diamond=rhodolite&stone2=diamond-Brillant&alloy=white-585,,2026-06-14T07:41:34.604970+00:00
110288,https://www.glamira.co.uk/glamira-ring-bethel.html?alloy=white-585&diamond=swiss-blue-topaz&stone2=diamond-Brillant,not_found_in_configured_stores,not_found_in_configured_stores,,11,https://www.glamira.co.uk/glamira-ring-bethel.html?alloy=white-585&diamond=swiss-blue-topaz&stone2=diamond-Brillant,,2026-06-14T07:41:34.818839+00:00
110289,https://www.glamira.ca/glamira-ring-betsey.html?alloy=white-585&diamond=pink-tourmaline&stone2=diamond-Brillant,not_found_in_configured_stores,not_found_in_configured_stores,,11,https://www.glamira.ca/glamira-ring-betsey.html?alloy=white-585&diamond=pink-tourmaline&stone2=diamond-Brillant,,2026-06-14T07:41:35.023717+00:00
110290,https://www.glamira.pl/glamira-ring-beverlee.html?alloy=white-585&diamond=morganite&stone2=diamond-Brillant,not_found_in_configured_stores,not_found_in_configured_stores,,11,https://www.glamira.pl/glamira-ring-beverlee.html?alloy=white-585&diamond=morganite&stone2=diamond-Brillant,,2026-06-14T07:41:35.048108+00:00
110291,https://www.glamira.fr/glamira-ring-brianne.html?alloy=white-585&diamond=tanzanite&stone2=diamond-Brillant,not_found_in_configured_stores,not_found_in_configured_stores,,11,https://www.glamira.fr/glamira-ring-brianne.html?alloy=white-585&diamond=tanzanite&stone2=diamond-Brillant,,2026-06-14T07:41:35.073793+00:00
110292,https://www.glamira.com.tr/glamira-ring-brigita.html?stone2=diamond-Brillant&alloy=white-585&diamond=londonbluetopaz&utm_source=criteo&utm_medium=retargeting&utm_campaign=webconversion,not_found_in_configured_stores,not_found_in_configured_stores,,12,https://www.glamira.com.tr/glamira-ring-brigita.html?stone2=diamond-Brillant&alloy=white-585&diamond=londonbluetopaz&utm_source=criteo&utm_medium=retargeting&utm_campaign=webconversion,,2026-06-14T07:41:35.421674+00:00
110293,https://www.glamira.hr/glamira-ring-caralyn.html?diamond=citrine&stone2=diamond-Brillant&alloy=white-silber,not_found_in_configured_stores,not_found_in_configured_stores,,12,https://www.glamira.hr/glamira-ring-caralyn.html?diamond=citrine&stone2=diamond-Brillant&alloy=white-silber,,2026-06-14T07:41:35.508740+00:00
110294,https://www.glamira.co.uk/glamira-ring-carley.html?alloy=white-585&diamond=swiss-blue-topaz&stone2=diamond-Brillant,not_found_in_configured_stores,not_found_in_configured_stores,,11,https://www.glamira.co.uk/glamira-ring-carley.html?alloy=white-585&diamond=swiss-blue-topaz&stone2=diamond-Brillant,,2026-06-14T07:41:35.569883+00:00
110295,https://www.glamira.pl/glamira-ring-caroyln.html?alloy=white-585&diamond=swiss-blue-topaz&stone2=diamond-Brillant,not_found_in_configured_stores,not_found_in_configured_stores,,11,https://www.glamira.pl/glamira-ring-caroyln.html?alloy=white-585&diamond=swiss-blue-topaz&stone2=diamond-Brillant,,2026-06-14T07:41:39.776807+00:00
110296,https://www.glamira.fr/glamira-ring-charmeine.html?alloy=white-585&diamond=swiss-blue-topaz&stone2=diamond-Brillant,not_found_in_configured_stores,not_found_in_configured_stores,,11,https://www.glamira.fr/glamira-ring-charmeine.html?alloy=white-585&diamond=swiss-blue-topaz&stone2=diamond-Brillant,,2026-06-14T07:41:39.780617+00:00
110297,https://www.glamira.fr/glamira-ring-chia.html?alloy=white-585&diamond=sapphire&stone2=diamond-Brillant,not_found_in_configured_stores,not_found_in_configured_stores,,11,https://www.glamira.fr/glamira-ring-chia.html?alloy=white-585&diamond=sapphire&stone2=diamond-Brillant,,2026-06-14T07:41:40.316174+00:00
110298,https://www.glamira.com.tr/glamira-ring-delethia.html?alloy=white-585&diamond=citrine&stone2=diamond-Brillant,not_found_in_configured_stores,not_found_in_configured_stores,,12,https://www.glamira.com.tr/glamira-ring-delethia.html?alloy=white-585&diamond=citrine&stone2=diamond-Brillant,,2026-06-14T07:41:41.078841+00:00
110299,https://www.glamira.com/glamira-ring-ebony.html?alloy=white-585&diamond=citrine&stone2=diamond-Brillant,not_found_in_configured_stores,not_found_in_configured_stores,,11,https://www.glamira.com/glamira-ring-ebony.html?alloy=white-585&diamond=citrine&stone2=diamond-Brillant,,2026-06-14T07:41:41.839143+00:00
110300,https://www.glamira.fr/glamira-ring-egle.html?alloy=white-585&diamond=green-amethyst-prasiolite&stone2=diamond-Brillant&stone3=diamond-Brillant,not_found_in_configured_stores,not_found_in_configured_stores,,11,https://www.glamira.fr/glamira-ring-egle.html?alloy=white-585&diamond=green-amethyst-prasiolite&stone2=diamond-Brillant&stone3=diamond-Brillant,,2026-06-14T07:41:41.851979+00:00
110301,https://www.glamira.es/glamira-ring-emelia.html?alloy=white-585&diamond=kyanite&stone2=diamond-Brillant,not_found_in_configured_stores,not_found_in_configured_stores,,12,https://www.glamira.es/glamira-ring-emelia.html?alloy=white-585&diamond=kyanite&stone2=diamond-Brillant,,2026-06-14T07:41:41.918522+00:00
110302,https://www.glamira.com/glamira-ring-fien.html?stone2=diamond-Brillant&alloy=white-585&diamond=morganite&utm_source=criteo&utm_medium=retargeting&utm_campaign=webconversion,not_found_in_configured_stores,not_found_in_configured_stores,,11,https://www.glamira.com/glamira-ring-fien.html?stone2=diamond-Brillant&alloy=white-585&diamond=morganite&utm_source=criteo&utm_medium=retargeting&utm_campaign=webconversion,,2026-06-14T07:41:41.919797+00:00
110303,https://www.glamira.se/glamira-ring-goda.html?alloy=white-585&stone2=diamond-Brillant&diamond=citrine,not_found_in_configured_stores,not_found_in_configured_stores,,12,https://www.glamira.se/glamira-ring-goda.html?alloy=white-585&stone2=diamond-Brillant&diamond=citrine,,2026-06-14T07:41:41.935523+00:00
110304,https://www.glamira.com.tr/glamira-ring-grete.html?stone2=diamond-Brillant&alloy=white-585&diamond=londonbluetopaz&utm_source=criteo&utm_medium=retargeting&utm_campaign=webconversion,not_found_in_configured_stores,not_found_in_configured_stores,,12,https://www.glamira.com.tr/glamira-ring-grete.html?stone2=diamond-Brillant&alloy=white-585&diamond=londonbluetopaz&utm_source=criteo&utm_medium=retargeting&utm_campaign=webconversion,,2026-06-14T07:41:42.671394+00:00
110305,https://www.glamira.be/fr/glamira-ring-hadraniel.html?alloy=white-585&diamond=green-amethyst-prasiolite&stone2=diamond-Brillant,not_found_in_configured_stores,not_found_in_configured_stores,,12,https://www.glamira.be/fr/glamira-ring-hadraniel.html?alloy=white-585&diamond=green-amethyst-prasiolite&stone2=diamond-Brillant,,2026-06-14T07:41:42.828026+00:00
110306,https://www.glamira.com/glamira-ring-harper.html?alloy=white-585&diamond=morganite&stone2=diamond-Brillant,not_found_in_configured_stores,not_found_in_configured_stores,,11,https://www.glamira.com/glamira-ring-harper.html?alloy=white-585&diamond=morganite&stone2=diamond-Brillant,,2026-06-14T07:41:43.899206+00:00
110307,https://www.glamira.com.tr/glamira-ring-hermelinda.html?stone2=diamond-Brillant&alloy=white-585&diamond=yellow-tourmaline&utm_source=criteo&utm_medium=retargeting&utm_campaign=webconversion,not_found_in_configured_stores,not_found_in_configured_stores,,12,https://www.glamira.com.tr/glamira-ring-hermelinda.html?stone2=diamond-Brillant&alloy=white-585&diamond=yellow-tourmaline&utm_source=criteo&utm_medium=retargeting&utm_campaign=webconversion,,2026-06-14T07:41:44.429762+00:00
110308,https://www.glamira.com/glamira-ring-iana.html?alloy=white-585&diamond=kunzite&stone2=diamond-Brillant,not_found_in_configured_stores,not_found_in_configured_stores,,11,https://www.glamira.com/glamira-ring-iana.html?alloy=white-585&diamond=kunzite&stone2=diamond-Brillant,,2026-06-14T07:41:44.687575+00:00
110309,https://www.glamira.vn/glamira-ring-jayvee.html?alloy=white-585&diamond=bio-tourmaline&stone2=diamond-Brillant,not_found_in_configured_stores,not_found_in_configured_stores,,11,https://www.glamira.vn/glamira-ring-jayvee.html?alloy=white-585&diamond=bio-tourmaline&stone2=diamond-Brillant,,2026-06-14T07:41:44.694777+00:00
110310,https://www.glamira.de/glamira-ring-jodee.html?alloy=white-585&diamond=rubellite-tourmaline&stone2=diamond-Brillant,not_found_in_configured_stores,not_found_in_configured_stores,,11,https://www.glamira.de/glamira-ring-jodee.html?alloy=white-585&diamond=rubellite-tourmaline&stone2=diamond-Brillant,,2026-06-14T07:41:44.704122+00:00
110311,https://www.glamira.com.tr/glamira-ring-kairi.html?alloy=white-585&diamond=amethyst&stone2=diamond-Brillant,not_found_in_configured_stores,not_found_in_configured_stores,,12,https://www.glamira.com.tr/glamira-ring-kairi.html?alloy=white-585&diamond=amethyst&stone2=diamond-Brillant,,2026-06-14T07:41:44.746175+00:00
110312,https://www.glamira.se/glamira-ring-katina.html?stone2=diamond-Brillant&alloy=white-585&diamond=citrine&utm_source=criteo&utm_medium=retargeting&utm_campaign=webconversion,not_found_in_configured_stores,not_found_in_configured_stores,,12,https://www.glamira.se/glamira-ring-katina.html?stone2=diamond-Brillant&alloy=white-585&diamond=citrine&utm_source=criteo&utm_medium=retargeting&utm_campaign=webconversion,,2026-06-14T07:41:45.139401+00:00
110313,https://www.glamira.fr/glamira-ring-kotryna.html?alloy=white-585&diamond=swiss-blue-topaz&stone2=diamond-Brillant&stone3=diamond-Brillant,not_found_in_configured_stores,not_found_in_configured_stores,,11,https://www.glamira.fr/glamira-ring-kotryna.html?alloy=white-585&diamond=swiss-blue-topaz&stone2=diamond-Brillant&stone3=diamond-Brillant,,2026-06-14T07:41:45.486396+00:00
110314,https://www.glamira.cl/glamira-ring-lian.html?stone2=diamond-Brillant&diamond=swiss-blue-topaz&gclid=Cj0KCQjwy6T1BRDXARIsAIqCTXoh_eae9ggiWbv4RgtCHOQ48TfbwgqC4Kr-XzOawbmODoX_hErpFsIaAm8KEALw_wcB&alloy=white-585,not_found_in_configured_stores,not_found_in_configured_stores,,12,https://www.glamira.cl/glamira-ring-lian.html?stone2=diamond-Brillant&diamond=swiss-blue-topaz&gclid=Cj0KCQjwy6T1BRDXARIsAIqCTXoh_eae9ggiWbv4RgtCHOQ48TfbwgqC4Kr-XzOawbmODoX_hErpFsIaAm8KEALw_wcB&alloy=white-585,,2026-06-14T07:41:46.489429+00:00
110315,https://www.glamira.ro/glamira-ring-lorian.html?alloy=white-585&diamond=green-amethyst-prasiolite&stone2=diamond-Brillant,not_found_in_configured_stores,not_found_in_configured_stores,,12,https://www.glamira.ro/glamira-ring-lorian.html?alloy=white-585&diamond=green-amethyst-prasiolite&stone2=diamond-Brillant,,2026-06-14T07:41:48.148100+00:00
110316,https://www.glamira.com.tr/glamira-ring-lupe.html?stone2=diamond-Brillant&alloy=white-585&diamond=londonbluetopaz&utm_source=criteo&utm_medium=retargeting&utm_campaign=webconversion,not_found_in_configured_stores,not_found_in_configured_stores,,12,https://www.glamira.com.tr/glamira-ring-lupe.html?stone2=diamond-Brillant&alloy=white-585&diamond=londonbluetopaz&utm_source=criteo&utm_medium=retargeting&utm_campaign=webconversion,,2026-06-14T07:41:48.200808+00:00
110317,https://www.glamira.pl/glamira-ring-nashar.html?alloy=white-585&diamond=green-amethyst-prasiolite&stone2=diamond-Brillant,not_found_in_configured_stores,not_found_in_configured_stores,,11,https://www.glamira.pl/glamira-ring-nashar.html?alloy=white-585&diamond=green-amethyst-prasiolite&stone2=diamond-Brillant,,2026-06-14T07:41:48.275505+00:00
110318,https://www.glamira.be/glamira-ring-nathaniel.html?alloy=white-585&diamond=amethyst&stone2=diamond-Brillant,not_found_in_configured_stores,not_found_in_configured_stores,,12,https://www.glamira.be/glamira-ring-nathaniel.html?alloy=white-585&diamond=amethyst&stone2=diamond-Brillant,,2026-06-14T07:41:49.858248+00:00
110319,https://www.glamira.de/glamira-ring-neila.html?alloy=white-585&diamond=kunzite&stone2=diamond-Brillant,not_found_in_configured_stores,not_found_in_configured_stores,,11,https://www.glamira.de/glamira-ring-neila.html?alloy=white-585&diamond=kunzite&stone2=diamond-Brillant,,2026-06-14T07:41:49.860362+00:00
110320,https://www.glamira.pl/glamira-ring-norah.html?alloy=white-585&diamond=green-amethyst-prasiolite&stone2=diamond-Brillant,not_found_in_configured_stores,not_found_in_configured_stores,,11,https://www.glamira.pl/glamira-ring-norah.html?alloy=white-585&diamond=green-amethyst-prasiolite&stone2=diamond-Brillant,,2026-06-14T07:41:49.871503+00:00
110321,https://www.glamira.com.tr/glamira-ring-paschar.html?alloy=white-585&diamond=londonbluetopaz&stone2=diamond-Brillant&itm_source=recommendation&itm_medium=detail,not_found_in_configured_stores,not_found_in_configured_stores,,12,https://www.glamira.com.tr/glamira-ring-paschar.html?alloy=white-585&diamond=londonbluetopaz&stone2=diamond-Brillant&itm_source=recommendation&itm_medium=detail,,2026-06-14T07:41:50.545202+00:00
110322,https://www.glamira.it/glamira-ring-prissy.html?alloy=white-585&diamond=citrine&stone2=diamond-Brillant,not_found_in_configured_stores,not_found_in_configured_stores,,11,https://www.glamira.it/glamira-ring-prissy.html?alloy=white-585&diamond=citrine&stone2=diamond-Brillant,,2026-06-14T07:41:51.449250+00:00
110323,https://www.glamira.com.au/glamira-ring-rona.html?alloy=white-585&diamond=citrine&stone2=diamond-Brillant,not_found_in_configured_stores,not_found_in_configured_stores,,11,https://www.glamira.com.au/glamira-ring-rona.html?alloy=white-585&diamond=citrine&stone2=diamond-Brillant,,2026-06-14T07:41:53.141395+00:00
110324,https://www.glamira.bg/glamira-ring-ruta.html?alloy=white-585&diamond=green-amethyst-prasiolite&stone2=diamond-Brillant,not_found_in_configured_stores,not_found_in_configured_stores,,12,https://www.glamira.bg/glamira-ring-ruta.html?alloy=white-585&diamond=green-amethyst-prasiolite&stone2=diamond-Brillant,,2026-06-14T07:41:53.250879+00:00
110325,https://www.glamira.com.mx/glamira-ring-solvida.html?alloy=white-585&diamond=morganite&stone2=diamond-Brillant,not_found_in_configured_stores,not_found_in_configured_stores,,12,https://www.glamira.com.mx/glamira-ring-solvida.html?alloy=white-585&diamond=morganite&stone2=diamond-Brillant,,2026-06-14T07:41:54.379978+00:00
110327,https://www.glamira.es/glamira-ring-tamedra.html?alloy=white-585&diamond=swiss-blue-topaz&stone2=diamond-Brillant,not_found_in_configured_stores,not_found_in_configured_stores,,12,https://www.glamira.es/glamira-ring-tamedra.html?alloy=white-585&diamond=swiss-blue-topaz&stone2=diamond-Brillant,,2026-06-14T07:41:54.453387+00:00
110328,https://www.glamira.co.uk/glamira-ring-tilwanda.html?alloy=white-585&diamond=londonbluetopaz&stone2=diamond-Brillant,not_found_in_configured_stores,not_found_in_configured_stores,,11,https://www.glamira.co.uk/glamira-ring-tilwanda.html?alloy=white-585&diamond=londonbluetopaz&stone2=diamond-Brillant,,2026-06-14T07:41:54.509183+00:00
110329,https://www.glamira.fr/glamira-ring-tiril.html?alloy=white-585&diamond=londonbluetopaz&stone2=diamond-Brillant,not_found_in_configured_stores,not_found_in_configured_stores,,11,https://www.glamira.fr/glamira-ring-tiril.html?alloy=white-585&diamond=londonbluetopaz&stone2=diamond-Brillant,,2026-06-14T07:41:55.646167+00:00
110331,https://www.glamira.co.uk/glamira-ring-winesha.html?alloy=white-585&diamond=citrine&stone2=diamond-Brillant,not_found_in_configured_stores,not_found_in_configured_stores,,11,https://www.glamira.co.uk/glamira-ring-winesha.html?alloy=white-585&diamond=citrine&stone2=diamond-Brillant,,2026-06-14T07:41:55.686480+00:00
110332,https://www.glamira.co.uk/glamira-ring-aleen.html?alloy=white-585&diamond=swiss-blue-topaz,not_found_in_configured_stores,not_found_in_configured_stores,,11,https://www.glamira.co.uk/glamira-ring-aleen.html?alloy=white-585&diamond=swiss-blue-topaz,,2026-06-14T07:41:55.693841+00:00
110404,https://www.glamira.md/glamira-pendant-frank.html,not_found_in_configured_stores,not_found_in_configured_stores,,12,https://www.glamira.md/glamira-pendant-frank.html,,2026-06-14T07:42:18.308096+00:00
110423,https://www.glamira.de/glamira-pendant-kalin.html?alloy=yellow-585&diamond=diamond-Swarovsky&stone2=diamond-sapphire,not_found_in_configured_stores,not_found_in_configured_stores,,11,https://www.glamira.de/glamira-pendant-kalin.html?alloy=yellow-585&diamond=diamond-Swarovsky&stone2=diamond-sapphire,,2026-06-14T07:42:21.443040+00:00
110510,https://www.glamira.se/glamira-pendant-eleadora.html?stone2=diamond-sapphire&alloy=white-585&diamond=diamond-Swarovsky&gclid=EAIaIQobChMI7NW_i8Oh6QIV1IayCh2PZgVfEAEYASABEgIcH_D_BwE,not_found_in_configured_stores,not_found_in_configured_stores,,12,https://www.glamira.se/glamira-pendant-eleadora.html?stone2=diamond-sapphire&alloy=white-585&diamond=diamond-Swarovsky&gclid=EAIaIQobChMI7NW_i8Oh6QIV1IayCh2PZgVfEAEYASABEgIcH_D_BwE,,2026-06-14T07:42:43.294487+00:00
110543,https://www.glamira.at/glamira-pendant-zulma.html?alloy=yellow-585&diamond=blackdiamond&gclid=EAIaIQobChMI5qOcnpWQ6QIVxgeLCh0pZQjtEAEYASABEgKNRfD_BwE,not_found_in_configured_stores,not_found_in_configured_stores,,12,https://www.glamira.at/glamira-pendant-zulma.html?alloy=yellow-585&diamond=blackdiamond&gclid=EAIaIQobChMI5qOcnpWQ6QIVxgeLCh0pZQjtEAEYASABEgKNRfD_BwE,,2026-06-14T07:42:50.405009+00:00
110544,https://www.glamira.se/glamira-earring-zulma.html?stone2=diamond-Swarovsky&alloy=yellow-585&diamond=blackdiamond&gclid=EAIaIQobChMIoOe6wYKJ6QIVRFEYCh2oJQQuEAEYASAFEgLHb_D_BwE,not_found_in_configured_stores,not_found_in_configured_stores,,12,https://www.glamira.se/glamira-earring-zulma.html?stone2=diamond-Swarovsky&alloy=yellow-585&diamond=blackdiamond&gclid=EAIaIQobChMIoOe6wYKJ6QIVRFEYCh2oJQQuEAEYASAFEgLHb_D_BwE,,2026-06-14T07:42:50.546150+00:00
110551,https://test.glamira.de/glgb/confident-couple-5-mm.html?alloy=white-585,not_found_in_configured_stores,not_found_in_configured_stores,,12,https://test.glamira.de/glgb/confident-couple-5-mm.html?alloy=white-585,,2026-06-14T07:42:51.966267+00:00
110568,https://test.glamira.de/glgb/damenring-confident-cover-6-mm.html?alloy=white-585,not_found_in_configured_stores,not_found_in_configured_stores,,12,https://test.glamira.de/glgb/damenring-confident-cover-6-mm.html?alloy=white-585,,2026-06-14T07:42:56.522131+00:00
110570,https://www.glamira.de/glamira-ring-breanne.html?alloy=white-585&diamond=diamond-Swarovsky&stone2=diamond-sapphire&itm_source=recommendation&itm_medium=sorting,not_found_in_configured_stores,not_found_in_configured_stores,"HTTPSConnectionPool(host='www.glamira.ca', port=443): Read timed out. (read timeout=10)",11,https://www.glamira.de/glamira-ring-breanne.html?alloy=white-585&diamond=diamond-Swarovsky&stone2=diamond-sapphire&itm_source=recommendation&itm_medium=sorting,,2026-06-14T07:42:57.407106+00:00
110601,https://www.glamira.co.uk/glamira-pendant-annual.html,not_found_in_configured_stores,not_found_in_configured_stores,,11,https://www.glamira.co.uk/glamira-pendant-annual.html,,2026-06-14T07:43:06.940974+00:00
110674,https://test.glamira.de/glgb/confident-game-8-mm.html?alloy=yellow-375&stone=none,not_found_in_configured_stores,not_found_in_configured_stores,,12,https://test.glamira.de/glgb/confident-game-8-mm.html?alloy=yellow-375&stone=none,,2026-06-14T07:43:24.520181+00:00
110675,https://test.glamira.de/glgb/herrenring-confident-game-10-mm.html?alloy=yellow-375,not_found_in_configured_stores,not_found_in_configured_stores,,12,https://test.glamira.de/glgb/herrenring-confident-game-10-mm.html?alloy=yellow-375,,2026-06-14T07:43:25.112367+00:00
110716,https://test.glamira.de/glgb/confident-heart-8-mm.html?alloy=white-585,not_found_in_configured_stores,not_found_in_configured_stores,,12,https://test.glamira.de/glgb/confident-heart-8-mm.html?alloy=white-585,,2026-06-14T07:43:35.598123+00:00
110729,https://www.glamira.de/glamira-bracelet-belanda-20-cm.html?alloy=white-585,not_found_in_configured_stores,not_found_in_configured_stores,,11,https://www.glamira.de/glamira-bracelet-belanda-20-cm.html?alloy=white-585,,2026-06-14T07:43:38.380938+00:00
111084,https://www.glamira.cz/confident-nature-5-mm.html?alloy=white-silber,not_found_in_configured_stores,not_found_in_configured_stores,,12,https://www.glamira.cz/confident-nature-5-mm.html?alloy=white-silber,,2026-06-14T07:45:13.707818+00:00
111088,https://www.glamira.fr/herrenring-confident-nature-5-mm.html?alloy=white-silber&itm_source=recommendation&itm_medium=sorting,not_found_in_configured_stores,not_found_in_configured_stores,,11,https://www.glamira.fr/herrenring-confident-nature-5-mm.html?alloy=white-silber&itm_source=recommendation&itm_medium=sorting,,2026-06-14T07:45:14.486005+00:00
111092,https://www.glamira.co.uk/damenring-confident-nature-5-mm.html?alloy=yellow-585&stone=rhodolite,not_found_in_configured_stores,not_found_in_configured_stores,,11,https://www.glamira.co.uk/damenring-confident-nature-5-mm.html?alloy=yellow-585&stone=rhodolite,,2026-06-14T07:45:15.391908+00:00
111207,https://www.glamira.co.uk/herrenring-confident-courage-6-mm.html?alloy=white-585,not_found_in_configured_stores,not_found_in_configured_stores,,11,https://www.glamira.co.uk/herrenring-confident-courage-6-mm.html?alloy=white-585,,2026-06-14T07:45:51.958137+00:00
111208,https://www.glamira.co.uk/damenring-confident-courage-6-mm.html?alloy=white-585,not_found_in_configured_stores,not_found_in_configured_stores,,11,https://www.glamira.co.uk/damenring-confident-courage-6-mm.html?alloy=white-585,,2026-06-14T07:45:53.823207+00:00
111209,https://www.glamira.co.uk/confident-courage-6-mm.html?alloy=white-585,not_found_in_configured_stores,not_found_in_configured_stores,,11,https://www.glamira.co.uk/confident-courage-6-mm.html?alloy=white-585,,2026-06-14T07:45:53.983209+00:00
80259,https://www.ring-paare.de/bright-youth-skuc4113.html?alloy=yellow-375&stone=diamond-Brillant&itm_source=recommendation&itm_medium=sorting,not_found_in_configured_stores,not_found_in_configured_stores,,12,https://www.ring-paare.de/bright-youth-skuc4113.html?alloy=yellow-375&stone=diamond-Brillant&itm_source=recommendation&itm_medium=sorting,,2026-06-14T07:46:42.097329+00:00
80260,https://www.ring-paare.de/brilliant-blaze-skux1475.html?alloy=yellow-375&itm_source=recommendation&itm_medium=sorting,not_found_in_configured_stores,not_found_in_configured_stores,,12,https://www.ring-paare.de/brilliant-blaze-skux1475.html?alloy=yellow-375&itm_source=recommendation&itm_medium=sorting,,2026-06-14T07:46:42.211018+00:00
80265,https://www.ring-paare.de/brilliant-horizont-skux1497.html?alloy=yellow-375&itm_source=recommendation&itm_medium=sorting,not_found_in_configured_stores,not_found_in_configured_stores,,12,https://www.ring-paare.de/brilliant-horizont-skux1497.html?alloy=yellow-375&itm_source=recommendation&itm_medium=sorting,,2026-06-14T07:46:42.803964+00:00
80266,https://www.ring-paare.de/brilliant-impulse-skuc4141.html?alloy=white-platin&stone=diamond-Brillant&itm_source=recommendation&itm_medium=sorting,not_found_in_configured_stores,not_found_in_configured_stores,,12,https://www.ring-paare.de/brilliant-impulse-skuc4141.html?alloy=white-platin&stone=diamond-Brillant&itm_source=recommendation&itm_medium=sorting,,2026-06-14T07:46:43.086138+00:00
80267,https://www.ring-paare.de/brilliant-note-skuc2892.html?alloy=yellow-375&stone=diamond-Brillant&itm_source=recommendation&itm_medium=sorting,not_found_in_configured_stores,not_found_in_configured_stores,,12,https://www.ring-paare.de/brilliant-note-skuc2892.html?alloy=yellow-375&stone=diamond-Brillant&itm_source=recommendation&itm_medium=sorting,,2026-06-14T07:46:43.251018+00:00
80269,https://www.ring-paare.de/brilliant-set-skut4905.html?alloy=yellow-375,not_found_in_configured_stores,not_found_in_configured_stores,,12,https://www.ring-paare.de/brilliant-set-skut4905.html?alloy=yellow-375,,2026-06-14T07:46:43.433329+00:00
80274,https://www.ring-paare.de/brilliant-vision-skuc5112.html?alloy=yellow-585&stone=diamond-Brillant&itm_source=recommendation&itm_medium=sorting,not_found_in_configured_stores,not_found_in_configured_stores,,12,https://www.ring-paare.de/brilliant-vision-skuc5112.html?alloy=yellow-585&stone=diamond-Brillant&itm_source=recommendation&itm_medium=sorting,,2026-06-14T07:46:44.185507+00:00
80293,https://www.ring-paare.de/smart-charm-skup7004.html?alloy=white-375&stone=diamond-Brillant&itm_source=recommendation&itm_medium=sorting,not_found_in_configured_stores,not_found_in_configured_stores,,12,https://www.ring-paare.de/smart-charm-skup7004.html?alloy=white-375&stone=diamond-Brillant&itm_source=recommendation&itm_medium=sorting,,2026-06-14T07:46:44.552615+00:00
80304,https://www.ring-paare.de/smart-glory-skup7007.html?alloy=white-silber&stone=diamond-Brillant&itm_source=recommendation&itm_medium=sorting,not_found_in_configured_stores,not_found_in_configured_stores,,12,https://www.ring-paare.de/smart-glory-skup7007.html?alloy=white-silber&stone=diamond-Brillant&itm_source=recommendation&itm_medium=sorting,,2026-06-14T07:46:45.150654+00:00
80337,https://www.ring-paare.de/charming-fate-skuc3768.html?alloy=white-375,not_found_in_configured_stores,not_found_in_configured_stores,,12,https://www.ring-paare.de/charming-fate-skuc3768.html?alloy=white-375,,2026-06-14T07:46:50.659385+00:00
80338,https://www.ring-paare.de/charming-flirt-skuc2873.html?alloy=white-375&stone=diamond-Brillant&itm_source=recommendation&itm_medium=sorting,not_found_in_configured_stores,not_found_in_configured_stores,,12,https://www.ring-paare.de/charming-flirt-skuc2873.html?alloy=white-375&stone=diamond-Brillant&itm_source=recommendation&itm_medium=sorting,,2026-06-14T07:46:50.689090+00:00
80340,https://www.ring-paare.de/charming-kiss-skuc2877.html?alloy=yellow-375&stone=diamond-Brillant&itm_source=recommendation&itm_medium=sorting,not_found_in_configured_stores,not_found_in_configured_stores,,12,https://www.ring-paare.de/charming-kiss-skuc2877.html?alloy=yellow-375&stone=diamond-Brillant&itm_source=recommendation&itm_medium=sorting,,2026-06-14T07:46:51.198195+00:00
80343,https://www.ring-paare.de/charming-miracle-skuc2454.html?alloy=white-375&stone=diamond-Brillant&itm_source=recommendation&itm_medium=sorting,not_found_in_configured_stores,not_found_in_configured_stores,,12,https://www.ring-paare.de/charming-miracle-skuc2454.html?alloy=white-375&stone=diamond-Brillant&itm_source=recommendation&itm_medium=sorting,,2026-06-14T07:46:51.591894+00:00
80344,https://www.ring-paare.de/charming-note-skuc2828.html?stone=diamond-Brillant&itm_source=recommendation&itm_medium=sorting&alloy=yellow-375,not_found_in_configured_stores,not_found_in_configured_stores,,12,https://www.ring-paare.de/charming-note-skuc2828.html?stone=diamond-Brillant&itm_source=recommendation&itm_medium=sorting&alloy=yellow-375,,2026-06-14T07:46:51.946725+00:00
80348,https://www.glamira.it/charming-shine-skuc3801.html?stone=diamond-Brillant&itm_source=recommendation&itm_medium=sorting&fbclid=IwAR0wqWm2frQToeUaulJEEjJAiS7zXbs31DusfJ_55sgYFX2uj_A4PPl_G-k&alloy=white-375,not_found_in_configured_stores,not_found_in_configured_stores,,11,https://www.glamira.it/charming-shine-skuc3801.html?stone=diamond-Brillant&itm_source=recommendation&itm_medium=sorting&fbclid=IwAR0wqWm2frQToeUaulJEEjJAiS7zXbs31DusfJ_55sgYFX2uj_A4PPl_G-k&alloy=white-375,,2026-06-14T07:46:52.315776+00:00
80353,https://www.ring-paare.de/charming-summer-skuc4556.html?stone=diamond-Brillant&alloy=red-375,not_found_in_configured_stores,not_found_in_configured_stores,,12,https://www.ring-paare.de/charming-summer-skuc4556.html?stone=diamond-Brillant&alloy=red-375,,2026-06-14T07:46:52.879279+00:00
80356,https://www.ring-paare.de/white-daisy-skup2440-001.html?alloy=white-375&stone=diamond-Brillant,not_found_in_configured_stores,not_found_in_configured_stores,,12,https://www.ring-paare.de/white-daisy-skup2440-001.html?alloy=white-375&stone=diamond-Brillant,,2026-06-14T07:46:52.938451+00:00
80359,https://www.ring-paare.de/white-drop-skub4720.html?alloy=yellow-750&stone=diamond-Zirconia&itm_source=recommendation&itm_medium=sorting,not_found_in_configured_stores,not_found_in_configured_stores,,12,https://www.ring-paare.de/white-drop-skub4720.html?alloy=yellow-750&stone=diamond-Zirconia&itm_source=recommendation&itm_medium=sorting,,2026-06-14T07:46:53.598812+00:00
80360,https://www.ring-paare.de/white-fay-skuc3633.html?alloy=white-375&stone=diamond-Brillant&itm_source=recommendation&itm_medium=sorting,not_found_in_configured_stores,not_found_in_configured_stores,,12,https://www.ring-paare.de/white-fay-skuc3633.html?alloy=white-375&stone=diamond-Brillant&itm_source=recommendation&itm_medium=sorting,,2026-06-14T07:46:53.600938+00:00
80362,https://www.ring-paare.de/white-felicity-skua3353.html?alloy=white-375&stone=diamond-Brillant&itm_source=recommendation&itm_medium=sorting,not_found_in_configured_stores,not_found_in_configured_stores,,12,https://www.ring-paare.de/white-felicity-skua3353.html?alloy=white-375&stone=diamond-Brillant&itm_source=recommendation&itm_medium=sorting,,2026-06-14T07:46:54.823690+00:00
80366,https://www.ring-paare.de/white-innocence-skuc2826-001.html?alloy=white-375&itm_source=recommendation&itm_medium=sorting&stone=diamond-Zirconia,not_found_in_configured_stores,not_found_in_configured_stores,,12,https://www.ring-paare.de/white-innocence-skuc2826-001.html?alloy=white-375&itm_source=recommendation&itm_medium=sorting&stone=diamond-Zirconia,,2026-06-14T07:46:55.763034+00:00
80368,https://www.ring-paare.de/white-light-sku5852.html?alloy=white-585&stone=diamond-Brillant&itm_source=recommendation&itm_medium=sorting,not_found_in_configured_stores,not_found_in_configured_stores,,12,https://www.ring-paare.de/white-light-sku5852.html?alloy=white-585&stone=diamond-Brillant&itm_source=recommendation&itm_medium=sorting,,2026-06-14T07:46:56.433534+00:00
80371,https://www.ring-paare.de/white-love-skub3771.html?alloy=white-375&stone=diamond-Brillant&itm_source=recommendation&itm_medium=sorting,not_found_in_configured_stores,not_found_in_configured_stores,,12,https://www.ring-paare.de/white-love-skub3771.html?alloy=white-375&stone=diamond-Brillant&itm_source=recommendation&itm_medium=sorting,,2026-06-14T07:46:56.603483+00:00
80374,https://www.ring-paare.de/white-pearl-skuc2890-001.html?alloy=white-585&stone=diamond-Brillant&itm_source=recommendation&itm_medium=sorting,not_found_in_configured_stores,not_found_in_configured_stores,,12,https://www.ring-paare.de/white-pearl-skuc2890-001.html?alloy=white-585&stone=diamond-Brillant&itm_source=recommendation&itm_medium=sorting,,2026-06-14T07:46:58.563963+00:00
80376,https://www.ring-paare.de/white-shell-skuc2885.html?alloy=white-silber&stone=diamond-Brillant&itm_source=recommendation&itm_medium=sorting,not_found_in_configured_stores,not_found_in_configured_stores,,12,https://www.ring-paare.de/white-shell-skuc2885.html?alloy=white-silber&stone=diamond-Brillant&itm_source=recommendation&itm_medium=sorting,,2026-06-14T07:46:58.962003+00:00
80384,https://www.ring-paare.de/bright-feather-skuc5214.html?alloy=white_red-585&stone=diamond-Brillant&itm_source=recommendation&itm_medium=sorting,not_found_in_configured_stores,not_found_in_configured_stores,,12,https://www.ring-paare.de/bright-feather-skuc5214.html?alloy=white_red-585&stone=diamond-Brillant&itm_source=recommendation&itm_medium=sorting,,2026-06-14T07:47:01.357103+00:00
80385,https://www.ring-paare.de/bright-heart-skuf5102.html?alloy=white_red-375&stone=diamond-Brillant&itm_source=recommendation&itm_medium=sorting,not_found_in_configured_stores,not_found_in_configured_stores,,12,https://www.ring-paare.de/bright-heart-skuf5102.html?alloy=white_red-375&stone=diamond-Brillant&itm_source=recommendation&itm_medium=sorting,,2026-06-14T07:47:01.522201+00:00
80388,https://www.ring-paare.de/bright-spell-skuc3443.html?alloy=white_yellow-375,not_found_in_configured_stores,not_found_in_configured_stores,,12,https://www.ring-paare.de/bright-spell-skuc3443.html?alloy=white_yellow-375,,2026-06-14T07:47:02.618961+00:00
80395,https://www.ring-paare.de/charming-element-skuv5106.html?alloy=white_red-585&stone=diamond-Brillant&itm_source=recommendation&itm_medium=sorting,not_found_in_configured_stores,not_found_in_configured_stores,,12,https://www.ring-paare.de/charming-element-skuv5106.html?alloy=white_red-585&stone=diamond-Brillant&itm_source=recommendation&itm_medium=sorting,,2026-06-14T07:47:03.163966+00:00
80404,https://www.ring-paare.de/bright-eternity-skuc3931.html?alloy=white_yellow-375&stone=diamond-Brillant&itm_source=recommendation&itm_medium=sorting,not_found_in_configured_stores,not_found_in_configured_stores,,12,https://www.ring-paare.de/bright-eternity-skuc3931.html?alloy=white_yellow-375&stone=diamond-Brillant&itm_source=recommendation&itm_medium=sorting,,2026-06-14T07:47:04.408535+00:00
80405,https://www.ring-paare.de/bright-fairy-skuc3892-001.html?alloy=white_yellow-375&stone=diamond-Brillant&itm_source=recommendation&itm_medium=sorting,not_found_in_configured_stores,not_found_in_configured_stores,,12,https://www.ring-paare.de/bright-fairy-skuc3892-001.html?alloy=white_yellow-375&stone=diamond-Brillant&itm_source=recommendation&itm_medium=sorting,,2026-06-14T07:47:04.448018+00:00
80407,https://www.ring-paare.de/bright-flash-skuc3731-02.html?alloy=white_red-375&stone=diamond-Brillant&itm_source=recommendation&itm_medium=sorting,not_found_in_configured_stores,not_found_in_configured_stores,,12,https://www.ring-paare.de/bright-flash-skuc3731-02.html?alloy=white_red-375&stone=diamond-Brillant&itm_source=recommendation&itm_medium=sorting,,2026-06-14T07:47:05.032759+00:00
80409,https://www.ring-paare.de/bright-gleam-skuc4039.html?alloy=white_yellow-platin_585&stone=diamond-Brillant&itm_source=recommendation&itm_medium=sorting,not_found_in_configured_stores,not_found_in_configured_stores,,12,https://www.ring-paare.de/bright-gleam-skuc4039.html?alloy=white_yellow-platin_585&stone=diamond-Brillant&itm_source=recommendation&itm_medium=sorting,,2026-06-14T07:47:05.760569+00:00
80411,https://www.ring-paare.de/bright-harmony-skup4044.html?alloy=white_yellow-375&stone=diamond-Brillant&itm_source=recommendation&itm_medium=sorting,not_found_in_configured_stores,not_found_in_configured_stores,,12,https://www.ring-paare.de/bright-harmony-skup4044.html?alloy=white_yellow-375&stone=diamond-Brillant&itm_source=recommendation&itm_medium=sorting,,2026-06-14T07:47:06.098260+00:00
80415,https://www.ring-paare.de/bright-lightning-skup3679.html?alloy=white-585&stone=diamond-Brillant&itm_source=recommendation&itm_medium=sorting,not_found_in_configured_stores,not_found_in_configured_stores,,12,https://www.ring-paare.de/bright-lightning-skup3679.html?alloy=white-585&stone=diamond-Brillant&itm_source=recommendation&itm_medium=sorting,,2026-06-14T07:47:08.065857+00:00
80417,https://www.ring-paare.de/bright-luck-skue5123-001.html?alloy=white_yellow-375,not_found_in_configured_stores,not_found_in_configured_stores,,12,https://www.ring-paare.de/bright-luck-skue5123-001.html?alloy=white_yellow-375,,2026-06-14T07:47:08.827214+00:00
80419,https://www.ring-paare.de/bright-maze-skub2486-001.html?alloy=white_yellow-375&stone=diamond-Brillant&itm_source=recommendation&itm_medium=sorting,not_found_in_configured_stores,not_found_in_configured_stores,,12,https://www.ring-paare.de/bright-maze-skub2486-001.html?alloy=white_yellow-375&stone=diamond-Brillant&itm_source=recommendation&itm_medium=sorting,,2026-06-14T07:47:09.847432+00:00
80421,https://www.ring-paare.de/bright-morning-skuc4907.html?alloy=yellow-585&gclid=Cj0KCQjwzZj2BRDVARIsABs3l9IYLjvham6DVx7Wv_mJBcpczs-oOtAlfHzQNaI8NN_5Nj1kmWQh8vYaAltuEALw_wcB,not_found_in_configured_stores,not_found_in_configured_stores,,12,https://www.ring-paare.de/bright-morning-skuc4907.html?alloy=yellow-585&gclid=Cj0KCQjwzZj2BRDVARIsABs3l9IYLjvham6DVx7Wv_mJBcpczs-oOtAlfHzQNaI8NN_5Nj1kmWQh8vYaAltuEALw_wcB,,2026-06-14T07:47:10.749899+00:00
80422,https://www.ring-paare.de/bright-nature-skue1692-001.html?alloy=white_yellow-375&stone=diamond-Brillant&itm_source=recommendation&itm_medium=sorting,not_found_in_configured_stores,not_found_in_configured_stores,,12,https://www.ring-paare.de/bright-nature-skue1692-001.html?alloy=white_yellow-375&stone=diamond-Brillant&itm_source=recommendation&itm_medium=sorting,,2026-06-14T07:47:10.964957+00:00
80425,https://www.ring-paare.de/bright-queen-skuc3013.html?alloy=white_red-375,not_found_in_configured_stores,not_found_in_configured_stores,,12,https://www.ring-paare.de/bright-queen-skuc3013.html?alloy=white_red-375,,2026-06-14T07:47:11.811295+00:00
80427,https://www.ring-paare.de/bright-spring-skuc3010.html?stone=diamond-Brillant&itm_source=recommendation&itm_medium=sorting&alloy=white_yellow-585,not_found_in_configured_stores,not_found_in_configured_stores,,12,https://www.ring-paare.de/bright-spring-skuc3010.html?stone=diamond-Brillant&itm_source=recommendation&itm_medium=sorting&alloy=white_yellow-585,,2026-06-14T07:47:11.984838+00:00
80429,https://www.ring-paare.de/bright-summer-skuc1640-002.html?alloy=white_red-375&stone=diamond-Brillant&itm_source=recommendation&itm_medium=sorting,not_found_in_configured_stores,not_found_in_configured_stores,,12,https://www.ring-paare.de/bright-summer-skuc1640-002.html?alloy=white_red-375&stone=diamond-Brillant&itm_source=recommendation&itm_medium=sorting,,2026-06-14T07:47:12.056417+00:00
80430,https://www.ring-paare.de/bright-symmetry-skuc3919-001.html?alloy=white_yellow-375&gclid=EAIaIQobChMI7MKlp43c6QIVBPp3Ch2qLQIPEAEYASACEgIylPD_BwE,not_found_in_configured_stores,not_found_in_configured_stores,,12,https://www.ring-paare.de/bright-symmetry-skuc3919-001.html?alloy=white_yellow-375&gclid=EAIaIQobChMI7MKlp43c6QIVBPp3Ch2qLQIPEAEYASACEgIylPD_BwE,,2026-06-14T07:47:12.072542+00:00
80464,https://www.glamira.de/gutschein-rp.html,not_found_in_configured_stores,not_found_in_configured_stores,,11,https://www.glamira.de/gutschein-rp.html,,2026-06-14T07:47:13.297167+00:00
80465,https://www.glamira.lv/gutschein-ornament.html,not_found_in_configured_stores,not_found_in_configured_stores,,12,https://www.glamira.lv/gutschein-ornament.html,,2026-06-14T07:47:14.239744+00:00
80467,https://www.glamira.lv/gutschein-blacky.html,not_found_in_configured_stores,not_found_in_configured_stores,,12,https://www.glamira.lv/gutschein-blacky.html,,2026-06-14T07:47:14.247538+00:00
85086,https://www.ring-paare.de/herrenring-smart-charm-skup7004.html?alloy=white-375&itm_source=recommendation&itm_medium=sorting,not_found_in_configured_stores,not_found_in_configured_stores,,12,https://www.ring-paare.de/herrenring-smart-charm-skup7004.html?alloy=white-375&itm_source=recommendation&itm_medium=sorting,,2026-06-14T07:47:59.933217+00:00
85090,https://www.ring-paare.de/herrenring-bright-flash-skuc3731-02.html?alloy=white_red-375&stone=diamond-Brillant,not_found_in_configured_stores,not_found_in_configured_stores,,12,https://www.ring-paare.de/herrenring-bright-flash-skuc3731-02.html?alloy=white_red-375&stone=diamond-Brillant,,2026-06-14T07:48:00.048048+00:00
85094,https://www.ring-paare.de/damenring-white-shell-skuc2885.html?alloy=white-375,not_found_in_configured_stores,not_found_in_configured_stores,,12,https://www.ring-paare.de/damenring-white-shell-skuc2885.html?alloy=white-375,,2026-06-14T07:48:00.085743+00:00
85096,https://www.ring-paare.de/herrenring-white-fay-skuc3633.html?alloy=white-375&gclid=EAIaIQobChMI55_W_qCO6QIVhhgbCh0AsgxlEAEYASACEgLjB_D_BwE,not_found_in_configured_stores,not_found_in_configured_stores,,12,https://www.ring-paare.de/herrenring-white-fay-skuc3633.html?alloy=white-375&gclid=EAIaIQobChMI55_W_qCO6QIVhhgbCh0AsgxlEAEYASACEgLjB_D_BwE,,2026-06-14T07:48:00.470600+00:00
85098,https://www.ring-paare.de/herrenring-charming-miracle-skuc2454.html?stone=diamond-Brillant&alloy=white-585,not_found_in_configured_stores,not_found_in_configured_stores,,12,https://www.ring-paare.de/herrenring-charming-miracle-skuc2454.html?stone=diamond-Brillant&alloy=white-585,,2026-06-14T07:48:00.530810+00:00
85099,https://www.ring-paare.de/damenring-charming-miracle-skuc2454.html?alloy=white-375&stone=diamond-Brillant,not_found_in_configured_stores,not_found_in_configured_stores,,12,https://www.ring-paare.de/damenring-charming-miracle-skuc2454.html?alloy=white-375&stone=diamond-Brillant,,2026-06-14T07:48:00.564860+00:00
85116,https://www.ring-paare.de/herrenring-bright-youth-skuc4113.html?alloy=yellow-375&itm_source=recommendation&itm_medium=sorting,not_found_in_configured_stores,not_found_in_configured_stores,,12,https://www.ring-paare.de/herrenring-bright-youth-skuc4113.html?alloy=yellow-375&itm_source=recommendation&itm_medium=sorting,,2026-06-14T07:48:01.523405+00:00
85117,https://www.ring-paare.de/damenring-bright-youth-skuc4113.html?stone=diamond-Brillant&itm_source=recommendation&itm_medium=sorting&alloy=yellow-375,not_found_in_configured_stores,not_found_in_configured_stores,,12,https://www.ring-paare.de/damenring-bright-youth-skuc4113.html?stone=diamond-Brillant&itm_source=recommendation&itm_medium=sorting&alloy=yellow-375,,2026-06-14T07:48:01.556186+00:00
85124,https://www.ring-paare.de/herrenring-white-snowflake-skup3758-002.html?alloy=white-375&gclid=EAIaIQobChMI15ab4J7K6QIVi6AbCh1rfgs7EAEYASABEgLiEPD_BwE,not_found_in_configured_stores,not_found_in_configured_stores,,12,https://www.ring-paare.de/herrenring-white-snowflake-skup3758-002.html?alloy=white-375&gclid=EAIaIQobChMI15ab4J7K6QIVi6AbCh1rfgs7EAEYASABEgLiEPD_BwE,,2026-06-14T07:48:01.791345+00:00
85125,https://www.ring-paare.de/herrenring-white-felicity-skua3353.html?alloy=white-375&itm_source=recommendation&itm_medium=sorting,not_found_in_configured_stores,not_found_in_configured_stores,,12,https://www.ring-paare.de/herrenring-white-felicity-skua3353.html?alloy=white-375&itm_source=recommendation&itm_medium=sorting,,2026-06-14T07:48:01.827318+00:00
85137,https://www.ring-paare.de/damenring-bright-spell-skuc3443.html?alloy=white_red-375&gclid=EAIaIQobChMI7OSYgeeM6QIVkYl3Ch0HUA22EAEYASACEgJzE_D_BwE,not_found_in_configured_stores,not_found_in_configured_stores,,12,https://www.ring-paare.de/damenring-bright-spell-skuc3443.html?alloy=white_red-375&gclid=EAIaIQobChMI7OSYgeeM6QIVkYl3Ch0HUA22EAEYASACEgJzE_D_BwE,,2026-06-14T07:48:08.261989+00:00
85138,https://www.ring-paare.de/herrenring-white-love-skub3771.html?alloy=white-585&stone=diamond-Brillant,not_found_in_configured_stores,not_found_in_configured_stores,,12,https://www.ring-paare.de/herrenring-white-love-skub3771.html?alloy=white-585&stone=diamond-Brillant,,2026-06-14T07:48:08.291056+00:00
85140,https://www.ring-paare.de/damenring-white-love-skub3771.html?alloy=yellow-585&stone=diamond-Brillant,not_found_in_configured_stores,not_found_in_configured_stores,,12,https://www.ring-paare.de/damenring-white-love-skub3771.html?alloy=yellow-585&stone=diamond-Brillant,,2026-06-14T07:48:08.320142+00:00
85148,https://www.ring-paare.de/herrenring-bright-harmony-skup4044.html?alloy=white_yellow-375&stone=diamond-Zirconia,not_found_in_configured_stores,not_found_in_configured_stores,,12,https://www.ring-paare.de/herrenring-bright-harmony-skup4044.html?alloy=white_yellow-375&stone=diamond-Zirconia,,2026-06-14T07:48:08.765550+00:00
85149,https://www.ring-paare.de/damenring-bright-harmony-skup4044.html?alloy=white-585&stone=diamond-Brillant,not_found_in_configured_stores,not_found_in_configured_stores,,12,https://www.ring-paare.de/damenring-bright-harmony-skup4044.html?alloy=white-585&stone=diamond-Brillant,,2026-06-14T07:48:08.797718+00:00
85152,https://www.ring-paare.de/herrenring-brilliant-blaze-skux1475.html?alloy=yellow-375,not_found_in_configured_stores,not_found_in_configured_stores,,12,https://www.ring-paare.de/herrenring-brilliant-blaze-skux1475.html?alloy=yellow-375,,2026-06-14T07:48:08.841632+00:00
85153,https://www.ring-paare.de/damenring-brilliant-blaze-skux1475.html?alloy=yellow-585,not_found_in_configured_stores,not_found_in_configured_stores,,12,https://www.ring-paare.de/damenring-brilliant-blaze-skux1475.html?alloy=yellow-585,,2026-06-14T07:48:09.081405+00:00
85157,https://www.ring-paare.de/herrenring-brilliant-horizont-sku.html?alloy=yellow-375,not_found_in_configured_stores,not_found_in_configured_stores,,12,https://www.ring-paare.de/herrenring-brilliant-horizont-sku.html?alloy=yellow-375,,2026-06-14T07:48:09.491298+00:00
85158,https://www.ring-paare.de/damenring-brilliant-horizont-skux1497.html?alloy=yellow-375&itm_source=recommendation&itm_medium=sorting,not_found_in_configured_stores,not_found_in_configured_stores,,12,https://www.ring-paare.de/damenring-brilliant-horizont-skux1497.html?alloy=yellow-375&itm_source=recommendation&itm_medium=sorting,,2026-06-14T07:48:09.573432+00:00
85165,https://www.ring-paare.de/herrenring-brilliant-vision-skuc5112.html?alloy=yellow-585&itm_source=recommendation&itm_medium=sorting,not_found_in_configured_stores,not_found_in_configured_stores,,12,https://www.ring-paare.de/herrenring-brilliant-vision-skuc5112.html?alloy=yellow-585&itm_source=recommendation&itm_medium=sorting,,2026-06-14T07:48:11.207520+00:00
85166,https://www.ring-paare.de/damenring-brilliant-vision-skuc5112.html?alloy=yellow-585&stone=diamond-Brillant&itm_source=recommendation&itm_medium=sorting,not_found_in_configured_stores,not_found_in_configured_stores,,12,https://www.ring-paare.de/damenring-brilliant-vision-skuc5112.html?alloy=yellow-585&stone=diamond-Brillant&itm_source=recommendation&itm_medium=sorting,,2026-06-14T07:48:11.210840+00:00
85194,https://www.ring-paare.de/herrenring-charming-fate-skuc3768.html?alloy=white-375,not_found_in_configured_stores,not_found_in_configured_stores,,12,https://www.ring-paare.de/herrenring-charming-fate-skuc3768.html?alloy=white-375,,2026-06-14T07:48:24.255998+00:00
85195,https://www.ring-paare.de/damenring-charming-fate-skuc3768.html?alloy=white-375,not_found_in_configured_stores,not_found_in_configured_stores,,12,https://www.ring-paare.de/damenring-charming-fate-skuc3768.html?alloy=white-375,,2026-06-14T07:48:24.340519+00:00
85225,https://www.ring-paare.de/herrenring-white-drop-skub4720.html?alloy=yellow-750&itm_source=recommendation&itm_medium=sorting,not_found_in_configured_stores,not_found_in_configured_stores,,12,https://www.ring-paare.de/herrenring-white-drop-skub4720.html?alloy=yellow-750&itm_source=recommendation&itm_medium=sorting,,2026-06-14T07:48:26.452935+00:00
85226,https://www.ring-paare.de/damenring-white-drop-skub4720.html?alloy=yellow-750,not_found_in_configured_stores,not_found_in_configured_stores,,12,https://www.ring-paare.de/damenring-white-drop-skub4720.html?alloy=yellow-750,,2026-06-14T07:48:26.489033+00:00
85239,https://www.ring-paare.de/herrenring-bright-summer-skuc1640-002.html?alloy=white-platin&itm_source=recommendation&itm_medium=sorting,not_found_in_configured_stores,not_found_in_configured_stores,,12,https://www.ring-paare.de/herrenring-bright-summer-skuc1640-002.html?alloy=white-platin&itm_source=recommendation&itm_medium=sorting,,2026-06-14T07:48:30.380157+00:00
85258,https://www.ring-paare.de/damenring-bright-fairy-skuc3892-001.html?stone=diamond-Brillant&alloy=yellow-750,not_found_in_configured_stores,not_found_in_configured_stores,,12,https://www.ring-paare.de/damenring-bright-fairy-skuc3892-001.html?stone=diamond-Brillant&alloy=yellow-750,,2026-06-14T07:48:31.596127+00:00
85259,https://www.ring-paare.de/herrenring-bright-fairy-skuc3892-001.html?alloy=white_yellow-375&gclid=CjwKCAjw8df2BRA3EiwAvfZWaI_bmBMe531RZETRnCIetiaa-VPEhQj06zyK2Ry8siaCJEa1U8OUmxoCEY4QAvD_BwE,not_found_in_configured_stores,not_found_in_configured_stores,,12,https://www.ring-paare.de/herrenring-bright-fairy-skuc3892-001.html?alloy=white_yellow-375&gclid=CjwKCAjw8df2BRA3EiwAvfZWaI_bmBMe531RZETRnCIetiaa-VPEhQj06zyK2Ry8siaCJEa1U8OUmxoCEY4QAvD_BwE,,2026-06-14T07:48:31.774052+00:00
85268,https://www.ring-paare.de/herrenring-bright-luck-skue5123-001.html?alloy=white_yellow-375&gclid=EAIaIQobChMI2ej7vffk6QIVEQvgCh31lwwjEAEYASABEgKh-vD_BwE,not_found_in_configured_stores,not_found_in_configured_stores,,12,https://www.ring-paare.de/herrenring-bright-luck-skue5123-001.html?alloy=white_yellow-375&gclid=EAIaIQobChMI2ej7vffk6QIVEQvgCh31lwwjEAEYASABEgKh-vD_BwE,,2026-06-14T07:48:32.492354+00:00
85274,https://www.ring-paare.de/damenring-bright-nature-skue1692-001.html?alloy=white_red-375,not_found_in_configured_stores,not_found_in_configured_stores,,12,https://www.ring-paare.de/damenring-bright-nature-skue1692-001.html?alloy=white_red-375,,2026-06-14T07:48:32.571618+00:00
85275,https://www.ring-paare.de/herrenring-bright-nature-skue1692-001.html?alloy=white_yellow-375,not_found_in_configured_stores,not_found_in_configured_stores,,12,https://www.ring-paare.de/herrenring-bright-nature-skue1692-001.html?alloy=white_yellow-375,,2026-06-14T07:48:32.613789+00:00
85276,https://www.ring-paare.de/damenring-bright-maze-skub2486-001.html?stone=diamond-Brillant&alloy=white-750,not_found_in_configured_stores,not_found_in_configured_stores,,12,https://www.ring-paare.de/damenring-bright-maze-skub2486-001.html?stone=diamond-Brillant&alloy=white-750,,2026-06-14T07:48:33.464276+00:00
85301,https://www.ring-paare.de/herrenring-white-magic-skuc35845.html?alloy=white-375&itm_source=recommendation&itm_medium=sorting,not_found_in_configured_stores,not_found_in_configured_stores,,12,https://www.ring-paare.de/herrenring-white-magic-skuc35845.html?alloy=white-375&itm_source=recommendation&itm_medium=sorting,,2026-06-14T07:48:36.376927+00:00
85651,https://www.ring-paare.de/noble-structure-sku9455.html?stone=diamond-Zirconia&itm_source=recommendation&itm_medium=sorting&alloy=yellow-585,not_found_in_configured_stores,not_found_in_configured_stores,,12,https://www.ring-paare.de/noble-structure-sku9455.html?stone=diamond-Zirconia&itm_source=recommendation&itm_medium=sorting&alloy=yellow-585,,2026-06-14T07:48:39.140091+00:00
85652,https://www.ring-paare.de/herrenring-noble-structure-sku9455.html?alloy=white_yellow-585&itm_source=recommendation&itm_medium=sorting,not_found_in_configured_stores,not_found_in_configured_stores,,12,https://www.ring-paare.de/herrenring-noble-structure-sku9455.html?alloy=white_yellow-585&itm_source=recommendation&itm_medium=sorting,,2026-06-14T07:48:39.237330+00:00
85653,https://www.ring-paare.de/damenring-noble-structure-sku9455.html?alloy=white-585&stone=diamond-Zirconia,not_found_in_configured_stores,not_found_in_configured_stores,,12,https://www.ring-paare.de/damenring-noble-structure-sku9455.html?alloy=white-585&stone=diamond-Zirconia,,2026-06-14T07:48:40.061622+00:00
85654,https://www.ring-paare.de/noble-bond-sku4181.html?alloy=yellow-375&itm_source=recommendation&itm_medium=sorting,not_found_in_configured_stores,not_found_in_configured_stores,,12,https://www.ring-paare.de/noble-bond-sku4181.html?alloy=yellow-375&itm_source=recommendation&itm_medium=sorting,,2026-06-14T07:48:42.073662+00:00
85661,https://www.ring-paare.de/golden-desire-sku4390.html?alloy=white_yellow-375&itm_source=recommendation&itm_medium=sorting,not_found_in_configured_stores,not_found_in_configured_stores,,12,https://www.ring-paare.de/golden-desire-sku4390.html?alloy=white_yellow-375&itm_source=recommendation&itm_medium=sorting,,2026-06-14T07:48:43.242270+00:00
85662,https://www.ring-paare.de/herrenring-golden-desire-sku4390.html?alloy=white_yellow-375,not_found_in_configured_stores,not_found_in_configured_stores,,12,https://www.ring-paare.de/herrenring-golden-desire-sku4390.html?alloy=white_yellow-375,,2026-06-14T07:48:43.639577+00:00
85663,https://www.ring-paare.de/damenring-golden-desire-sku4390.html?alloy=yellow-375,not_found_in_configured_stores,not_found_in_configured_stores,,12,https://www.ring-paare.de/damenring-golden-desire-sku4390.html?alloy=yellow-375,,2026-06-14T07:48:43.722235+00:00
85667,https://www.ring-paare.de/sensational-secret-sku3523.html?alloy=white_yellow-375&stone=diamond-Zirconia&itm_source=recommendation&itm_medium=sorting,not_found_in_configured_stores,not_found_in_configured_stores,"HTTPSConnectionPool(host='www.glamira.ca', port=443): Read timed out. (read timeout=10)",12,https://www.ring-paare.de/sensational-secret-sku3523.html?alloy=white_yellow-375&stone=diamond-Zirconia&itm_source=recommendation&itm_medium=sorting,,2026-06-14T07:48:44.901829+00:00
85668,https://www.ring-paare.de/damenring-sensational-secret-sku3523.html?alloy=white-585&stone=diamond-Zirconia,not_found_in_configured_stores,not_found_in_configured_stores,,12,https://www.ring-paare.de/damenring-sensational-secret-sku3523.html?alloy=white-585&stone=diamond-Zirconia,,2026-06-14T07:48:45.324858+00:00
85669,https://www.ring-paare.de/herrenring-sensational-secret-sku3523.html?alloy=white_red-375&stone=diamond-Zirconia,not_found_in_configured_stores,not_found_in_configured_stores,,12,https://www.ring-paare.de/herrenring-sensational-secret-sku3523.html?alloy=white_red-375&stone=diamond-Zirconia,,2026-06-14T07:48:45.366569+00:00
85682,https://www.ring-paare.de/unique-minded-sku12274.html?alloy=white-375&stone=diamond-Brillant&itm_source=recommendation&itm_medium=sorting,not_found_in_configured_stores,not_found_in_configured_stores,,12,https://www.ring-paare.de/unique-minded-sku12274.html?alloy=white-375&stone=diamond-Brillant&itm_source=recommendation&itm_medium=sorting,,2026-06-14T07:48:50.942995+00:00
85691,https://www.ring-paare.de/unique-promise-sku12283.html?alloy=white_yellow-375&stone=diamond-Brillant&itm_source=recommendation&itm_medium=sorting,not_found_in_configured_stores,not_found_in_configured_stores,,12,https://www.ring-paare.de/unique-promise-sku12283.html?alloy=white_yellow-375&stone=diamond-Brillant&itm_source=recommendation&itm_medium=sorting,,2026-06-14T07:48:52.686757+00:00
85692,https://www.ring-paare.de/herrenring-unique-promise-sku12283.html?stone=diamond-Brillant&alloy=white_red-375,not_found_in_configured_stores,not_found_in_configured_stores,,12,https://www.ring-paare.de/herrenring-unique-promise-sku12283.html?stone=diamond-Brillant&alloy=white_red-375,,2026-06-14T07:48:52.888579+00:00
85693,https://www.ring-paare.de/damenring-unique-promise-sku12283.html?stone=diamond-Brillant&alloy=white_red-750,not_found_in_configured_stores,not_found_in_configured_stores,,12,https://www.ring-paare.de/damenring-unique-promise-sku12283.html?stone=diamond-Brillant&alloy=white_red-750,,2026-06-14T07:48:53.426733+00:00
85697,https://www.ring-paare.de/noble-rose-sku9461.html?itm_source=recommendation&itm_medium=sorting&stone=diamond-Brillant&alloy=red-750,not_found_in_configured_stores,not_found_in_configured_stores,,12,https://www.ring-paare.de/noble-rose-sku9461.html?itm_source=recommendation&itm_medium=sorting&stone=diamond-Brillant&alloy=red-750,,2026-06-14T07:48:54.434869+00:00
85704,https://www.ring-paare.de/romantic-kiss-sku4601.html?alloy=white_red-750&stone=diamond-Brillant&itm_source=recommendation&itm_medium=sorting,not_found_in_configured_stores,not_found_in_configured_stores,,12,https://www.ring-paare.de/romantic-kiss-sku4601.html?alloy=white_red-750&stone=diamond-Brillant&itm_source=recommendation&itm_medium=sorting,,2026-06-14T07:48:54.888430+00:00
85710,https://www.ring-paare.de/unique-brilliance-sku12199.html?alloy=white_red-585&stone=diamond-Brillant&itm_source=recommendation&itm_medium=sorting,not_found_in_configured_stores,not_found_in_configured_stores,,12,https://www.ring-paare.de/unique-brilliance-sku12199.html?alloy=white_red-585&stone=diamond-Brillant&itm_source=recommendation&itm_medium=sorting,,2026-06-14T07:48:55.876259+00:00
85712,https://www.ring-paare.de/damenring-unique-brilliance-sku12199.html?stone=diamond-Brillant&itm_source=recommendation&itm_medium=sorting&alloy=white_yellow-375,not_found_in_configured_stores,not_found_in_configured_stores,,12,https://www.ring-paare.de/damenring-unique-brilliance-sku12199.html?stone=diamond-Brillant&itm_source=recommendation&itm_medium=sorting&alloy=white_yellow-375,,2026-06-14T07:48:56.398899+00:00
85713,https://www.ring-paare.de/noble-crown-sku9383.html?stone=diamond-Brillant&itm_source=recommendation&itm_medium=sorting&alloy=white-375,not_found_in_configured_stores,not_found_in_configured_stores,,12,https://www.ring-paare.de/noble-crown-sku9383.html?stone=diamond-Brillant&itm_source=recommendation&itm_medium=sorting&alloy=white-375,,2026-06-14T07:48:56.762226+00:00
85716,https://www.ring-paare.de/amazing-grace-sku4717.html?alloy=white_yellow-375&stone=diamond-Brillant&itm_source=recommendation&itm_medium=sorting,not_found_in_configured_stores,not_found_in_configured_stores,,12,https://www.ring-paare.de/amazing-grace-sku4717.html?alloy=white_yellow-375&stone=diamond-Brillant&itm_source=recommendation&itm_medium=sorting,,2026-06-14T07:49:00.290918+00:00
85717,https://www.ring-paare.de/herrenring-amazing-grace-sku4717.html?alloy=white_yellow-375,not_found_in_configured_stores,not_found_in_configured_stores,,12,https://www.ring-paare.de/herrenring-amazing-grace-sku4717.html?alloy=white_yellow-375,,2026-06-14T07:49:00.357595+00:00
85719,https://www.ring-paare.de/amazing-character-sku4479.html?stone=diamond-Brillant&itm_source=recommendation&itm_medium=sorting&alloy=yellow-585,not_found_in_configured_stores,not_found_in_configured_stores,,12,https://www.ring-paare.de/amazing-character-sku4479.html?stone=diamond-Brillant&itm_source=recommendation&itm_medium=sorting&alloy=yellow-585,,2026-06-14T07:49:00.536395+00:00
85733,https://www.ring-paare.de/unique-feeling-sku12279.html?alloy=white_red-585&stone=diamond-Brillant&itm_source=recommendation&itm_medium=sorting,not_found_in_configured_stores,not_found_in_configured_stores,,12,https://www.ring-paare.de/unique-feeling-sku12279.html?alloy=white_red-585&stone=diamond-Brillant&itm_source=recommendation&itm_medium=sorting,,2026-06-14T07:49:04.414737+00:00
85755,https://www.ring-paare.de/natural-sensation-skualy052.html?alloy=white-375&stone=diamond-Brillant&itm_source=recommendation&itm_medium=sorting,not_found_in_configured_stores,not_found_in_configured_stores,,12,https://www.ring-paare.de/natural-sensation-skualy052.html?alloy=white-375&stone=diamond-Brillant&itm_source=recommendation&itm_medium=sorting,,2026-06-14T07:49:09.784233+00:00
85764,https://www.ring-paare.de/damenring-unique-joy-sku12266.html?alloy=white-375,not_found_in_configured_stores,not_found_in_configured_stores,,12,https://www.ring-paare.de/damenring-unique-joy-sku12266.html?alloy=white-375,,2026-06-14T07:49:09.867695+00:00
85774,https://www.ring-paare.de/amazing-miracle-sku9471.html?alloy=white-375&stone=diamond-Zirconia&itm_source=recommendation&itm_medium=sorting,not_found_in_configured_stores,not_found_in_configured_stores,,12,https://www.ring-paare.de/amazing-miracle-sku9471.html?alloy=white-375&stone=diamond-Zirconia&itm_source=recommendation&itm_medium=sorting,,2026-06-14T07:49:11.479010+00:00
85775,https://www.ring-paare.de/herrenring-amazing-miracle.html?alloy=white-375&gclid=CjwKCAjwqpP2BRBTEiwAfpiD--1VdUAxuqsjFEqb1Z0pPjerYdWFoeUMKqAGMpX6P5wr9WuHBebJ4RoCLGgQAvD_BwE,not_found_in_configured_stores,not_found_in_configured_stores,,12,https://www.ring-paare.de/herrenring-amazing-miracle.html?alloy=white-375&gclid=CjwKCAjwqpP2BRBTEiwAfpiD--1VdUAxuqsjFEqb1Z0pPjerYdWFoeUMKqAGMpX6P5wr9WuHBebJ4RoCLGgQAvD_BwE,,2026-06-14T07:49:11.501295+00:00
85858,https://www.ring-paare.de/elegant-blaze-sku533.html?alloy=white_red-375&stone=diamond-Brillant&itm_source=recommendation&itm_medium=sorting,not_found_in_configured_stores,not_found_in_configured_stores,,12,https://www.ring-paare.de/elegant-blaze-sku533.html?alloy=white_red-375&stone=diamond-Brillant&itm_source=recommendation&itm_medium=sorting,,2026-06-14T07:49:30.631377+00:00
85861,https://www.ring-paare.de/elegant-destiny-sku283.html?alloy=white_red-585&stone=diamond-Brillant&itm_source=recommendation&itm_medium=sorting,not_found_in_configured_stores,not_found_in_configured_stores,,12,https://www.ring-paare.de/elegant-destiny-sku283.html?alloy=white_red-585&stone=diamond-Brillant&itm_source=recommendation&itm_medium=sorting,,2026-06-14T07:49:31.871055+00:00
85863,https://www.ring-paare.de/damenring-elegant-destiny-sku283.html?alloy=white_yellow-585&gclid=EAIaIQobChMI5PqPwqWa6QIV2eG7CB3eEApSEAEYASAEEgK4avD_BwE,not_found_in_configured_stores,not_found_in_configured_stores,,12,https://www.ring-paare.de/damenring-elegant-destiny-sku283.html?alloy=white_yellow-585&gclid=EAIaIQobChMI5PqPwqWa6QIV2eG7CB3eEApSEAEYASAEEgK4avD_BwE,,2026-06-14T07:49:32.031671+00:00
85864,https://www.ring-paare.de/elegant-reflection-sku149.html?alloy=white_yellow-585&stone=diamond-Brillant&itm_source=recommendation&itm_medium=sorting,not_found_in_configured_stores,not_found_in_configured_stores,,12,https://www.ring-paare.de/elegant-reflection-sku149.html?alloy=white_yellow-585&stone=diamond-Brillant&itm_source=recommendation&itm_medium=sorting,,2026-06-14T07:49:32.053901+00:00
85865,https://www.ring-paare.de/herrenring-elegant-reflection-sku149.html?alloy=white_yellow_585,not_found_in_configured_stores,not_found_in_configured_stores,,12,https://www.ring-paare.de/herrenring-elegant-reflection-sku149.html?alloy=white_yellow_585,,2026-06-14T07:49:32.080387+00:00
85876,https://www.ring-paare.de/golden-soul-sku9459.html?alloy=white-585&stone=diamond-Brillant&itm_source=recommendation&itm_medium=sorting,not_found_in_configured_stores,not_found_in_configured_stores,,12,https://www.ring-paare.de/golden-soul-sku9459.html?alloy=white-585&stone=diamond-Brillant&itm_source=recommendation&itm_medium=sorting,,2026-06-14T07:49:33.533223+00:00
85877,https://www.ring-paare.de/herrenring-golden-soul-sku9459.html?alloy=white_yellow-585&itm_source=recommendation&itm_medium=sorting,not_found_in_configured_stores,not_found_in_configured_stores,,12,https://www.ring-paare.de/herrenring-golden-soul-sku9459.html?alloy=white_yellow-585&itm_source=recommendation&itm_medium=sorting,,2026-06-14T07:49:33.555065+00:00
85878,https://www.ring-paare.de/damenring-golden-soul-sku9459.html?alloy=white_yellow-585,not_found_in_configured_stores,not_found_in_configured_stores,,12,https://www.ring-paare.de/damenring-golden-soul-sku9459.html?alloy=white_yellow-585,,2026-06-14T07:49:33.601807+00:00
85885,https://www.ring-paare.de/natural-glitter-skualy048.html?alloy=white-375&stone=diamond-Zirconia&itm_source=recommendation&itm_medium=sorting,not_found_in_configured_stores,not_found_in_configured_stores,,12,https://www.ring-paare.de/natural-glitter-skualy048.html?alloy=white-375&stone=diamond-Zirconia&itm_source=recommendation&itm_medium=sorting,,2026-06-14T07:49:35.034438+00:00
85900,https://www.ring-paare.de/shining-moon-sku41.html?alloy=white_yellow-375&stone=diamond-Brillant&itm_source=recommendation&itm_medium=sorting,not_found_in_configured_stores,not_found_in_configured_stores,,12,https://www.ring-paare.de/shining-moon-sku41.html?alloy=white_yellow-375&stone=diamond-Brillant&itm_source=recommendation&itm_medium=sorting,,2026-06-14T07:49:39.028147+00:00
85903,https://www.ring-paare.de/shining-sculpture-sku823.html?alloy=white_yellow-375&stone=diamond-Brillant&itm_source=recommendation&itm_medium=detail,not_found_in_configured_stores,not_found_in_configured_stores,,12,https://www.ring-paare.de/shining-sculpture-sku823.html?alloy=white_yellow-375&stone=diamond-Brillant&itm_source=recommendation&itm_medium=detail,,2026-06-14T07:49:39.874640+00:00
85905,https://www.ring-paare.de/damenring-shining-sculpture-sku823.html?alloy=white_yellow-375&stone=diamond-Zirconia&itm_source=recommendation&itm_medium=sorting,not_found_in_configured_stores,not_found_in_configured_stores,,12,https://www.ring-paare.de/damenring-shining-sculpture-sku823.html?alloy=white_yellow-375&stone=diamond-Zirconia&itm_source=recommendation&itm_medium=sorting,,2026-06-14T07:49:40.842800+00:00
85909,https://www.ring-paare.de/silent-mirror-sku479.html?alloy=white-375&stone=diamond-Zirconia,not_found_in_configured_stores,not_found_in_configured_stores,,12,https://www.ring-paare.de/silent-mirror-sku479.html?alloy=white-375&stone=diamond-Zirconia,,2026-06-14T07:49:41.577209+00:00
85921,https://www.ring-paare.de/noble-bliss-sku9560.html?alloy=white-silber&itm_source=recommendation&itm_medium=sorting,not_found_in_configured_stores,not_found_in_configured_stores,,12,https://www.ring-paare.de/noble-bliss-sku9560.html?alloy=white-silber&itm_source=recommendation&itm_medium=sorting,,2026-06-14T07:49:41.632398+00:00
85922,https://www.ring-paare.de/damenring-noble-bliss-sku9560.html?alloy=white-silber,not_found_in_configured_stores,not_found_in_configured_stores,,12,https://www.ring-paare.de/damenring-noble-bliss-sku9560.html?alloy=white-silber,,2026-06-14T07:49:41.651812+00:00
85923,https://www.ring-paare.de/herrenring-noble-bliss-sku9560.html?alloy=white_yellow-585&itm_source=recommendation&itm_medium=sorting,not_found_in_configured_stores,not_found_in_configured_stores,,12,https://www.ring-paare.de/herrenring-noble-bliss-sku9560.html?alloy=white_yellow-585&itm_source=recommendation&itm_medium=sorting,,2026-06-14T07:49:41.707425+00:00
85941,https://www.ring-paare.de/dynamic-desire-sku4193.html?alloy=white-375&stone=diamond-Zirconia&itm_source=recommendation&itm_medium=sorting,not_found_in_configured_stores,not_found_in_configured_stores,,12,https://www.ring-paare.de/dynamic-desire-sku4193.html?alloy=white-375&stone=diamond-Zirconia&itm_source=recommendation&itm_medium=sorting,,2026-06-14T07:49:44.689412+00:00
85949,https://www.ring-paare.de/marvelous-passion-sku3419.html?alloy=white_yellow-375&stone=diamond-Zirconia&itm_source=recommendation&itm_medium=sorting,not_found_in_configured_stores,not_found_in_configured_stores,,12,https://www.ring-paare.de/marvelous-passion-sku3419.html?alloy=white_yellow-375&stone=diamond-Zirconia&itm_source=recommendation&itm_medium=sorting,,2026-06-14T07:49:47.860200+00:00
85958,https://www.ring-paare.de/natural-flow-skualy085.html?alloy=white-375&stone=diamond-Zirconia&itm_source=recommendation&itm_medium=sorting,not_found_in_configured_stores,not_found_in_configured_stores,,12,https://www.ring-paare.de/natural-flow-skualy085.html?alloy=white-375&stone=diamond-Zirconia&itm_source=recommendation&itm_medium=sorting,,2026-06-14T07:49:49.067357+00:00
85972,https://www.ring-paare.de/amazing-fate-sku1917.html?alloy=white_yellow-375&stone=diamond-Brillant&itm_source=recommendation&itm_medium=sorting,not_found_in_configured_stores,not_found_in_configured_stores,,12,https://www.ring-paare.de/amazing-fate-sku1917.html?alloy=white_yellow-375&stone=diamond-Brillant&itm_source=recommendation&itm_medium=sorting,,2026-06-14T07:49:49.662669+00:00
85976,https://www.ring-paare.de/romantic-promise-sku4637.html?alloy=white-375,not_found_in_configured_stores,not_found_in_configured_stores,,12,https://www.ring-paare.de/romantic-promise-sku4637.html?alloy=white-375,,2026-06-14T07:49:50.062642+00:00
85977,https://www.ring-paare.de/herrenring-romantic-promise-sku4637.html?alloy=white-375&itm_source=recommendation&itm_medium=sorting,not_found_in_configured_stores,not_found_in_configured_stores,,12,https://www.ring-paare.de/herrenring-romantic-promise-sku4637.html?alloy=white-375&itm_source=recommendation&itm_medium=sorting,,2026-06-14T07:49:50.178382+00:00
85979,https://www.ring-paare.de/amazing-couple-sku4723.html?alloy=white_yellow-375&stone=diamond-Brillant,not_found_in_configured_stores,not_found_in_configured_stores,,12,https://www.ring-paare.de/amazing-couple-sku4723.html?alloy=white_yellow-375&stone=diamond-Brillant,,2026-06-14T07:49:50.934028+00:00
85981,https://www.ring-paare.de/damenring-amazing-couple-sku4723.html?alloy=white_yellow-375,not_found_in_configured_stores,not_found_in_configured_stores,,12,https://www.ring-paare.de/damenring-amazing-couple-sku4723.html?alloy=white_yellow-375,,2026-06-14T07:49:51.077555+00:00
85985,https://www.ring-paare.de/dynamic-perfection-sku3705.html?alloy=white_red-375&stone=diamond-Brillant&itm_source=recommendation&itm_medium=sorting,not_found_in_configured_stores,not_found_in_configured_stores,,12,https://www.ring-paare.de/dynamic-perfection-sku3705.html?alloy=white_red-375&stone=diamond-Brillant&itm_source=recommendation&itm_medium=sorting,,2026-06-14T07:49:51.083985+00:00
85986,https://www.ring-paare.de/dynamic-angel-sku4191.html?stone=diamond-Brillant&itm_source=recommendation&itm_medium=smartsearch&alloy=white_red-375,not_found_in_configured_stores,not_found_in_configured_stores,,12,https://www.ring-paare.de/dynamic-angel-sku4191.html?stone=diamond-Brillant&itm_source=recommendation&itm_medium=smartsearch&alloy=white_red-375,,2026-06-14T07:49:51.092868+00:00
85989,https://www.ring-paare.de/pure-elegance-sku4569.html?alloy=white-375&stone=diamond-Zirconia&itm_source=recommendation&itm_medium=sorting,not_found_in_configured_stores,not_found_in_configured_stores,,12,https://www.ring-paare.de/pure-elegance-sku4569.html?alloy=white-375&stone=diamond-Zirconia&itm_source=recommendation&itm_medium=sorting,,2026-06-14T07:49:51.114539+00:00
85992,https://www.glamira.se/attractive-moment-sku3535.html?alloy=white-375&stone=diamond-Zirconia&itm_source=recommendation&itm_medium=sorting,not_found_in_configured_stores,not_found_in_configured_stores,,12,https://www.glamira.se/attractive-moment-sku3535.html?alloy=white-375&stone=diamond-Zirconia&itm_source=recommendation&itm_medium=sorting,,2026-06-14T07:49:51.237850+00:00
85998,https://www.ring-paare.de/tempting-fantasy-sku4451.html?alloy=white_yellow-375&stone=diamond-Zirconia&itm_source=recommendation&itm_medium=sorting,not_found_in_configured_stores,not_found_in_configured_stores,,12,https://www.ring-paare.de/tempting-fantasy-sku4451.html?alloy=white_yellow-375&stone=diamond-Zirconia&itm_source=recommendation&itm_medium=sorting,,2026-06-14T07:49:52.798975+00:00
86000,https://www.ring-paare.de/herrenring-tempting-fantasy-sku4451.html?alloy=white_yellow-375,not_found_in_configured_stores,not_found_in_configured_stores,,12,https://www.ring-paare.de/herrenring-tempting-fantasy-sku4451.html?alloy=white_yellow-375,,2026-06-14T07:49:53.335441+00:00
86012,https://www.ring-paare.de/splendid-love-skualy020.html?alloy=white-375&stone=diamond-Brillant&itm_source=recommendation&itm_medium=sorting,not_found_in_configured_stores,not_found_in_configured_stores,,12,https://www.ring-paare.de/splendid-love-skualy020.html?alloy=white-375&stone=diamond-Brillant&itm_source=recommendation&itm_medium=sorting,,2026-06-14T07:49:56.543162+00:00
86013,https://www.ring-paare.de/herrenring-splendid-love-skualy020.html?alloy=white-375&stone=diamond-Brillant,not_found_in_configured_stores,not_found_in_configured_stores,,12,https://www.ring-paare.de/herrenring-splendid-love-skualy020.html?alloy=white-375&stone=diamond-Brillant,,2026-06-14T07:49:57.184197+00:00
86014,https://www.ring-paare.de/damenring-splendid-love-skualy020.html?stone=diamond-Brillant&alloy=red-375,not_found_in_configured_stores,not_found_in_configured_stores,,12,https://www.ring-paare.de/damenring-splendid-love-skualy020.html?stone=diamond-Brillant&alloy=red-375,,2026-06-14T07:49:58.627720+00:00
86030,https://www.ring-paare.de/precious-heart-sku3369.html?stone=diamond-Brillant&itm_source=recommendation&itm_medium=sorting&alloy=yellow-375,not_found_in_configured_stores,not_found_in_configured_stores,,12,https://www.ring-paare.de/precious-heart-sku3369.html?stone=diamond-Brillant&itm_source=recommendation&itm_medium=sorting&alloy=yellow-375,,2026-06-14T07:50:00.417867+00:00
86039,https://www.ring-paare.de/dynamic-trust-sku4213.html?alloy=white_red-585&stone=diamond-Zirconia&itm_source=recommendation&itm_medium=sorting,not_found_in_configured_stores,not_found_in_configured_stores,,12,https://www.ring-paare.de/dynamic-trust-sku4213.html?alloy=white_red-585&stone=diamond-Zirconia&itm_source=recommendation&itm_medium=sorting,,2026-06-14T07:50:01.522144+00:00
86163,https://www.ring-paare.de/heavenly-beauty-b9056-001.html?alloy=white_yellow-375,not_found_in_configured_stores,not_found_in_configured_stores,,12,https://www.ring-paare.de/heavenly-beauty-b9056-001.html?alloy=white_yellow-375,,2026-06-14T07:50:01.882147+00:00
86164,https://www.ring-paare.de/heavenly-beauty-b9056-001-men.html?alloy=white-silber,not_found_in_configured_stores,not_found_in_configured_stores,,12,https://www.ring-paare.de/heavenly-beauty-b9056-001-men.html?alloy=white-silber,,2026-06-14T07:50:01.897502+00:00
86165,https://www.ring-paare.de/heavenly-beauty-b9056-001-women.html?alloy=white-silber,not_found_in_configured_stores,not_found_in_configured_stores,,12,https://www.ring-paare.de/heavenly-beauty-b9056-001-women.html?alloy=white-silber,,2026-06-14T07:50:01.963401+00:00
86210,https://www.ring-paare.de/heavenly-sparkle.html?alloy=white_yellow-750&stone=diamond-Brillant&itm_source=recommendation&itm_medium=sorting,not_found_in_configured_stores,not_found_in_configured_stores,,12,https://www.ring-paare.de/heavenly-sparkle.html?alloy=white_yellow-750&stone=diamond-Brillant&itm_source=recommendation&itm_medium=sorting,,2026-06-14T07:50:11.948643+00:00
86212,https://www.ring-paare.de/damenring-heavenly-sparkle.html?alloy=white_yellow-750&stone=diamond-Brillant,not_found_in_configured_stores,not_found_in_configured_stores,,12,https://www.ring-paare.de/damenring-heavenly-sparkle.html?alloy=white_yellow-750&stone=diamond-Brillant,,2026-06-14T07:50:12.265428+00:00
86216,https://www.ring-paare.de/heavenly-beauty-c9045-001.html?alloy=white-platin&stone=diamond-Brillant&itm_source=recommendation&itm_medium=sorting,not_found_in_configured_stores,not_found_in_configured_stores,,12,https://www.ring-paare.de/heavenly-beauty-c9045-001.html?alloy=white-platin&stone=diamond-Brillant&itm_source=recommendation&itm_medium=sorting,,2026-06-14T07:50:12.750423+00:00
86217,https://www.ring-paare.de/heavenly-tender-c9045-001-men.html?alloy=white_red-375&stone=diamond-Brillant,not_found_in_configured_stores,not_found_in_configured_stores,,12,https://www.ring-paare.de/heavenly-tender-c9045-001-men.html?alloy=white_red-375&stone=diamond-Brillant,,2026-06-14T07:50:13.793488+00:00
86755,https://www.glamira.md/ring-black-skuglcr-02.html?alloy=white-Stainless,not_found_in_configured_stores,not_found_in_configured_stores,,12,https://www.glamira.md/ring-black-skuglcr-02.html?alloy=white-Stainless,,2026-06-14T07:50:17.973479+00:00
86756,https://www.glamira.cl/anillo-de-hombre-anillo-white-skuglcr-01.html?alloy=white-Stainless&gclid=EAIaIQobChMI4syS_K-M6QIVFwiRCh3XnQT1EAQYASABEgKQvfD_BwE,not_found_in_configured_stores,not_found_in_configured_stores,,12,https://www.glamira.cl/anillo-de-hombre-anillo-white-skuglcr-01.html?alloy=white-Stainless&gclid=EAIaIQobChMI4syS_K-M6QIVFwiRCh3XnQT1EAQYASABEgKQvfD_BwE,,2026-06-14T07:50:20.207489+00:00
86758,https://www.glamira.cl/herrering-anillo-black-skuglcr-02.html?alloy=white-Stainless&gclid=EAIaIQobChMI6aOcptq76QIVFQWRCh3Kdg9qEAQYASABEgJHf_D_BwE,not_found_in_configured_stores,not_found_in_configured_stores,,12,https://www.glamira.cl/herrering-anillo-black-skuglcr-02.html?alloy=white-Stainless&gclid=EAIaIQobChMI6aOcptq76QIVFQWRCh3Kdg9qEAQYASABEgJHf_D_BwE,,2026-06-14T07:50:20.231680+00:00
86759,https://www.glamira.cl/anillo-de-mujer-anillo-black-skuglcr-02.html?alloy=white-Stainless,not_found_in_configured_stores,not_found_in_configured_stores,,12,https://www.glamira.cl/anillo-de-mujer-anillo-black-skuglcr-02.html?alloy=white-Stainless,,2026-06-14T07:50:20.451638+00:00
86773,https://www.glamira.lv/ring-1.html,not_found_in_configured_stores,not_found_in_configured_stores,,12,https://www.glamira.lv/ring-1.html,,2026-06-14T07:50:20.453127+00:00
86774,https://www.glamira.lv/ring-2.html,not_found_in_configured_stores,not_found_in_configured_stores,,12,https://www.glamira.lv/ring-2.html,,2026-06-14T07:50:20.736912+00:00
86775,https://www.glamira.lv/ring-3.html,not_found_in_configured_stores,not_found_in_configured_stores,,12,https://www.glamira.lv/ring-3.html,,2026-06-14T07:50:20.758713+00:00
87078,https://www.ring-paare.de/fantastic-know.html?alloy=white_yellow-585&stone=diamond-Brillant&itm_source=recommendation&itm_medium=sorting,not_found_in_configured_stores,not_found_in_configured_stores,,12,https://www.ring-paare.de/fantastic-know.html?alloy=white_yellow-585&stone=diamond-Brillant&itm_source=recommendation&itm_medium=sorting,,2026-06-14T07:50:28.525566+00:00
87087,https://www.ring-paare.de/pure-sense.html?alloy=white-375&stone=diamond-Zirconia&itm_source=recommendation&itm_medium=sorting,not_found_in_configured_stores,not_found_in_configured_stores,,12,https://www.ring-paare.de/pure-sense.html?alloy=white-375&stone=diamond-Zirconia&itm_source=recommendation&itm_medium=sorting,,2026-06-14T07:50:29.340248+00:00
87091,https://www.ring-paare.de/damenring-pure-sense.html?alloy=white-585&stone=diamond-Zirconia,not_found_in_configured_stores,not_found_in_configured_stores,"HTTPSConnectionPool(host='www.glamira.pl', port=443): Read timed out. (read timeout=10)",12,https://www.ring-paare.de/damenring-pure-sense.html?alloy=white-585&stone=diamond-Zirconia,,2026-06-14T07:50:30.500328+00:00
87105,https://www.ring-paare.de/herrenring-exotic-ligh.html?alloy=white-375&gclid=Cj0KCQjwnv71BRCOARIsAIkxW9EYbNYg6IkjuLMuhRwYLL5Pwq53XqBhAbAURbc3K13sEDv6Dc29QmEaAq8vEALw_wcB,not_found_in_configured_stores,not_found_in_configured_stores,,12,https://www.ring-paare.de/herrenring-exotic-ligh.html?alloy=white-375&gclid=Cj0KCQjwnv71BRCOARIsAIkxW9EYbNYg6IkjuLMuhRwYLL5Pwq53XqBhAbAURbc3K13sEDv6Dc29QmEaAq8vEALw_wcB,,2026-06-14T07:50:32.320897+00:00
87108,https://www.ring-paare.de/exotic-cross.html?alloy=yellow-750&stone=none&itm_source=recommendation&itm_medium=sorting,not_found_in_configured_stores,not_found_in_configured_stores,,12,https://www.ring-paare.de/exotic-cross.html?alloy=yellow-750&stone=none&itm_source=recommendation&itm_medium=sorting,,2026-06-14T07:50:32.322489+00:00
87111,https://www.ring-paare.de/herrenring-exotic-cross.html?alloy=yellow-750&stone=none,not_found_in_configured_stores,not_found_in_configured_stores,,12,https://www.ring-paare.de/herrenring-exotic-cross.html?alloy=yellow-750&stone=none,,2026-06-14T07:50:32.324883+00:00
87128,https://www.ring-paare.de/pure-tree.html?alloy=white-585&stone=diamond-Brillant&itm_source=recommendation&itm_medium=sorting,not_found_in_configured_stores,not_found_in_configured_stores,,12,https://www.ring-paare.de/pure-tree.html?alloy=white-585&stone=diamond-Brillant&itm_source=recommendation&itm_medium=sorting,,2026-06-14T07:50:35.108421+00:00
87130,https://www.ring-paare.de/herrenring-pure-tree.html?alloy=white-375&itm_source=recommendation&itm_medium=sorting,not_found_in_configured_stores,not_found_in_configured_stores,,12,https://www.ring-paare.de/herrenring-pure-tree.html?alloy=white-375&itm_source=recommendation&itm_medium=sorting,,2026-06-14T07:50:35.128812+00:00
87134,https://www.ring-paare.de/exotic-birth.html?stone=diamond-Zirconia&itm_source=recommendation&itm_medium=sorting&alloy=white-375,not_found_in_configured_stores,not_found_in_configured_stores,,12,https://www.ring-paare.de/exotic-birth.html?stone=diamond-Zirconia&itm_source=recommendation&itm_medium=sorting&alloy=white-375,,2026-06-14T07:50:35.226406+00:00
87144,https://www.ring-paare.de/pure-always.html?alloy=yellow-375&stone=diamond-Zirconia,not_found_in_configured_stores,not_found_in_configured_stores,,12,https://www.ring-paare.de/pure-always.html?alloy=yellow-375&stone=diamond-Zirconia,,2026-06-14T07:50:38.069946+00:00
87156,https://www.ring-paare.de/pure-hands.html?alloy=white-585&stone=diamond-Brillant&itm_source=recommendation&itm_medium=sorting,not_found_in_configured_stores,not_found_in_configured_stores,,12,https://www.ring-paare.de/pure-hands.html?alloy=white-585&stone=diamond-Brillant&itm_source=recommendation&itm_medium=sorting,,2026-06-14T07:50:39.734286+00:00
87226,https://www.ring-paare.de/pure-smart.html?alloy=yellow-585&stone=diamond-Zirconia&itm_source=recommendation&itm_medium=sorting,not_found_in_configured_stores,not_found_in_configured_stores,,12,https://www.ring-paare.de/pure-smart.html?alloy=yellow-585&stone=diamond-Zirconia&itm_source=recommendation&itm_medium=sorting,,2026-06-14T07:50:49.654280+00:00
87237,https://www.ring-paare.de/pure-embrace.html?alloy=yellow-750&stone=diamond-Zirconia&itm_source=recommendation&itm_medium=sorting,not_found_in_configured_stores,not_found_in_configured_stores,"HTTPSConnectionPool(host='www.glamira.pl', port=443): Read timed out. (read timeout=10)",12,https://www.ring-paare.de/pure-embrace.html?alloy=yellow-750&stone=diamond-Zirconia&itm_source=recommendation&itm_medium=sorting,,2026-06-14T07:50:49.855193+00:00
87248,https://www.ring-paare.de/damenring-pure-embrace.html?alloy=yellow-750&stone=diamond-Zirconia,not_found_in_configured_stores,not_found_in_configured_stores,,12,https://www.ring-paare.de/damenring-pure-embrace.html?alloy=yellow-750&stone=diamond-Zirconia,,2026-06-14T07:50:50.720808+00:00
87249,https://www.ring-paare.de/great-sensational.html?alloy=white-375&stone=diamond-Zirconia&itm_source=recommendation&itm_medium=sorting,not_found_in_configured_stores,not_found_in_configured_stores,,12,https://www.ring-paare.de/great-sensational.html?alloy=white-375&stone=diamond-Zirconia&itm_source=recommendation&itm_medium=sorting,,2026-06-14T07:50:52.207928+00:00
87254,https://www.ring-paare.de/herrenring-great-sensational.html?itm_source=recommendation&itm_medium=sorting&alloy=white-750,not_found_in_configured_stores,not_found_in_configured_stores,,12,https://www.ring-paare.de/herrenring-great-sensational.html?itm_source=recommendation&itm_medium=sorting&alloy=white-750,,2026-06-14T07:50:52.212086+00:00
87255,https://www.ring-paare.de/damenring-great-sensational.html?alloy=white_yellow-585,not_found_in_configured_stores,not_found_in_configured_stores,,12,https://www.ring-paare.de/damenring-great-sensational.html?alloy=white_yellow-585,,2026-06-14T07:50:52.246192+00:00
87266,https://www.ring-paare.de/pure-love.html?alloy=white_yellow-375,not_found_in_configured_stores,not_found_in_configured_stores,,12,https://www.ring-paare.de/pure-love.html?alloy=white_yellow-375,,2026-06-14T07:50:53.020508+00:00
87269,https://www.ring-paare.de/damenring-pure-love.html?alloy=white_red-585,not_found_in_configured_stores,not_found_in_configured_stores,,12,https://www.ring-paare.de/damenring-pure-love.html?alloy=white_red-585,,2026-06-14T07:50:53.300579+00:00
87273,https://www.ring-paare.de/pure-nice.html?alloy=white-585&stone=diamond-Brillant&itm_source=recommendation&itm_medium=sorting,not_found_in_configured_stores,not_found_in_configured_stores,,12,https://www.ring-paare.de/pure-nice.html?alloy=white-585&stone=diamond-Brillant&itm_source=recommendation&itm_medium=sorting,,2026-06-14T07:50:54.045178+00:00
87288,https://www.ring-paare.de/pure-heritage.html?alloy=white_yellow-375&stone=diamond-Zirconia&itm_source=recommendation&itm_medium=sorting,not_found_in_configured_stores,not_found_in_configured_stores,,12,https://www.ring-paare.de/pure-heritage.html?alloy=white_yellow-375&stone=diamond-Zirconia&itm_source=recommendation&itm_medium=sorting,,2026-06-14T07:51:01.787089+00:00
87289,https://www.ring-paare.de/herrenring-pure-heritage.html?alloy=white_yellow-375,not_found_in_configured_stores,not_found_in_configured_stores,,12,https://www.ring-paare.de/herrenring-pure-heritage.html?alloy=white_yellow-375,,2026-06-14T07:51:01.919814+00:00
87290,https://www.ring-paare.de/damenring-pure-heritage.html?alloy=white_red-375&stone=diamond-Brillant,not_found_in_configured_stores,not_found_in_configured_stores,,12,https://www.ring-paare.de/damenring-pure-heritage.html?alloy=white_red-375&stone=diamond-Brillant,,2026-06-14T07:51:03.045954+00:00
87294,https://www.ring-paare.de/pure-saint.html?alloy=white_red-585&stone=diamond-Brillant&itm_source=recommendation&itm_medium=sorting,not_found_in_configured_stores,not_found_in_configured_stores,,12,https://www.ring-paare.de/pure-saint.html?alloy=white_red-585&stone=diamond-Brillant&itm_source=recommendation&itm_medium=sorting,,2026-06-14T07:51:03.072988+00:00
87295,https://www.ring-paare.de/herrenring-pure-saint.html?alloy=white_yellow-375,not_found_in_configured_stores,not_found_in_configured_stores,,12,https://www.ring-paare.de/herrenring-pure-saint.html?alloy=white_yellow-375,,2026-06-14T07:51:03.260137+00:00
87318,https://www.ring-paare.de/pure-air.html?alloy=white-375&stone=diamond-Zirconia&itm_source=recommendation&itm_medium=sorting,not_found_in_configured_stores,not_found_in_configured_stores,,12,https://www.ring-paare.de/pure-air.html?alloy=white-375&stone=diamond-Zirconia&itm_source=recommendation&itm_medium=sorting,,2026-06-14T07:51:06.047568+00:00
87319,https://www.ring-paare.de/herrenring-pure-air.html?alloy=white-375&itm_source=recommendation&itm_medium=sorting,not_found_in_configured_stores,not_found_in_configured_stores,,12,https://www.ring-paare.de/herrenring-pure-air.html?alloy=white-375&itm_source=recommendation&itm_medium=sorting,,2026-06-14T07:51:06.247401+00:00
87327,https://www.ring-paare.de/embrace-night.html?alloy=white-375&stone=diamond-Zirconia&itm_source=recommendation&itm_medium=sorting,not_found_in_configured_stores,not_found_in_configured_stores,,12,https://www.ring-paare.de/embrace-night.html?alloy=white-375&stone=diamond-Zirconia&itm_source=recommendation&itm_medium=sorting,,2026-06-14T07:51:09.032590+00:00
87328,https://www.ring-paare.de/herrenring-embrace-night.html?alloy=white-375&itm_source=recommendation&itm_medium=sorting,not_found_in_configured_stores,not_found_in_configured_stores,,12,https://www.ring-paare.de/herrenring-embrace-night.html?alloy=white-375&itm_source=recommendation&itm_medium=sorting,,2026-06-14T07:51:09.046668+00:00
87329,https://www.ring-paare.de/damenring-embrace-night.html?alloy=white-375,not_found_in_configured_stores,not_found_in_configured_stores,,12,https://www.ring-paare.de/damenring-embrace-night.html?alloy=white-375,,2026-06-14T07:51:09.359662+00:00
87389,https://www.ring-paare.de/adore-alegria.html?alloy=white_yellow-375&stone=diamond-Zirconia,not_found_in_configured_stores,not_found_in_configured_stores,,12,https://www.ring-paare.de/adore-alegria.html?alloy=white_yellow-375&stone=diamond-Zirconia,,2026-06-14T07:51:16.415649+00:00
87394,https://www.ring-paare.de/adore-queen.html?alloy=white-375&stone=diamond-Zirconia&itm_source=recommendation&itm_medium=sorting,not_found_in_configured_stores,not_found_in_configured_stores,,12,https://www.ring-paare.de/adore-queen.html?alloy=white-375&stone=diamond-Zirconia&itm_source=recommendation&itm_medium=sorting,,2026-06-14T07:51:17.542407+00:00
87400,https://www.ring-paare.de/herrenring-adore-queen.html?stone=diamond-Zirconia&alloy=white_yellow_red-585,not_found_in_configured_stores,not_found_in_configured_stores,,12,https://www.ring-paare.de/herrenring-adore-queen.html?stone=diamond-Zirconia&alloy=white_yellow_red-585,,2026-06-14T07:51:17.810109+00:00
87442,https://www.ring-paare.de/adore-visual.html?alloy=white_yellow-375,not_found_in_configured_stores,not_found_in_configured_stores,,12,https://www.ring-paare.de/adore-visual.html?alloy=white_yellow-375,,2026-06-14T07:51:19.260516+00:00
87460,https://www.ring-paare.de/checkout/cart/configure/id/2033739/?alloy=white-750,not_found_in_configured_stores,not_found_in_configured_stores,,12,https://www.ring-paare.de/checkout/cart/configure/id/2033739/?alloy=white-750,,2026-06-14T07:51:19.823973+00:00
87464,https://www.ring-paare.de/adore-tale.html?alloy=white_red-585&stone=diamond-Zirconia&itm_source=recommendation&itm_medium=sorting,not_found_in_configured_stores,not_found_in_configured_stores,"HTTPSConnectionPool(host='www.glamira.fr', port=443): Read timed out. (read timeout=10)",12,https://www.ring-paare.de/adore-tale.html?alloy=white_red-585&stone=diamond-Zirconia&itm_source=recommendation&itm_medium=sorting,,2026-06-14T07:51:20.034868+00:00
87465,https://www.ring-paare.de/herrenring-adore-garden.html?alloy=white-750,not_found_in_configured_stores,not_found_in_configured_stores,,12,https://www.ring-paare.de/herrenring-adore-garden.html?alloy=white-750,,2026-06-14T07:51:20.340178+00:00
87466,https://www.ring-paare.de/damenring-adore-garden.html?alloy=white-750,not_found_in_configured_stores,not_found_in_configured_stores,,12,https://www.ring-paare.de/damenring-adore-garden.html?alloy=white-750,,2026-06-14T07:51:20.859674+00:00
87606,https://www.ring-paare.de/sensual-night.html?alloy=white-585&stone=diamond-Zirconia&itm_source=recommendation&itm_medium=sorting,not_found_in_configured_stores,not_found_in_configured_stores,,12,https://www.ring-paare.de/sensual-night.html?alloy=white-585&stone=diamond-Zirconia&itm_source=recommendation&itm_medium=sorting,,2026-06-14T07:51:28.015146+00:00
87610,https://www.ring-paare.de/herrenring-sensual-night.html?alloy=white-375&itm_source=recommendation&itm_medium=sorting,not_found_in_configured_stores,not_found_in_configured_stores,,12,https://www.ring-paare.de/herrenring-sensual-night.html?alloy=white-375&itm_source=recommendation&itm_medium=sorting,,2026-06-14T07:51:30.356786+00:00
87637,https://www.ring-paare.de/sense-layer.html?alloy=white-375&stone=diamond-Zirconia&itm_source=recommendation&itm_medium=sorting,not_found_in_configured_stores,not_found_in_configured_stores,,12,https://www.ring-paare.de/sense-layer.html?alloy=white-375&stone=diamond-Zirconia&itm_source=recommendation&itm_medium=sorting,,2026-06-14T07:51:39.690818+00:00
87641,https://www.ring-paare.de/herrenring-sense-layer.html?stone=diamond-Zirconia&alloy=white-585,not_found_in_configured_stores,not_found_in_configured_stores,,12,https://www.ring-paare.de/herrenring-sense-layer.html?stone=diamond-Zirconia&alloy=white-585,,2026-06-14T07:51:40.092244+00:00
87680,https://www.ring-paare.de/sense-glance.html?alloy=white_yellow-375&stone=diamond-Zirconia&itm_source=recommendation&itm_medium=sorting,not_found_in_configured_stores,not_found_in_configured_stores,,12,https://www.ring-paare.de/sense-glance.html?alloy=white_yellow-375&stone=diamond-Zirconia&itm_source=recommendation&itm_medium=sorting,,2026-06-14T07:51:41.316290+00:00
87698,https://www.ring-paare.de/sense-muse.html?alloy=white-375&stone=diamond-Zirconia&itm_source=recommendation&itm_medium=sorting,not_found_in_configured_stores,not_found_in_configured_stores,,12,https://www.ring-paare.de/sense-muse.html?alloy=white-375&stone=diamond-Zirconia&itm_source=recommendation&itm_medium=sorting,,2026-06-14T07:51:42.815241+00:00
87703,https://www.ring-paare.de/herrenring-sense-muse.html?stone=diamond-Brillant&alloy=white-585,not_found_in_configured_stores,not_found_in_configured_stores,,12,https://www.ring-paare.de/herrenring-sense-muse.html?stone=diamond-Brillant&alloy=white-585,,2026-06-14T07:51:43.689619+00:00
87704,https://www.ring-paare.de/damenring-sense-muse.html?alloy=yellow-585&stone=diamond-Brillant,not_found_in_configured_stores,not_found_in_configured_stores,,12,https://www.ring-paare.de/damenring-sense-muse.html?alloy=yellow-585&stone=diamond-Brillant,,2026-06-14T07:51:43.749641+00:00
87918,https://www.ring-paare.de/universe-crux.html?alloy=white-375&stone=diamond-Zirconia&itm_source=recommendation&itm_medium=sorting,not_found_in_configured_stores,not_found_in_configured_stores,,12,https://www.ring-paare.de/universe-crux.html?alloy=white-375&stone=diamond-Zirconia&itm_source=recommendation&itm_medium=sorting,,2026-06-14T07:51:53.157092+00:00
87940,https://www.ring-paare.de/universe-earth.html?alloy=white_red-585&stone=diamond-Zirconia&itm_source=recommendation&itm_medium=sorting,not_found_in_configured_stores,not_found_in_configured_stores,,12,https://www.ring-paare.de/universe-earth.html?alloy=white_red-585&stone=diamond-Zirconia&itm_source=recommendation&itm_medium=sorting,,2026-06-14T07:51:55.394014+00:00
87952,https://www.ring-paare.de/universe-jupiter.html?alloy=white_yellow-375&stone=diamond-Zirconia&itm_source=recommendation&itm_medium=sorting,not_found_in_configured_stores,not_found_in_configured_stores,,12,https://www.ring-paare.de/universe-jupiter.html?alloy=white_yellow-375&stone=diamond-Zirconia&itm_source=recommendation&itm_medium=sorting,,2026-06-14T07:51:56.088061+00:00
87957,https://www.ring-paare.de/herrenring-universe-jupiter.html?alloy=white_yellow-375&itm_source=recommendation&itm_medium=sorting,not_found_in_configured_stores,not_found_in_configured_stores,,12,https://www.ring-paare.de/herrenring-universe-jupiter.html?alloy=white_yellow-375&itm_source=recommendation&itm_medium=sorting,,2026-06-14T07:51:56.726113+00:00
87958,https://www.ring-paare.de/damenring-universe-jupiter.html?alloy=white_yellow-375&stone=diamond-Zirconia,not_found_in_configured_stores,not_found_in_configured_stores,,12,https://www.ring-paare.de/damenring-universe-jupiter.html?alloy=white_yellow-375&stone=diamond-Zirconia,,2026-06-14T07:51:56.778014+00:00
88011,https://www.ring-paare.de/alluring-world.html?alloy=white-silber&stone=diamond-Zirconia&itm_source=recommendation&itm_medium=sorting,not_found_in_configured_stores,not_found_in_configured_stores,,12,https://www.ring-paare.de/alluring-world.html?alloy=white-silber&stone=diamond-Zirconia&itm_source=recommendation&itm_medium=sorting,,2026-06-14T07:52:03.957146+00:00
88018,https://www.ring-paare.de/herrenring-alluring-world.html?itm_source=recommendation&itm_medium=sorting&alloy=white-585,not_found_in_configured_stores,not_found_in_configured_stores,,12,https://www.ring-paare.de/herrenring-alluring-world.html?itm_source=recommendation&itm_medium=sorting&alloy=white-585,,2026-06-14T07:52:04.621622+00:00
88019,https://www.ring-paare.de/damenring-alluring-world.html?alloy=white_yellow-585&itm_source=recommendation&itm_medium=detail&stone=diamond-Zirconia,not_found_in_configured_stores,not_found_in_configured_stores,,12,https://www.ring-paare.de/damenring-alluring-world.html?alloy=white_yellow-585&itm_source=recommendation&itm_medium=detail&stone=diamond-Zirconia,,2026-06-14T07:52:04.771691+00:00
88056,https://www.ring-paare.de/fever-debut.html?alloy=white-375&stone=diamond-Zirconia&itm_source=recommendation&itm_medium=sorting,not_found_in_configured_stores,not_found_in_configured_stores,,12,https://www.ring-paare.de/fever-debut.html?alloy=white-375&stone=diamond-Zirconia&itm_source=recommendation&itm_medium=sorting,,2026-06-14T07:52:09.098468+00:00
88105,https://www.ring-paare.de/alluring-event.html?stone=diamond-Zirconia&alloy=white_red-375,not_found_in_configured_stores,not_found_in_configured_stores,,12,https://www.ring-paare.de/alluring-event.html?stone=diamond-Zirconia&alloy=white_red-375,,2026-06-14T07:52:10.408044+00:00
88114,https://www.ring-paare.de/alluring-meeting.html?alloy=white-375&stone=diamond-Zirconia&itm_source=recommendation&itm_medium=sorting,not_found_in_configured_stores,not_found_in_configured_stores,,12,https://www.ring-paare.de/alluring-meeting.html?alloy=white-375&stone=diamond-Zirconia&itm_source=recommendation&itm_medium=sorting,,2026-06-14T07:52:11.547516+00:00
88121,https://www.ring-paare.de/herrenring-alluring-meeting.html?alloy=white-375&itm_source=recommendation&itm_medium=sorting,not_found_in_configured_stores,not_found_in_configured_stores,,12,https://www.ring-paare.de/herrenring-alluring-meeting.html?alloy=white-375&itm_source=recommendation&itm_medium=sorting,,2026-06-14T07:52:11.622473+00:00
88177,https://www.ring-paare.de/alluring-look.html?alloy=white-375&stone=diamond-Zirconia&itm_source=recommendation&itm_medium=sorting,not_found_in_configured_stores,not_found_in_configured_stores,,12,https://www.ring-paare.de/alluring-look.html?alloy=white-375&stone=diamond-Zirconia&itm_source=recommendation&itm_medium=sorting,,2026-06-14T07:52:14.098273+00:00
88247,https://www.ring-paare.de/alluring-behaviour.html?alloy=white-375&stone=diamond-Zirconia&itm_source=recommendation&itm_medium=sorting,not_found_in_configured_stores,not_found_in_configured_stores,,12,https://www.ring-paare.de/alluring-behaviour.html?alloy=white-375&stone=diamond-Zirconia&itm_source=recommendation&itm_medium=sorting,,2026-06-14T07:52:19.010873+00:00
88250,https://www.ring-paare.de/herrenring-alluring-behaviour.html?alloy=white-375&itm_source=recommendation&itm_medium=sorting,not_found_in_configured_stores,not_found_in_configured_stores,,12,https://www.ring-paare.de/herrenring-alluring-behaviour.html?alloy=white-375&itm_source=recommendation&itm_medium=sorting,,2026-06-14T07:52:19.262358+00:00
88278,https://www.ring-paare.de/alluring-duty.html?alloy=white_yellow-375&stone=diamond-Zirconia&itm_source=recommendation&itm_medium=sorting,not_found_in_configured_stores,not_found_in_configured_stores,,12,https://www.ring-paare.de/alluring-duty.html?alloy=white_yellow-375&stone=diamond-Zirconia&itm_source=recommendation&itm_medium=sorting,,2026-06-14T07:52:20.951766+00:00
88300,https://www.ring-paare.de/alluring-base.html?alloy=white-585&stone=diamond-Zirconia&itm_source=recommendation&itm_medium=sorting,not_found_in_configured_stores,not_found_in_configured_stores,,12,https://www.ring-paare.de/alluring-base.html?alloy=white-585&stone=diamond-Zirconia&itm_source=recommendation&itm_medium=sorting,,2026-06-14T07:52:23.754291+00:00
88304,https://www.ring-paare.de/alluring-river.html?alloy=white-585&stone=diamond-Zirconia&itm_source=recommendation&itm_medium=sorting,not_found_in_configured_stores,not_found_in_configured_stores,,12,https://www.ring-paare.de/alluring-river.html?alloy=white-585&stone=diamond-Zirconia&itm_source=recommendation&itm_medium=sorting,,2026-06-14T07:52:23.872296+00:00
88310,https://www.ring-paare.de/herrenring-alluring-river.html?alloy=white-375&itm_source=recommendation&itm_medium=sorting,not_found_in_configured_stores,not_found_in_configured_stores,,12,https://www.ring-paare.de/herrenring-alluring-river.html?alloy=white-375&itm_source=recommendation&itm_medium=sorting,,2026-06-14T07:52:23.874734+00:00
88351,https://www.ring-paare.de/damenring-alluring-scene.html?alloy=white_yellow-375&gclid=EAIaIQobChMIhdSplZKd6QIVxVzlCh0D8AD0EAEYASABEgIQVPD_BwE,not_found_in_configured_stores,not_found_in_configured_stores,,12,https://www.ring-paare.de/damenring-alluring-scene.html?alloy=white_yellow-375&gclid=EAIaIQobChMIhdSplZKd6QIVxVzlCh0D8AD0EAEYASABEgIQVPD_BwE,,2026-06-14T07:52:25.090016+00:00
88374,https://www.ring-paare.de/alluring-balance.html?alloy=white-375&stone=diamond-Zirconia&itm_source=recommendation&itm_medium=sorting,not_found_in_configured_stores,not_found_in_configured_stores,,12,https://www.ring-paare.de/alluring-balance.html?alloy=white-375&stone=diamond-Zirconia&itm_source=recommendation&itm_medium=sorting,,2026-06-14T07:52:25.913931+00:00
88379,https://www.ring-paare.de/alluring-hope.html?alloy=red-585&stone=diamond-Zirconia&itm_source=recommendation&itm_medium=sorting,not_found_in_configured_stores,not_found_in_configured_stores,,12,https://www.ring-paare.de/alluring-hope.html?alloy=red-585&stone=diamond-Zirconia&itm_source=recommendation&itm_medium=sorting,,2026-06-14T07:52:25.946167+00:00
88380,https://www.ring-paare.de/herrenring-alluring-balance.html?alloy=white-375,not_found_in_configured_stores,not_found_in_configured_stores,,12,https://www.ring-paare.de/herrenring-alluring-balance.html?alloy=white-375,,2026-06-14T07:52:26.291733+00:00
88381,https://www.ring-paare.de/damenring-alluring-balance.html?alloy=white-375&stone=diamond-Zirconia&itm_source=recommendation&itm_medium=sorting,not_found_in_configured_stores,not_found_in_configured_stores,,12,https://www.ring-paare.de/damenring-alluring-balance.html?alloy=white-375&stone=diamond-Zirconia&itm_source=recommendation&itm_medium=sorting,,2026-06-14T07:52:26.347920+00:00
88386,https://www.ring-paare.de/herrenring-alluring-hope.html?alloy=white-585&itm_source=recommendation&itm_medium=sorting,not_found_in_configured_stores,not_found_in_configured_stores,,12,https://www.ring-paare.de/herrenring-alluring-hope.html?alloy=white-585&itm_source=recommendation&itm_medium=sorting,,2026-06-14T07:52:26.669630+00:00
88390,https://www.ring-paare.de/gorgeous-light.html?alloy=white_yellow_red-585&stone=diamond-Brillant&itm_source=recommendation&itm_medium=sorting,not_found_in_configured_stores,not_found_in_configured_stores,,12,https://www.ring-paare.de/gorgeous-light.html?alloy=white_yellow_red-585&stone=diamond-Brillant&itm_source=recommendation&itm_medium=sorting,,2026-06-14T07:52:27.032499+00:00
88396,https://www.ring-paare.de/alluring-path.html?alloy=white-375&stone=diamond-Zirconia&itm_source=recommendation&itm_medium=sorting,not_found_in_configured_stores,not_found_in_configured_stores,,12,https://www.ring-paare.de/alluring-path.html?alloy=white-375&stone=diamond-Zirconia&itm_source=recommendation&itm_medium=sorting,,2026-06-14T07:52:27.040927+00:00
88403,https://www.ring-paare.de/herrenring-alluring-path.html?alloy=white-375&stone=none,not_found_in_configured_stores,not_found_in_configured_stores,,12,https://www.ring-paare.de/herrenring-alluring-path.html?alloy=white-375&stone=none,,2026-06-14T07:52:27.465580+00:00
88404,https://www.ring-paare.de/damenring-alluring-path.html?alloy=white-375&stone=diamond-Zirconia&itm_source=recommendation&itm_medium=sorting,not_found_in_configured_stores,not_found_in_configured_stores,,12,https://www.ring-paare.de/damenring-alluring-path.html?alloy=white-375&stone=diamond-Zirconia&itm_source=recommendation&itm_medium=sorting,,2026-06-14T07:52:27.935107+00:00
88429,https://www.ring-paare.de/gorgeous-triumph.html?alloy=white-375,not_found_in_configured_stores,not_found_in_configured_stores,,12,https://www.ring-paare.de/gorgeous-triumph.html?alloy=white-375,,2026-06-14T07:52:28.267768+00:00
88477,https://www.ring-paare.de/alluring-capacity.html?alloy=white_yellow-375&gclid=EAIaIQobChMI5ryl-KSr6QIVVpZ3Ch1PLAVpEAEYASAEEgJoMvD_BwE,not_found_in_configured_stores,not_found_in_configured_stores,,12,https://www.ring-paare.de/alluring-capacity.html?alloy=white_yellow-375&gclid=EAIaIQobChMI5ryl-KSr6QIVVpZ3Ch1PLAVpEAEYASAEEgJoMvD_BwE,,2026-06-14T07:52:33.443975+00:00
88501,https://www.ring-paare.de/alluring-spring.html?alloy=white_yellow-375&stone=diamond-Zirconia&itm_source=recommendation&itm_medium=sorting,not_found_in_configured_stores,not_found_in_configured_stores,,12,https://www.ring-paare.de/alluring-spring.html?alloy=white_yellow-375&stone=diamond-Zirconia&itm_source=recommendation&itm_medium=sorting,,2026-06-14T07:52:36.067912+00:00
88509,https://www.ring-paare.de/herrenring-alluring-spring.html?alloy=white_yellow-375&stone=diamond-Zirconia,not_found_in_configured_stores,not_found_in_configured_stores,,12,https://www.ring-paare.de/herrenring-alluring-spring.html?alloy=white_yellow-375&stone=diamond-Zirconia,,2026-06-14T07:52:36.069740+00:00
88510,https://www.ring-paare.de/damenring-alluring-spring.html?alloy=white_yellow-375&stone=diamond-Zirconia&itm_source=recommendation&itm_medium=sorting,not_found_in_configured_stores,not_found_in_configured_stores,,12,https://www.ring-paare.de/damenring-alluring-spring.html?alloy=white_yellow-375&stone=diamond-Zirconia&itm_source=recommendation&itm_medium=sorting,,2026-06-14T07:52:36.090596+00:00
88532,https://www.ring-paare.de/alluring-breath.html?alloy=white-375&stone=diamond-Zirconia&itm_source=recommendation&itm_medium=sorting,not_found_in_configured_stores,not_found_in_configured_stores,,12,https://www.ring-paare.de/alluring-breath.html?alloy=white-375&stone=diamond-Zirconia&itm_source=recommendation&itm_medium=sorting,,2026-06-14T07:52:38.530891+00:00
88539,https://www.ring-paare.de/herrenring-alluring-breath.html?alloy=white-375&itm_source=recommendation&itm_medium=sorting,not_found_in_configured_stores,not_found_in_configured_stores,,12,https://www.ring-paare.de/herrenring-alluring-breath.html?alloy=white-375&itm_source=recommendation&itm_medium=sorting,,2026-06-14T07:52:39.135328+00:00
88581,https://www.ring-paare.de/alluring-tear.html?alloy=white_yellow-375&stone=diamond-Zirconia&itm_source=recommendation&itm_medium=sorting,not_found_in_configured_stores,not_found_in_configured_stores,,12,https://www.ring-paare.de/alluring-tear.html?alloy=white_yellow-375&stone=diamond-Zirconia&itm_source=recommendation&itm_medium=sorting,,2026-06-14T07:52:39.295976+00:00
88588,https://www.ring-paare.de/alluring-vision.html?stone=diamond-Brillant&itm_source=recommendation&itm_medium=sorting&alloy=yellow-750,not_found_in_configured_stores,not_found_in_configured_stores,,12,https://www.ring-paare.de/alluring-vision.html?stone=diamond-Brillant&itm_source=recommendation&itm_medium=sorting&alloy=yellow-750,,2026-06-14T07:52:39.834696+00:00
88598,https://www.ring-paare.de/adore-belief.html?alloy=white_silber,not_found_in_configured_stores,not_found_in_configured_stores,,12,https://www.ring-paare.de/adore-belief.html?alloy=white_silber,,2026-06-14T07:52:39.954715+00:00
88664,https://www.ring-paare.de/mystic-ashes.html?alloy=yellow-585&stone=diamond-Zirconia&itm_source=recommendation&itm_medium=sorting,not_found_in_configured_stores,not_found_in_configured_stores,,12,https://www.ring-paare.de/mystic-ashes.html?alloy=yellow-585&stone=diamond-Zirconia&itm_source=recommendation&itm_medium=sorting,,2026-06-14T07:52:43.962599+00:00
88674,https://www.ring-paare.de/checkout/cart/configure/id/2225179/?alloy=white-585,not_found_in_configured_stores,not_found_in_configured_stores,,12,https://www.ring-paare.de/checkout/cart/configure/id/2225179/?alloy=white-585,,2026-06-14T07:52:45.803189+00:00
88680,https://www.ring-paare.de/herrenring-mystic-winter.html?alloy=white-585,not_found_in_configured_stores,not_found_in_configured_stores,,12,https://www.ring-paare.de/herrenring-mystic-winter.html?alloy=white-585,,2026-06-14T07:52:45.841666+00:00
88729,https://www.glamira.de/mystic-dream.html?alloy=white-silber&stone=diamond-Zirconia&itm_source=recommendation&itm_medium=sorting,not_found_in_configured_stores,not_found_in_configured_stores,,11,https://www.glamira.de/mystic-dream.html?alloy=white-silber&stone=diamond-Zirconia&itm_source=recommendation&itm_medium=sorting,,2026-06-14T07:52:47.640841+00:00
88734,https://www.glamira.co.uk/mens-ring-mystic-dream.html?alloy=white-silber&itm_source=recommendation&itm_medium=sorting,not_found_in_configured_stores,not_found_in_configured_stores,,11,https://www.glamira.co.uk/mens-ring-mystic-dream.html?alloy=white-silber&itm_source=recommendation&itm_medium=sorting,,2026-06-14T07:52:47.655046+00:00
88735,https://www.glamira.de/damenring-mystic-dream.html?alloy=white-silber&stone=diamond-Zirconia&itm_source=recommendation&itm_medium=sorting,not_found_in_configured_stores,not_found_in_configured_stores,,11,https://www.glamira.de/damenring-mystic-dream.html?alloy=white-silber&stone=diamond-Zirconia&itm_source=recommendation&itm_medium=sorting,,2026-06-14T07:52:48.270636+00:00
88742,https://www.ring-paare.de/mystic-soft.html?alloy=white-585&stone=diamond-Zirconia&itm_source=recommendation&itm_medium=sorting,not_found_in_configured_stores,not_found_in_configured_stores,,12,https://www.ring-paare.de/mystic-soft.html?alloy=white-585&stone=diamond-Zirconia&itm_source=recommendation&itm_medium=sorting,,2026-06-14T07:52:48.514714+00:00
88753,https://www.ring-paare.de/mystic-affair.html?alloy=white-375,not_found_in_configured_stores,not_found_in_configured_stores,,12,https://www.ring-paare.de/mystic-affair.html?alloy=white-375,,2026-06-14T07:52:48.706191+00:00
88837,https://www.ring-paare.de/mystic-pray.html?alloy=white-585,not_found_in_configured_stores,not_found_in_configured_stores,,12,https://www.ring-paare.de/mystic-pray.html?alloy=white-585,,2026-06-14T07:52:54.224549+00:00
88845,https://www.ring-paare.de/infinite-wake.html?alloy=white-375&stone=diamond-Zirconia&itm_source=recommendation&itm_medium=sorting,not_found_in_configured_stores,not_found_in_configured_stores,,12,https://www.ring-paare.de/infinite-wake.html?alloy=white-375&stone=diamond-Zirconia&itm_source=recommendation&itm_medium=sorting,,2026-06-14T07:52:54.720245+00:00
88846,https://www.ring-paare.de/florid-valid.html?itm_source=recommendation&itm_medium=sorting&stone=none&alloy=red-585,not_found_in_configured_stores,not_found_in_configured_stores,,12,https://www.ring-paare.de/florid-valid.html?itm_source=recommendation&itm_medium=sorting&stone=none&alloy=red-585,,2026-06-14T07:52:54.723328+00:00
88851,https://www.ring-paare.de/florid-glam.html?alloy=white_red-375&stone=diamond-Zirconia&itm_source=recommendation&itm_medium=sorting,not_found_in_configured_stores,not_found_in_configured_stores,,12,https://www.ring-paare.de/florid-glam.html?alloy=white_red-375&stone=diamond-Zirconia&itm_source=recommendation&itm_medium=sorting,,2026-06-14T07:52:54.726281+00:00
88852,https://www.ring-paare.de/herrenring-florid-valid.html?alloy=white-375&itm_source=recommendation&itm_medium=sorting,not_found_in_configured_stores,not_found_in_configured_stores,,12,https://www.ring-paare.de/herrenring-florid-valid.html?alloy=white-375&itm_source=recommendation&itm_medium=sorting,,2026-06-14T07:52:54.855784+00:00
88857,https://www.ring-paare.de/exotic-sign.html?alloy=white-375&stone=diamond-Zirconia,not_found_in_configured_stores,not_found_in_configured_stores,,12,https://www.ring-paare.de/exotic-sign.html?alloy=white-375&stone=diamond-Zirconia,,2026-06-14T07:52:55.136197+00:00
88858,https://www.ring-paare.de/herrenring-florid-glam.html?stone=diamond-Zirconia&alloy=white_red-585,not_found_in_configured_stores,not_found_in_configured_stores,,12,https://www.ring-paare.de/herrenring-florid-glam.html?stone=diamond-Zirconia&alloy=white_red-585,,2026-06-14T07:52:55.763457+00:00
88859,https://www.ring-paare.de/damenring-florid-glam.html?alloy=white_yellow-375,not_found_in_configured_stores,not_found_in_configured_stores,,12,https://www.ring-paare.de/damenring-florid-glam.html?alloy=white_yellow-375,,2026-06-14T07:52:56.320042+00:00
88861,https://www.ring-paare.de/fantastic-courage.html?alloy=white-375&stone=diamond-Zirconia&itm_source=recommendation&itm_medium=sorting,not_found_in_configured_stores,not_found_in_configured_stores,,12,https://www.ring-paare.de/fantastic-courage.html?alloy=white-375&stone=diamond-Zirconia&itm_source=recommendation&itm_medium=sorting,,2026-06-14T07:52:56.361914+00:00
88865,https://www.ring-paare.de/exotic-chain.html?stone=diamond-Zirconia&alloy=white_red-585,not_found_in_configured_stores,not_found_in_configured_stores,,12,https://www.ring-paare.de/exotic-chain.html?stone=diamond-Zirconia&alloy=white_red-585,,2026-06-14T07:52:56.383914+00:00
88878,https://www.glamira.com.au/fantastic-everywhere.html?stone=diamond-Zirconia&itm_source=recommendation&itm_medium=sorting&fbclid=IwAR0rCGGg-0xiWsENd3iqMswa_6CJXWF2qKQ0VeJpgkw-ecjamjghF5Q-Pyk&alloy=white_yellow-375,not_found_in_configured_stores,not_found_in_configured_stores,,11,https://www.glamira.com.au/fantastic-everywhere.html?stone=diamond-Zirconia&itm_source=recommendation&itm_medium=sorting&fbclid=IwAR0rCGGg-0xiWsENd3iqMswa_6CJXWF2qKQ0VeJpgkw-ecjamjghF5Q-Pyk&alloy=white_yellow-375,,2026-06-14T07:52:57.013118+00:00
88879,https://www.glamira.com.au/mens-ring-fantastic-everywhere.html?itm_source=recommendation&itm_medium=sorting&fbclid=IwAR1tK4jXs1_H0hFylk_6fVx3zadFwSvMv05WxIvSuxfGseMZIkHMaM6ciOA&alloy=white_yellow-375,not_found_in_configured_stores,not_found_in_configured_stores,,11,https://www.glamira.com.au/mens-ring-fantastic-everywhere.html?itm_source=recommendation&itm_medium=sorting&fbclid=IwAR1tK4jXs1_H0hFylk_6fVx3zadFwSvMv05WxIvSuxfGseMZIkHMaM6ciOA&alloy=white_yellow-375,,2026-06-14T07:52:57.168964+00:00
88880,https://www.glamira.de/damenring-fantastic-everywhere.html?alloy=yellow-585&stone=diamond-Zirconia&itm_source=recommendation&itm_medium=sorting,not_found_in_configured_stores,not_found_in_configured_stores,,11,https://www.glamira.de/damenring-fantastic-everywhere.html?alloy=yellow-585&stone=diamond-Zirconia&itm_source=recommendation&itm_medium=sorting,,2026-06-14T07:52:58.208709+00:00
88881,https://www.ring-paare.de/exotic-garden.html?alloy=white-silber&stone=diamond-Zirconia&itm_source=recommendation&itm_medium=sorting,not_found_in_configured_stores,not_found_in_configured_stores,,12,https://www.ring-paare.de/exotic-garden.html?alloy=white-silber&stone=diamond-Zirconia&itm_source=recommendation&itm_medium=sorting,,2026-06-14T07:52:58.273192+00:00
88882,https://www.ring-paare.de/herrenring-exotic-chain.html?alloy=white_yellow-585&stone=diamond-Zirconia,not_found_in_configured_stores,not_found_in_configured_stores,,12,https://www.ring-paare.de/herrenring-exotic-chain.html?alloy=white_yellow-585&stone=diamond-Zirconia,,2026-06-14T07:52:58.732065+00:00
88888,https://www.ring-paare.de/herrenring-exotic-garden.html?alloy=white-375&itm_source=recommendation&itm_medium=sorting,not_found_in_configured_stores,not_found_in_configured_stores,,12,https://www.ring-paare.de/herrenring-exotic-garden.html?alloy=white-375&itm_source=recommendation&itm_medium=sorting,,2026-06-14T07:53:01.667480+00:00
88896,https://www.glamira.de/fantastic-bliss.html?alloy=white_red-375&stone=diamond-Zirconia&itm_source=recommendation&itm_medium=sorting,not_found_in_configured_stores,not_found_in_configured_stores,,11,https://www.glamira.de/fantastic-bliss.html?alloy=white_red-375&stone=diamond-Zirconia&itm_source=recommendation&itm_medium=sorting,,2026-06-14T07:53:02.686371+00:00
88900,https://www.glamira.de/damenring-fantastic-bliss.html?alloy=white_yellow-375&stone=diamond-Zirconia&itm_source=recommendation&itm_medium=sorting,not_found_in_configured_stores,not_found_in_configured_stores,,11,https://www.glamira.de/damenring-fantastic-bliss.html?alloy=white_yellow-375&stone=diamond-Zirconia&itm_source=recommendation&itm_medium=sorting,,2026-06-14T07:53:04.294437+00:00
88901,https://www.glamira.co.uk/mens-ring-fantastic-bliss.html?alloy=yellow-375&itm_source=recommendation&itm_medium=sorting,not_found_in_configured_stores,not_found_in_configured_stores,,11,https://www.glamira.co.uk/mens-ring-fantastic-bliss.html?alloy=yellow-375&itm_source=recommendation&itm_medium=sorting,,2026-06-14T07:53:04.483737+00:00
88915,https://www.glamira.de/sensual-corona.html?alloy=white-silber&stone=diamond-Zirconia&itm_source=recommendation&itm_medium=sorting,not_found_in_configured_stores,not_found_in_configured_stores,,11,https://www.glamira.de/sensual-corona.html?alloy=white-silber&stone=diamond-Zirconia&itm_source=recommendation&itm_medium=sorting,,2026-06-14T07:53:06.170378+00:00
88922,https://www.glamira.com/mens-ring-sensual-corona.html?alloy=white-silber&itm_source=recommendation&itm_medium=sorting,not_found_in_configured_stores,not_found_in_configured_stores,,11,https://www.glamira.com/mens-ring-sensual-corona.html?alloy=white-silber&itm_source=recommendation&itm_medium=sorting,,2026-06-14T07:53:06.221853+00:00
88923,https://www.glamira.fr/bagues-femmes-sensual-corona.html?alloy=yellow-375&stone=diamond-Zirconia&itm_source=recommendation&itm_medium=sorting,not_found_in_configured_stores,not_found_in_configured_stores,,11,https://www.glamira.fr/bagues-femmes-sensual-corona.html?alloy=yellow-375&stone=diamond-Zirconia&itm_source=recommendation&itm_medium=sorting,,2026-06-14T07:53:06.235524+00:00
88927,https://www.glamira.de/fantastic-music.html?alloy=white_red-375&stone=diamond-Zirconia&itm_source=recommendation&itm_medium=sorting,not_found_in_configured_stores,not_found_in_configured_stores,,11,https://www.glamira.de/fantastic-music.html?alloy=white_red-375&stone=diamond-Zirconia&itm_source=recommendation&itm_medium=sorting,,2026-06-14T07:53:07.388073+00:00
88931,https://www.glamira.com/mens-ring-fantastic-music.html?alloy=white_yellow-750&itm_source=recommendation&itm_medium=sorting,not_found_in_configured_stores,not_found_in_configured_stores,,11,https://www.glamira.com/mens-ring-fantastic-music.html?alloy=white_yellow-750&itm_source=recommendation&itm_medium=sorting,,2026-06-14T07:53:07.581464+00:00
88932,https://www.glamira.com.ph/womens-ring-fantastic-music.html?alloy=white_yellow-750&gclid=EAIaIQobChMI1-_4yP2d6QIVxQ0qCh3zuAkMEAEYASABEgIIqfD_BwE,not_found_in_configured_stores,not_found_in_configured_stores,,12,https://www.glamira.com.ph/womens-ring-fantastic-music.html?alloy=white_yellow-750&gclid=EAIaIQobChMI1-_4yP2d6QIVxQ0qCh3zuAkMEAEYASABEgIIqfD_BwE,,2026-06-14T07:53:08.106616+00:00
88943,https://www.glamira.fr/fantastic-waves.html?alloy=white-375,not_found_in_configured_stores,not_found_in_configured_stores,,11,https://www.glamira.fr/fantastic-waves.html?alloy=white-375,,2026-06-14T07:53:08.281727+00:00
88946,https://www.glamira.com/mens-ring-fantastic-waves.html?itm_source=recommendation&itm_medium=sorting&alloy=white_yellow-585,not_found_in_configured_stores,not_found_in_configured_stores,,11,https://www.glamira.com/mens-ring-fantastic-waves.html?itm_source=recommendation&itm_medium=sorting&alloy=white_yellow-585,,2026-06-14T07:53:08.553065+00:00
88947,https://www.glamira.com/womens-ring-fantastic-waves.html?alloy=white_yellow-585,not_found_in_configured_stores,not_found_in_configured_stores,,11,https://www.glamira.com/womens-ring-fantastic-waves.html?alloy=white_yellow-585,,2026-06-14T07:53:08.662380+00:00
88948,https://www.ring-paare.de/alluring-truth.html?alloy=white-375&stone=diamond-Zirconia&itm_source=recommendation&itm_medium=sorting,not_found_in_configured_stores,not_found_in_configured_stores,,12,https://www.ring-paare.de/alluring-truth.html?alloy=white-375&stone=diamond-Zirconia&itm_source=recommendation&itm_medium=sorting,,2026-06-14T07:53:09.215940+00:00
88953,https://www.ring-paare.de/damenring-alluring-truth.html?alloy=white-375&stone=diamond-Zirconia,not_found_in_configured_stores,not_found_in_configured_stores,,12,https://www.ring-paare.de/damenring-alluring-truth.html?alloy=white-375&stone=diamond-Zirconia,,2026-06-14T07:53:09.683438+00:00
88971,https://www.ring-paare.de/herrenring-embrace-elegant.html?alloy=white_yellow-375,not_found_in_configured_stores,not_found_in_configured_stores,,12,https://www.ring-paare.de/herrenring-embrace-elegant.html?alloy=white_yellow-375,,2026-06-14T07:53:10.980753+00:00
88972,https://www.ring-paare.de/damenring-embrace-elegant.html?alloy=white_yellow-375&stone=diamond-Zirconia&itm_source=recommendation&itm_medium=sorting,not_found_in_configured_stores,not_found_in_configured_stores,,12,https://www.ring-paare.de/damenring-embrace-elegant.html?alloy=white_yellow-375&stone=diamond-Zirconia&itm_source=recommendation&itm_medium=sorting,,2026-06-14T07:53:10.983503+00:00
88992,https://www.ring-paare.de/herrenring-embrace-belief.html?alloy=white_yellow-375&gclid=EAIaIQobChMI2ebb3Z3w6AIVE6gYCh3sDAtWEAEYASAGEgLAvPD_BwE,not_found_in_configured_stores,not_found_in_configured_stores,,12,https://www.ring-paare.de/herrenring-embrace-belief.html?alloy=white_yellow-375&gclid=EAIaIQobChMI2ebb3Z3w6AIVE6gYCh3sDAtWEAEYASAGEgLAvPD_BwE,,2026-06-14T07:53:16.085990+00:00
89003,https://www.ring-paare.de/embrace-feeling.html?alloy=white_yellow-375&gclid=EAIaIQobChMI9f3M1_PJ6AIVgU7lCh3uDQbgEAEYASAFEgL6uvD_BwE,not_found_in_configured_stores,not_found_in_configured_stores,,12,https://www.ring-paare.de/embrace-feeling.html?alloy=white_yellow-375&gclid=EAIaIQobChMI9f3M1_PJ6AIVgU7lCh3uDQbgEAEYASAFEgL6uvD_BwE,,2026-06-14T07:53:16.580202+00:00
89029,https://www.ring-paare.de/embrace-love.html?alloy=yellow-585&stone=diamond-Brillant&itm_source=recommendation&itm_medium=sorting,not_found_in_configured_stores,not_found_in_configured_stores,,12,https://www.ring-paare.de/embrace-love.html?alloy=yellow-585&stone=diamond-Brillant&itm_source=recommendation&itm_medium=sorting,,2026-06-14T07:53:18.555041+00:00
89049,https://www.ring-paare.de/embrace-burn.html?alloy=white_red-silber_375&stone=diamond-Zirconia&itm_source=recommendation&itm_medium=sorting,not_found_in_configured_stores,not_found_in_configured_stores,,12,https://www.ring-paare.de/embrace-burn.html?alloy=white_red-silber_375&stone=diamond-Zirconia&itm_source=recommendation&itm_medium=sorting,,2026-06-14T07:53:20.297192+00:00
89058,https://www.glamira.in/mens-ring-embrace-burn.html?itm_source=recommendation&itm_medium=sorting&fbclid=IwAR2CqNk_ukd76ry-iOXWKoAUxGKajjI1Xe64za48ibYpJiB9BDHaPHFGI80&alloy=white_yellow-375,not_found_in_configured_stores,not_found_in_configured_stores,,12,https://www.glamira.in/mens-ring-embrace-burn.html?itm_source=recommendation&itm_medium=sorting&fbclid=IwAR2CqNk_ukd76ry-iOXWKoAUxGKajjI1Xe64za48ibYpJiB9BDHaPHFGI80&alloy=white_yellow-375,,2026-06-14T07:53:20.510550+00:00
89063,https://www.ring-paare.de/embrace-offer.html?alloy=white_yellow-375&stone=diamond-Zirconia&itm_source=recommendation&itm_medium=sorting,not_found_in_configured_stores,not_found_in_configured_stores,,12,https://www.ring-paare.de/embrace-offer.html?alloy=white_yellow-375&stone=diamond-Zirconia&itm_source=recommendation&itm_medium=sorting,,2026-06-14T07:53:20.640323+00:00
89109,https://www.ring-paare.de/fever-twist.html?alloy=white_red-585&stone=diamond-Zirconia&itm_source=recommendation&itm_medium=sorting,not_found_in_configured_stores,not_found_in_configured_stores,,12,https://www.ring-paare.de/fever-twist.html?alloy=white_red-585&stone=diamond-Zirconia&itm_source=recommendation&itm_medium=sorting,,2026-06-14T07:53:22.912092+00:00
89114,https://www.ring-paare.de/fever-swirl.html?alloy=white-375&stone=diamond-Zirconia&itm_source=recommendation&itm_medium=smartsearch,not_found_in_configured_stores,not_found_in_configured_stores,,12,https://www.ring-paare.de/fever-swirl.html?alloy=white-375&stone=diamond-Zirconia&itm_source=recommendation&itm_medium=smartsearch,,2026-06-14T07:53:23.493504+00:00
89115,https://www.ring-paare.de/herrenring-fever-twist.html?alloy=red_white-585&stone=none,not_found_in_configured_stores,not_found_in_configured_stores,,12,https://www.ring-paare.de/herrenring-fever-twist.html?alloy=red_white-585&stone=none,,2026-06-14T07:53:23.496541+00:00
89116,https://www.ring-paare.de/damenring-fever-twist.html?alloy=white_yellow-375&stone=diamond-Zirconia&itm_source=recommendation&itm_medium=sorting,not_found_in_configured_stores,not_found_in_configured_stores,,12,https://www.ring-paare.de/damenring-fever-twist.html?alloy=white_yellow-375&stone=diamond-Zirconia&itm_source=recommendation&itm_medium=sorting,,2026-06-14T07:53:23.701524+00:00
89131,https://www.ring-paare.de/fever-elegancy.html?alloy=white-375&stone=diamond-Brillant&itm_source=recommendation&itm_medium=sorting,not_found_in_configured_stores,not_found_in_configured_stores,,12,https://www.ring-paare.de/fever-elegancy.html?alloy=white-375&stone=diamond-Brillant&itm_source=recommendation&itm_medium=sorting,,2026-06-14T07:53:24.155269+00:00
89137,https://www.ring-paare.de/herrenring-fever-elegancy.html?alloy=white-375&stone=diamond-Brillant,not_found_in_configured_stores,not_found_in_configured_stores,,12,https://www.ring-paare.de/herrenring-fever-elegancy.html?alloy=white-375&stone=diamond-Brillant,,2026-06-14T07:53:24.456023+00:00
89138,https://www.ring-paare.de/damenring-fever-elegancy.html?stone=diamond-Zirconia&alloy=white-375,not_found_in_configured_stores,not_found_in_configured_stores,,12,https://www.ring-paare.de/damenring-fever-elegancy.html?stone=diamond-Zirconia&alloy=white-375,,2026-06-14T07:53:24.990952+00:00
89162,https://www.ring-paare.de/infinite-protection.html?alloy=white_red-375,not_found_in_configured_stores,not_found_in_configured_stores,,12,https://www.ring-paare.de/infinite-protection.html?alloy=white_red-375,,2026-06-14T07:53:27.014045+00:00
89169,https://www.ring-paare.de/damenring-infinite-protection.html?alloy=white_red-375&stone=diamond-Zirconia,not_found_in_configured_stores,not_found_in_configured_stores,,12,https://www.ring-paare.de/damenring-infinite-protection.html?alloy=white_red-375&stone=diamond-Zirconia,,2026-06-14T07:53:28.625797+00:00
89201,https://www.ring-paare.de/damenring-infinite-lanscapes.html?alloy=white_yellow-375&gclid=CjwKCAjwwMn1BRAUEiwAZ_jnEgXY5sjcnHHLCC1sY-BnbxdfKeCDS2XNpWjwvNvF9Q5VHwTk1Opd7BoCABAQAvD_BwE,not_found_in_configured_stores,not_found_in_configured_stores,,12,https://www.ring-paare.de/damenring-infinite-lanscapes.html?alloy=white_yellow-375&gclid=CjwKCAjwwMn1BRAUEiwAZ_jnEgXY5sjcnHHLCC1sY-BnbxdfKeCDS2XNpWjwvNvF9Q5VHwTk1Opd7BoCABAQAvD_BwE,,2026-06-14T07:53:35.553522+00:00
89204,https://www.ring-paare.de/infinite-beauty.html?alloy=white-375&stone=diamond-Zirconia&itm_source=recommendation&itm_medium=sorting,not_found_in_configured_stores,not_found_in_configured_stores,,12,https://www.ring-paare.de/infinite-beauty.html?alloy=white-375&stone=diamond-Zirconia&itm_source=recommendation&itm_medium=sorting,,2026-06-14T07:53:35.562597+00:00
89220,https://www.ring-paare.de/infinite-pass.html?alloy=white_red-585&stone=diamond-Zirconia&itm_source=recommendation&itm_medium=sorting,not_found_in_configured_stores,not_found_in_configured_stores,,12,https://www.ring-paare.de/infinite-pass.html?alloy=white_red-585&stone=diamond-Zirconia&itm_source=recommendation&itm_medium=sorting,,2026-06-14T07:53:37.556382+00:00
89222,https://www.ring-paare.de/damenring-infinite-deep.html?alloy=white_yellow-375&gclid=EAIaIQobChMIrpuUurXh6AIVmeW7CB2Pdg6FEAEYASACEgK0IPD_BwE,not_found_in_configured_stores,not_found_in_configured_stores,,12,https://www.ring-paare.de/damenring-infinite-deep.html?alloy=white_yellow-375&gclid=EAIaIQobChMIrpuUurXh6AIVmeW7CB2Pdg6FEAEYASACEgK0IPD_BwE,,2026-06-14T07:53:37.959690+00:00
90262,https://www.glamira.de/glamira-ring-freesia.html?alloy=white-585&diamond=diamond-Brillant&itm_source=recommendation&itm_medium=sorting,not_found_in_configured_stores,not_found_in_configured_stores,,11,https://www.glamira.de/glamira-ring-freesia.html?alloy=white-585&diamond=diamond-Brillant&itm_source=recommendation&itm_medium=sorting,,2026-06-14T07:54:55.222643+00:00
90289,https://www.glamira.co.uk/glamira-bridal-set-lovebirds.html?alloy=white-585&diamond=diamond-sapphire,not_found_in_configured_stores,not_found_in_configured_stores,,11,https://www.glamira.co.uk/glamira-bridal-set-lovebirds.html?alloy=white-585&diamond=diamond-sapphire,,2026-06-14T07:55:01.530800+00:00
90400,https://www.glamira.de/glamira-ring-tonia.html?alloy=white-585&diamond=diamond-sapphire&itm_source=recommendation&itm_medium=sorting,not_found_in_configured_stores,not_found_in_configured_stores,,11,https://www.glamira.de/glamira-ring-tonia.html?alloy=white-585&diamond=diamond-sapphire&itm_source=recommendation&itm_medium=sorting,,2026-06-14T07:55:26.467414+00:00
90558,https://www.glamira.fr/immortal-way-basic.html?alloy=white_red-375&stone=diamond-Zirconia&itm_source=recommendation&itm_medium=sorting,not_found_in_configured_stores,not_found_in_configured_stores,,11,https://www.glamira.fr/immortal-way-basic.html?alloy=white_red-375&stone=diamond-Zirconia&itm_source=recommendation&itm_medium=sorting,,2026-06-14T07:56:04.301698+00:00
90559,https://www.glamira.ca/men-s-ring-immortal-way-basic.html?alloy=white-silber&itm_source=recommendation&itm_medium=sorting,not_found_in_configured_stores,not_found_in_configured_stores,,11,https://www.glamira.ca/men-s-ring-immortal-way-basic.html?alloy=white-silber&itm_source=recommendation&itm_medium=sorting,,2026-06-14T07:56:04.607563+00:00
90560,https://www.glamira.com.ar/anillo-de-mujer-immortal-way-basic.html?alloy=red_white_yellow-585&stone=diamond-Brillant&itm_source=recommendation&itm_medium=sorting,not_found_in_configured_stores,not_found_in_configured_stores,,12,https://www.glamira.com.ar/anillo-de-mujer-immortal-way-basic.html?alloy=red_white_yellow-585&stone=diamond-Brillant&itm_source=recommendation&itm_medium=sorting,,2026-06-14T07:56:04.736702+00:00
90574,https://www.ring-paare.de/pretty-elegance.html?alloy=white-585&itm_source=recommendation&itm_medium=sorting,not_found_in_configured_stores,not_found_in_configured_stores,,12,https://www.ring-paare.de/pretty-elegance.html?alloy=white-585&itm_source=recommendation&itm_medium=sorting,,2026-06-14T07:56:07.300370+00:00
90575,https://www.ring-paare.de/herrenring-pretty-elegance.html?alloy=white-585&itm_source=recommendation&itm_medium=sorting,not_found_in_configured_stores,not_found_in_configured_stores,,12,https://www.ring-paare.de/herrenring-pretty-elegance.html?alloy=white-585&itm_source=recommendation&itm_medium=sorting,,2026-06-14T07:56:07.366738+00:00
90576,https://www.ring-paare.de/damenring-pretty-elegance.html?alloy=white-585,not_found_in_configured_stores,not_found_in_configured_stores,,12,https://www.ring-paare.de/damenring-pretty-elegance.html?alloy=white-585,,2026-06-14T07:56:08.086438+00:00
90686,https://www.ring-paare.de/herrenring-unvarnished-joy.html?alloy=white_yellow-585&gclid=EAIaIQobChMIw4yWyqzY6QIVTBQbCh0doAoGEAEYASACEgKLp_D_BwE,not_found_in_configured_stores,not_found_in_configured_stores,,12,https://www.ring-paare.de/herrenring-unvarnished-joy.html?alloy=white_yellow-585&gclid=EAIaIQobChMIw4yWyqzY6QIVTBQbCh0doAoGEAEYASACEgKLp_D_BwE,,2026-06-14T07:56:33.384368+00:00
90730,https://www.glamira.de/glamira-ring-ortensia.html?alloy=red_white-750&diamond=diamond-Brillant&itm_source=recommendation&itm_medium=sorting,not_found_in_configured_stores,not_found_in_configured_stores,,11,https://www.glamira.de/glamira-ring-ortensia.html?alloy=red_white-750&diamond=diamond-Brillant&itm_source=recommendation&itm_medium=sorting,,2026-06-14T07:56:43.453671+00:00
90753,https://www.glamira.de/glamira-ring-donisha.html?alloy=white-silber&diamond=diamond-sapphire&itm_source=recommendation&itm_medium=sorting,not_found_in_configured_stores,not_found_in_configured_stores,,11,https://www.glamira.de/glamira-ring-donisha.html?alloy=white-silber&diamond=diamond-sapphire&itm_source=recommendation&itm_medium=sorting,,2026-06-14T07:56:48.913464+00:00
90984,https://www.glamira.de/glamira-ring-freesia-0.1crt.html?alloy=white-585&diamond=diamond-Brillant,not_found_in_configured_stores,not_found_in_configured_stores,,11,https://www.glamira.de/glamira-ring-freesia-0.1crt.html?alloy=white-585&diamond=diamond-Brillant,,2026-06-14T07:57:35.417542+00:00
90987,https://www.glamira.hu/glamira-gyuru-freesia-0.16crt.html?alloy=white-585&diamond=diamond-Brillant&itm_source=recommendation&itm_medium=sorting,not_found_in_configured_stores,not_found_in_configured_stores,,12,https://www.glamira.hu/glamira-gyuru-freesia-0.16crt.html?alloy=white-585&diamond=diamond-Brillant&itm_source=recommendation&itm_medium=sorting,,2026-06-14T07:57:36.304726+00:00
90988,https://www.ring-paare.de/glamira-ring-freesia-0.5crt.html?alloy=white-585&diamond=blackdiamond,not_found_in_configured_stores,not_found_in_configured_stores,,12,https://www.ring-paare.de/glamira-ring-freesia-0.5crt.html?alloy=white-585&diamond=blackdiamond,,2026-06-14T07:57:36.341088+00:00
91090,https://www.glamira.pt/glamira-anel-donisha-0.1-crt.html?alloy=white-silber&diamond=sapphire-Swarovsky,not_found_in_configured_stores,not_found_in_configured_stores,,12,https://www.glamira.pt/glamira-anel-donisha-0.1-crt.html?alloy=white-silber&diamond=sapphire-Swarovsky,,2026-06-14T07:57:54.992648+00:00
91091,https://www.glamira.co.uk/glamira-ring-donisha-0.5-crt.html?alloy=white-silber&diamond=diamond-sapphire,not_found_in_configured_stores,not_found_in_configured_stores,,11,https://www.glamira.co.uk/glamira-ring-donisha-0.5-crt.html?alloy=white-silber&diamond=diamond-sapphire,,2026-06-14T07:57:55.311303+00:00
91092,https://www.glamira.de/glamira-ring-donisha-0.16-crt.html?alloy=white-silber&diamond=diamond-sapphire&itm_source=recommendation&itm_medium=sorting,not_found_in_configured_stores,not_found_in_configured_stores,,11,https://www.glamira.de/glamira-ring-donisha-0.16-crt.html?alloy=white-silber&diamond=diamond-sapphire&itm_source=recommendation&itm_medium=sorting,,2026-06-14T07:57:55.780851+00:00
91094,https://www.glamira.de/glamira-ring-donisha-1.0-crt.html,not_found_in_configured_stores,not_found_in_configured_stores,,11,https://www.glamira.de/glamira-ring-donisha-1.0-crt.html,,2026-06-14T07:57:55.993253+00:00
91284,https://www.ring-paare.de/ornate-butterfly.html?alloy=white-585,not_found_in_configured_stores,not_found_in_configured_stores,,12,https://www.ring-paare.de/ornate-butterfly.html?alloy=white-585,,2026-06-14T07:58:37.303150+00:00
91287,https://www.ring-paare.de/ornate-charm.html?alloy=white-585&stone=diamond-Zirconia&itm_source=recommendation&itm_medium=sorting,not_found_in_configured_stores,not_found_in_configured_stores,,12,https://www.ring-paare.de/ornate-charm.html?alloy=white-585&stone=diamond-Zirconia&itm_source=recommendation&itm_medium=sorting,,2026-06-14T07:58:37.577281+00:00
91288,https://www.ring-paare.de/herrenring-ornate-charm.html?alloy=red-375&stone=diamond-Zirconia,not_found_in_configured_stores,not_found_in_configured_stores,,12,https://www.ring-paare.de/herrenring-ornate-charm.html?alloy=red-375&stone=diamond-Zirconia,,2026-06-14T07:58:37.826190+00:00
91289,https://www.ring-paare.de/damenring-ornate-charm.html?alloy=red-375&stone=diamond-Zirconia,not_found_in_configured_stores,not_found_in_configured_stores,,12,https://www.ring-paare.de/damenring-ornate-charm.html?alloy=red-375&stone=diamond-Zirconia,,2026-06-14T07:58:37.941724+00:00
91311,https://www.ring-paare.de/ornate-heaven.html?stone=diamond-Zirconia&itm_source=recommendation&itm_medium=sorting&alloy=white-375,not_found_in_configured_stores,not_found_in_configured_stores,,12,https://www.ring-paare.de/ornate-heaven.html?stone=diamond-Zirconia&itm_source=recommendation&itm_medium=sorting&alloy=white-375,,2026-06-14T07:58:41.773188+00:00
91320,https://www.ring-paare.de/ornate-shine.html?alloy=white-585&gclid=EAIaIQobChMInOuz1IzR6QIVOeS7CB0UMQvzEAEYASABEgL17fD_BwE,not_found_in_configured_stores,not_found_in_configured_stores,,12,https://www.ring-paare.de/ornate-shine.html?alloy=white-585&gclid=EAIaIQobChMInOuz1IzR6QIVOeS7CB0UMQvzEAEYASABEgL17fD_BwE,,2026-06-14T07:58:42.601913+00:00
91326,https://www.ring-paare.de/ornate-style.html?alloy=red-585&stone=diamond-Zirconia&itm_source=recommendation&itm_medium=sorting,not_found_in_configured_stores,not_found_in_configured_stores,,12,https://www.ring-paare.de/ornate-style.html?alloy=red-585&stone=diamond-Zirconia&itm_source=recommendation&itm_medium=sorting,,2026-06-14T07:58:44.581862+00:00
91349,https://www.ring-paare.de/private-ring.html?alloy=white-585&stone=diamond-Zirconia&itm_source=recommendation&itm_medium=sorting,not_found_in_configured_stores,not_found_in_configured_stores,,12,https://www.ring-paare.de/private-ring.html?alloy=white-585&stone=diamond-Zirconia&itm_source=recommendation&itm_medium=sorting,,2026-06-14T07:58:49.770603+00:00
91351,https://www.ring-paare.de/damenring-private-ring.html?itm_source=recommendation&itm_medium=smartsearch&alloy=red-375&stone=diamond-Zirconia,not_found_in_configured_stores,not_found_in_configured_stores,,12,https://www.ring-paare.de/damenring-private-ring.html?itm_source=recommendation&itm_medium=smartsearch&alloy=red-375&stone=diamond-Zirconia,,2026-06-14T07:58:49.888562+00:00
91690,https://www.ring-paare.de/attractive-crimp.html?alloy=white-585&stone=diamond-Brillant&itm_source=recommendation&itm_medium=sorting,not_found_in_configured_stores,not_found_in_configured_stores,,12,https://www.ring-paare.de/attractive-crimp.html?alloy=white-585&stone=diamond-Brillant&itm_source=recommendation&itm_medium=sorting,,2026-06-14T07:58:54.131736+00:00
91693,https://www.ring-paare.de/attractive-force.html?alloy=white_yellow-585&stone=diamond-Zirconia&itm_source=recommendation&itm_medium=sorting,not_found_in_configured_stores,not_found_in_configured_stores,,12,https://www.ring-paare.de/attractive-force.html?alloy=white_yellow-585&stone=diamond-Zirconia&itm_source=recommendation&itm_medium=sorting,,2026-06-14T07:58:54.145635+00:00
91694,https://www.ring-paare.de/herrenring-attractive-force.html?alloy=white_yellow-585&stone=diamond-Zirconia,not_found_in_configured_stores,not_found_in_configured_stores,,12,https://www.ring-paare.de/herrenring-attractive-force.html?alloy=white_yellow-585&stone=diamond-Zirconia,,2026-06-14T07:58:54.361621+00:00
91695,https://www.ring-paare.de/checkout/cart/configure/id/2122342/?alloy=white_red-375,not_found_in_configured_stores,not_found_in_configured_stores,,12,https://www.ring-paare.de/checkout/cart/configure/id/2122342/?alloy=white_red-375,,2026-06-14T07:58:54.446013+00:00
91696,https://www.ring-paare.de/bright-love.html?alloy=yellow-750&stone=diamond-Brillant&itm_source=recommendation&itm_medium=sorting,not_found_in_configured_stores,not_found_in_configured_stores,,12,https://www.ring-paare.de/bright-love.html?alloy=yellow-750&stone=diamond-Brillant&itm_source=recommendation&itm_medium=sorting,,2026-06-14T07:58:55.152165+00:00
91697,https://www.ring-paare.de/herrenring-bright-love.html?alloy=yellow-750&itm_source=recommendation&itm_medium=sorting,not_found_in_configured_stores,not_found_in_configured_stores,,12,https://www.ring-paare.de/herrenring-bright-love.html?alloy=yellow-750&itm_source=recommendation&itm_medium=sorting,,2026-06-14T07:58:55.304998+00:00
91698,https://www.ring-paare.de/damenring-bright-love.html?alloy=yellow-585,not_found_in_configured_stores,not_found_in_configured_stores,,12,https://www.ring-paare.de/damenring-bright-love.html?alloy=yellow-585,,2026-06-14T07:58:56.103537+00:00
91704,https://www.ring-paare.de/exciting-surface.html?alloy=white-platin&stone=diamond-Brillant&itm_source=recommendation&itm_medium=sorting,not_found_in_configured_stores,not_found_in_configured_stores,,12,https://www.ring-paare.de/exciting-surface.html?alloy=white-platin&stone=diamond-Brillant&itm_source=recommendation&itm_medium=sorting,,2026-06-14T07:58:57.325282+00:00
91707,https://www.ring-paare.de/obvious-sign.html?alloy=white-platin&stone=diamond-Brillant&itm_source=recommendation&itm_medium=sorting,not_found_in_configured_stores,not_found_in_configured_stores,,12,https://www.ring-paare.de/obvious-sign.html?alloy=white-platin&stone=diamond-Brillant&itm_source=recommendation&itm_medium=sorting,,2026-06-14T07:58:57.343529+00:00
91709,https://www.ring-paare.de/damenring-obvious-sign.html?alloy=white-platin&stone=diamond-Brillant,not_found_in_configured_stores,not_found_in_configured_stores,,12,https://www.ring-paare.de/damenring-obvious-sign.html?alloy=white-platin&stone=diamond-Brillant,,2026-06-14T07:58:57.545465+00:00
91713,https://www.ring-paare.de/shining-care.html?alloy=yellow_white-585&stone=diamond-Brillant&itm_source=recommendation&itm_medium=sorting,not_found_in_configured_stores,not_found_in_configured_stores,,12,https://www.ring-paare.de/shining-care.html?alloy=yellow_white-585&stone=diamond-Brillant&itm_source=recommendation&itm_medium=sorting,,2026-06-14T07:58:58.968941+00:00
91719,https://www.ring-paare.de/slim-carved.html?alloy=yellow-750&stone=diamond-Zirconia&itm_source=recommendation&itm_medium=sorting,not_found_in_configured_stores,not_found_in_configured_stores,,12,https://www.ring-paare.de/slim-carved.html?alloy=yellow-750&stone=diamond-Zirconia&itm_source=recommendation&itm_medium=sorting,,2026-06-14T07:58:59.534111+00:00
91720,https://www.ring-paare.de/herrenring-slim-carved.html?alloy=yellow-750&stone=diamond-Zirconia,not_found_in_configured_stores,not_found_in_configured_stores,,12,https://www.ring-paare.de/herrenring-slim-carved.html?alloy=yellow-750&stone=diamond-Zirconia,,2026-06-14T07:58:59.828715+00:00
91721,https://www.ring-paare.de/damenring-slim-carved.html?alloy=yellow-750&stone=diamond-Zirconia&itm_source=recommendation&itm_medium=sorting,not_found_in_configured_stores,not_found_in_configured_stores,,12,https://www.ring-paare.de/damenring-slim-carved.html?alloy=yellow-750&stone=diamond-Zirconia&itm_source=recommendation&itm_medium=sorting,,2026-06-14T07:59:01.165244+00:00
91722,https://www.ring-paare.de/slim-heart.html?alloy=yellow-585&stone=diamond-Zirconia&itm_source=recommendation&itm_medium=sorting,not_found_in_configured_stores,not_found_in_configured_stores,,12,https://www.ring-paare.de/slim-heart.html?alloy=yellow-585&stone=diamond-Zirconia&itm_source=recommendation&itm_medium=sorting,,2026-06-14T07:59:01.291401+00:00
91723,https://www.ring-paare.de/herrenring-slim-heart.html?alloy=yellow-375&stone=none,not_found_in_configured_stores,not_found_in_configured_stores,,12,https://www.ring-paare.de/herrenring-slim-heart.html?alloy=yellow-375&stone=none,,2026-06-14T07:59:02.762960+00:00
91724,https://www.ring-paare.de/damenring-slim-heart.html?alloy=yellow-585&stone=diamond-Zirconia&itm_source=recommendation&itm_medium=sorting,not_found_in_configured_stores,not_found_in_configured_stores,,12,https://www.ring-paare.de/damenring-slim-heart.html?alloy=yellow-585&stone=diamond-Zirconia&itm_source=recommendation&itm_medium=sorting,,2026-06-14T07:59:02.932181+00:00
91725,https://www.glamira.bg/anillo-de-mujer-slim-lined.html?alloy=white-silber&stone=diamond-Zirconia&itm_source=recommendation&itm_medium=sorting,not_found_in_configured_stores,not_found_in_configured_stores,,12,https://www.glamira.bg/anillo-de-mujer-slim-lined.html?alloy=white-silber&stone=diamond-Zirconia&itm_source=recommendation&itm_medium=sorting,,2026-06-14T07:59:03.304355+00:00
91726,https://www.ring-paare.de/slim-lined.html?alloy=white-750&stone=diamond-Zirconia&itm_source=recommendation&itm_medium=sorting,not_found_in_configured_stores,not_found_in_configured_stores,,12,https://www.ring-paare.de/slim-lined.html?alloy=white-750&stone=diamond-Zirconia&itm_source=recommendation&itm_medium=sorting,,2026-06-14T07:59:03.586395+00:00
91728,https://www.ring-paare.de/slim-love.html?alloy=red-750&stone=diamond-Zirconia&itm_source=recommendation&itm_medium=sorting,not_found_in_configured_stores,not_found_in_configured_stores,,12,https://www.ring-paare.de/slim-love.html?alloy=red-750&stone=diamond-Zirconia&itm_source=recommendation&itm_medium=sorting,,2026-06-14T07:59:03.747313+00:00
91729,https://www.ring-paare.de/damenring-slim-love.html?alloy=red-750&stone=diamond-Zirconia&itm_source=recommendation&itm_medium=sorting,not_found_in_configured_stores,not_found_in_configured_stores,,12,https://www.ring-paare.de/damenring-slim-love.html?alloy=red-750&stone=diamond-Zirconia&itm_source=recommendation&itm_medium=sorting,,2026-06-14T07:59:04.242201+00:00
91730,https://www.ring-paare.de/herrenring-slim-love.html?alloy=red-750&stone=diamond-Zirconia,not_found_in_configured_stores,not_found_in_configured_stores,,12,https://www.ring-paare.de/herrenring-slim-love.html?alloy=red-750&stone=diamond-Zirconia,,2026-06-14T07:59:04.280790+00:00
91731,https://www.ring-paare.de/slim-shine.html?alloy=white_yellow-585&itm_source=recommendation&itm_medium=sorting,not_found_in_configured_stores,not_found_in_configured_stores,,12,https://www.ring-paare.de/slim-shine.html?alloy=white_yellow-585&itm_source=recommendation&itm_medium=sorting,,2026-06-14T07:59:04.511281+00:00
91732,https://www.ring-paare.de/damenring-slim-shine.html?alloy=white_yellow-platin_585,not_found_in_configured_stores,not_found_in_configured_stores,,12,https://www.ring-paare.de/damenring-slim-shine.html?alloy=white_yellow-platin_585,,2026-06-14T07:59:04.576951+00:00
91733,https://www.ring-paare.de/herrenring-slim-shine.html?alloy=white_yellow-platin_585,not_found_in_configured_stores,not_found_in_configured_stores,,12,https://www.ring-paare.de/herrenring-slim-shine.html?alloy=white_yellow-platin_585,,2026-06-14T07:59:04.587117+00:00
91734,https://www.ring-paare.de/slim-smart.html?alloy=white-585&stone=diamond-Zirconia&itm_source=recommendation&itm_medium=sorting,not_found_in_configured_stores,not_found_in_configured_stores,,12,https://www.ring-paare.de/slim-smart.html?alloy=white-585&stone=diamond-Zirconia&itm_source=recommendation&itm_medium=sorting,,2026-06-14T07:59:05.145385+00:00
91735,https://www.ring-paare.de/damenring-slim-smart.html?alloy=white-585&stone=diamond-Zirconia,not_found_in_configured_stores,not_found_in_configured_stores,,12,https://www.ring-paare.de/damenring-slim-smart.html?alloy=white-585&stone=diamond-Zirconia,,2026-06-14T07:59:05.229250+00:00
91736,https://www.ring-paare.de/herrenring-slim-smart.html?alloy=yellow-375&itm_source=recommendation&itm_medium=sorting,not_found_in_configured_stores,not_found_in_configured_stores,,12,https://www.ring-paare.de/herrenring-slim-smart.html?alloy=yellow-375&itm_source=recommendation&itm_medium=sorting,,2026-06-14T07:59:05.527577+00:00
91737,https://www.ring-paare.de/slim-trust.html?stone=diamond-Zirconia&itm_source=recommendation&itm_medium=sorting&alloy=white-585,not_found_in_configured_stores,not_found_in_configured_stores,,12,https://www.ring-paare.de/slim-trust.html?stone=diamond-Zirconia&itm_source=recommendation&itm_medium=sorting&alloy=white-585,,2026-06-14T07:59:05.677194+00:00
91739,https://www.ring-paare.de/herrenring-slim-trust.html?alloy=yellow-375&itm_source=recommendation&itm_medium=sorting,not_found_in_configured_stores,not_found_in_configured_stores,,12,https://www.ring-paare.de/herrenring-slim-trust.html?alloy=yellow-375&itm_source=recommendation&itm_medium=sorting,,2026-06-14T07:59:05.940585+00:00
92067,https://www.glamira.ro/glamira-earring-rosy.html?alloy=white-375&pearl=white_pearl&itm_source=recommendation&itm_medium=sorting,not_found_in_configured_stores,not_found_in_configured_stores,,12,https://www.glamira.ro/glamira-earring-rosy.html?alloy=white-375&pearl=white_pearl&itm_source=recommendation&itm_medium=sorting,,2026-06-14T08:00:29.326736+00:00
92074,https://www.glamira.se/glamira-earring-rosy-10-mm.html?pearl=white_pearl&alloy=white-585,not_found_in_configured_stores,not_found_in_configured_stores,,12,https://www.glamira.se/glamira-earring-rosy-10-mm.html?pearl=white_pearl&alloy=white-585,,2026-06-14T08:00:30.307570+00:00
92098,https://www.glamira.cl/hortensia.html,not_found_in_configured_stores,not_found_in_configured_stores,,12,https://www.glamira.cl/hortensia.html,,2026-06-14T08:00:34.326942+00:00
92099,https://www.glamira.com.pe/pour-toujours.html?alloy=white-750&diamond=diamond-Brillant&itm_source=recommendation&itm_medium=smartsearch,not_found_in_configured_stores,not_found_in_configured_stores,,12,https://www.glamira.com.pe/pour-toujours.html?alloy=white-750&diamond=diamond-Brillant&itm_source=recommendation&itm_medium=smartsearch,,2026-06-14T08:00:34.498648+00:00
92104,https://www.glamira.co.cr/capucine.html?alloy=white-palladium,not_found_in_configured_stores,not_found_in_configured_stores,,12,https://www.glamira.co.cr/capucine.html?alloy=white-palladium,,2026-06-14T08:00:34.555338+00:00
92107,https://www.glamira.com.ph/promise.html,not_found_in_configured_stores,not_found_in_configured_stores,,12,https://www.glamira.com.ph/promise.html,,2026-06-14T08:00:34.623631+00:00
92114,https://www.glamira.md/rose.html,not_found_in_configured_stores,not_found_in_configured_stores,,12,https://www.glamira.md/rose.html,,2026-06-14T08:00:34.859920+00:00
92123,https://www.glamira.cl/souffle.html,not_found_in_configured_stores,not_found_in_configured_stores,,12,https://www.glamira.cl/souffle.html,,2026-06-14T08:00:34.881704+00:00
92125,https://www.glamira.bg/begonia.html?fbclid=IwAR0gw2VHnG7Eu4JSBAU1ubPm-LRVnQYDtaV7OqYmvLaNPkB_srvDw5txftw,not_found_in_configured_stores,not_found_in_configured_stores,,12,https://www.glamira.bg/begonia.html?fbclid=IwAR0gw2VHnG7Eu4JSBAU1ubPm-LRVnQYDtaV7OqYmvLaNPkB_srvDw5txftw,,2026-06-14T08:00:34.908084+00:00
92129,https://www.glamira.bg/eveline.html?fbclid=IwAR3IALqTD0vjTfPPQ8OucqlgAfJX-8sr9imFYuQJwjA4Ng5OvoxRiSbsvXk,not_found_in_configured_stores,not_found_in_configured_stores,,12,https://www.glamira.bg/eveline.html?fbclid=IwAR3IALqTD0vjTfPPQ8OucqlgAfJX-8sr9imFYuQJwjA4Ng5OvoxRiSbsvXk,,2026-06-14T08:00:35.336617+00:00
92131,https://www.glamira.cl/bouvardia.html?alloy=white-750&diamond=diamond-Brillant&stone2=diamond-Brillant&itm_source=recommendation&itm_medium=smartsearch,not_found_in_configured_stores,not_found_in_configured_stores,,12,https://www.glamira.cl/bouvardia.html?alloy=white-750&diamond=diamond-Brillant&stone2=diamond-Brillant&itm_source=recommendation&itm_medium=smartsearch,,2026-06-14T08:00:35.592211+00:00
92145,https://www.glamira.bg/lupine.html?fbclid=IwAR1bMwF4tc2g5Rg7QO84nx9CB_J1uP5EtW5xVo7y0Jqy466Vz1jm7MjsgU4,not_found_in_configured_stores,not_found_in_configured_stores,,12,https://www.glamira.bg/lupine.html?fbclid=IwAR1bMwF4tc2g5Rg7QO84nx9CB_J1uP5EtW5xVo7y0Jqy466Vz1jm7MjsgU4,,2026-06-14T08:00:35.695881+00:00
92147,https://www.glamira.com.ec/dahlia.html,not_found_in_configured_stores,not_found_in_configured_stores,,12,https://www.glamira.com.ec/dahlia.html,,2026-06-14T08:00:35.954600+00:00
92151,https://www.ring-paare.de/edelweiss.html,not_found_in_configured_stores,not_found_in_configured_stores,,12,https://www.ring-paare.de/edelweiss.html,,2026-06-14T08:00:35.989771+00:00
92157,https://www.glamira.bg/joie.html?fbclid=IwAR2KwMO2akA8gcoo-y55SR0dpsbOt25rv85_Ciq5EHCcdo8zHcK9N9A86sw,not_found_in_configured_stores,not_found_in_configured_stores,,12,https://www.glamira.bg/joie.html?fbclid=IwAR2KwMO2akA8gcoo-y55SR0dpsbOt25rv85_Ciq5EHCcdo8zHcK9N9A86sw,,2026-06-14T08:00:36.517368+00:00
92162,https://www.glamira.md/passion.html,not_found_in_configured_stores,not_found_in_configured_stores,,12,https://www.glamira.md/passion.html,,2026-06-14T08:00:36.673365+00:00
92505,https://www.glamira.de/glamira-pendant-petra.html?alloy=red-375&diamond=diamond-Brillant&itm_source=recommendation&itm_medium=sorting,not_found_in_configured_stores,not_found_in_configured_stores,,11,https://www.glamira.de/glamira-pendant-petra.html?alloy=red-375&diamond=diamond-Brillant&itm_source=recommendation&itm_medium=sorting,,2026-06-14T08:02:02.584130+00:00
92534,https://www.glamira.de/glamira-pendant-noa.html?alloy=white-750&stone2=diamond-Swarovsky&diamond=black-onyx,not_found_in_configured_stores,not_found_in_configured_stores,,11,https://www.glamira.de/glamira-pendant-noa.html?alloy=white-750&stone2=diamond-Swarovsky&diamond=black-onyx,,2026-06-14T08:02:10.497673+00:00
92548,https://www.glamira.com.mx/necklaces-crushed-mariner.html?alloy=white-585,not_found_in_configured_stores,not_found_in_configured_stores,,12,https://www.glamira.com.mx/necklaces-crushed-mariner.html?alloy=white-585,,2026-06-14T08:02:12.528225+00:00
92553,https://www.glamira.com.au/necklaces-nonna.html?fbclid=IwAR3hQ52Es7SoMF0fevL4jFd9VdE7TQQAOiP6cT0D6_c7_l7DAq41j1blda4,not_found_in_configured_stores,not_found_in_configured_stores,,11,https://www.glamira.com.au/necklaces-nonna.html?fbclid=IwAR3hQ52Es7SoMF0fevL4jFd9VdE7TQQAOiP6cT0D6_c7_l7DAq41j1blda4,,2026-06-14T08:02:12.560339+00:00
92554,https://www.glamira.hu/necklaces-nonna-5-mm.html?fbclid=IwAR38GgKBJcAnFgbgwac371__I2xHke0nrXYxHO9kEDbmmMRLOv52O9GAyrE,not_found_in_configured_stores,not_found_in_configured_stores,,12,https://www.glamira.hu/necklaces-nonna-5-mm.html?fbclid=IwAR38GgKBJcAnFgbgwac371__I2xHke0nrXYxHO9kEDbmmMRLOv52O9GAyrE,,2026-06-14T08:02:13.914889+00:00
92560,https://www.glamira.de/necklaces-figaro.html?alloy=white-585,not_found_in_configured_stores,not_found_in_configured_stores,,11,https://www.glamira.de/necklaces-figaro.html?alloy=white-585,,2026-06-14T08:02:14.900736+00:00
92561,https://www.glamira.ee/necklaces-figaro-5-mm.html?fbclid=IwAR1HTWh4ttdbyEwr8X642cR0sBAVyvbO-i-cAVq86JlTjWnz86323zj4fuY,not_found_in_configured_stores,not_found_in_configured_stores,,12,https://www.glamira.ee/necklaces-figaro-5-mm.html?fbclid=IwAR1HTWh4ttdbyEwr8X642cR0sBAVyvbO-i-cAVq86JlTjWnz86323zj4fuY,,2026-06-14T08:02:15.838433+00:00
92562,https://www.glamira.no/necklaces-figaro-6-mm.html?alloy=yellow-585,not_found_in_configured_stores,not_found_in_configured_stores,,12,https://www.glamira.no/necklaces-figaro-6-mm.html?alloy=yellow-585,,2026-06-14T08:02:16.209657+00:00
92570,https://www.glamira.fi/necklaces-design-forzentina-star-5-mm.html,not_found_in_configured_stores,not_found_in_configured_stores,,12,https://www.glamira.fi/necklaces-design-forzentina-star-5-mm.html,,2026-06-14T08:02:16.259858+00:00
92571,https://www.glamira.de/necklaces-spiga-(diamond-cut).html,not_found_in_configured_stores,not_found_in_configured_stores,,11,https://www.glamira.de/necklaces-spiga-(diamond-cut).html,,2026-06-14T08:02:16.511313+00:00
92572,https://www.glamira.hr/necklaces-spiga-(diamond-cut)-4-mm.html?fbclid=IwAR2xuSMx-L6VR3t0yVuf8oUOBpJQFPYppRfllX13lv-h0P_nKIsdXbIaZ_o,not_found_in_configured_stores,not_found_in_configured_stores,,12,https://www.glamira.hr/necklaces-spiga-(diamond-cut)-4-mm.html?fbclid=IwAR2xuSMx-L6VR3t0yVuf8oUOBpJQFPYppRfllX13lv-h0P_nKIsdXbIaZ_o,,2026-06-14T08:02:16.543340+00:00
92573,https://www.glamira.no/necklaces-hallow-chains-with-diamond-cut-(hbb).html?fbclid=IwAR0BabSYu3NcwbhYNMLjqy_w87QB5z5ilTwaeZn8CKKViX_orsHG57zlvNs,not_found_in_configured_stores,not_found_in_configured_stores,,12,https://www.glamira.no/necklaces-hallow-chains-with-diamond-cut-(hbb).html?fbclid=IwAR0BabSYu3NcwbhYNMLjqy_w87QB5z5ilTwaeZn8CKKViX_orsHG57zlvNs,,2026-06-14T08:02:16.604991+00:00
92574,https://www.glamira.hr/necklaces-hallow-chains-with-diamond-cut-(hbb)-9-mm.html?fbclid=IwAR234XWbw1WVuE7br09r26OBEiN4iY8JezlixwEAn6X0AoAe15B7uutsU9k,not_found_in_configured_stores,not_found_in_configured_stores,,12,https://www.glamira.hr/necklaces-hallow-chains-with-diamond-cut-(hbb)-9-mm.html?fbclid=IwAR234XWbw1WVuE7br09r26OBEiN4iY8JezlixwEAn6X0AoAe15B7uutsU9k,,2026-06-14T08:02:16.886320+00:00
93293,https://www.glamira.com.tr/kadin-yuzuk-classic-search-9mm.html?alloy=white-silber,not_found_in_configured_stores,not_found_in_configured_stores,,12,https://www.glamira.com.tr/kadin-yuzuk-classic-search-9mm.html?alloy=white-silber,,2026-06-14T08:04:56.235588+00:00
93307,https://www.glamira.de/classic-search-9mm.html?alloy=white-silber,not_found_in_configured_stores,not_found_in_configured_stores,,11,https://www.glamira.de/classic-search-9mm.html?alloy=white-silber,,2026-06-14T08:05:00.407967+00:00
93579,https://www.glamira.com.tr/erkek-yuzuk-classic-search-9mm.html?alloy=white-silber,not_found_in_configured_stores,not_found_in_configured_stores,,12,https://www.glamira.com.tr/erkek-yuzuk-classic-search-9mm.html?alloy=white-silber,,2026-06-14T08:05:56.607039+00:00
96579,https://www.glamira.com.tr/ornate-style-4-mm.html?alloy=red-585&stone=diamond-Zirconia&accent=black&itm_source=recommendation&itm_medium=sorting,not_found_in_configured_stores,not_found_in_configured_stores,,12,https://www.glamira.com.tr/ornate-style-4-mm.html?alloy=red-585&stone=diamond-Zirconia&accent=black&itm_source=recommendation&itm_medium=sorting,,2026-06-14T08:12:04.391736+00:00
96581,https://www.glamira.co.za/womens-ring-ornate-style-4-mm.html?stone=diamond-Zirconia&accent=black&itm_source=recommendation&itm_medium=sorting&alloy=red-585,not_found_in_configured_stores,not_found_in_configured_stores,,12,https://www.glamira.co.za/womens-ring-ornate-style-4-mm.html?stone=diamond-Zirconia&accent=black&itm_source=recommendation&itm_medium=sorting&alloy=red-585,,2026-06-14T08:12:04.675789+00:00
96582,https://www.glamira.com/men-s-ring-ornate-style-4-mm.html?alloy=white-silber&accent=black&itm_source=recommendation&itm_medium=sorting,not_found_in_configured_stores,not_found_in_configured_stores,,11,https://www.glamira.com/men-s-ring-ornate-style-4-mm.html?alloy=white-silber&accent=black&itm_source=recommendation&itm_medium=sorting,,2026-06-14T08:12:04.771113+00:00
96620,https://www.glamira.de/glamira-ring-clemita.html?alloy=yellow-375&diamond=diamond-Brillant&itm_source=recommendation&itm_medium=sorting,not_found_in_configured_stores,not_found_in_configured_stores,,11,https://www.glamira.de/glamira-ring-clemita.html?alloy=yellow-375&diamond=diamond-Brillant&itm_source=recommendation&itm_medium=sorting,,2026-06-14T08:12:12.503888+00:00
96640,https://www.glamira.co.uk/glamira-ring-akemi.html?alloy=white-585&diamond=garnet&stone2=diamond-Brillant&itm_source=recommendation&itm_medium=sorting,not_found_in_configured_stores,not_found_in_configured_stores,,11,https://www.glamira.co.uk/glamira-ring-akemi.html?alloy=white-585&diamond=garnet&stone2=diamond-Brillant&itm_source=recommendation&itm_medium=sorting,,2026-06-14T08:12:18.237370+00:00
96694,https://www.glamira.ro/glamira-earring-suda.html?alloy=white_red-750,not_found_in_configured_stores,not_found_in_configured_stores,,12,https://www.glamira.ro/glamira-earring-suda.html?alloy=white_red-750,,2026-06-14T08:12:29.281707+00:00
96756,https://www.glamira.fr/alluring-world.html?alloy=white-silber&stone=diamond-Zirconia&itm_source=recommendation&itm_medium=sorting,not_found_in_configured_stores,not_found_in_configured_stores,,11,https://www.glamira.fr/alluring-world.html?alloy=white-silber&stone=diamond-Zirconia&itm_source=recommendation&itm_medium=sorting,,2026-06-14T08:12:42.789159+00:00
96763,https://www.glamira.fr/bague-pour-femmes-alluring-world.html?alloy=white-silber&stone=diamond-Zirconia,not_found_in_configured_stores,not_found_in_configured_stores,,11,https://www.glamira.fr/bague-pour-femmes-alluring-world.html?alloy=white-silber&stone=diamond-Zirconia,,2026-06-14T08:12:43.474744+00:00
96764,https://www.glamira.dk/ringe-til-maend-alluring-world.html?alloy=yellow-585&itm_source=recommendation&itm_medium=sorting,not_found_in_configured_stores,not_found_in_configured_stores,,12,https://www.glamira.dk/ringe-til-maend-alluring-world.html?alloy=yellow-585&itm_source=recommendation&itm_medium=sorting,,2026-06-14T08:12:43.662551+00:00
97105,https://www.glamira.fr/bague-pour-femmes-fever-twist.html?alloy=white-silber&stone=diamond-Zirconia,not_found_in_configured_stores,not_found_in_configured_stores,,11,https://www.glamira.fr/bague-pour-femmes-fever-twist.html?alloy=white-silber&stone=diamond-Zirconia,,2026-06-14T08:13:57.189388+00:00
97106,https://www.glamira.fr/bague-pour-hommes-fever-twist.html?alloy=white-silber&stone=diamond-Zirconia,not_found_in_configured_stores,not_found_in_configured_stores,,11,https://www.glamira.fr/bague-pour-hommes-fever-twist.html?alloy=white-silber&stone=diamond-Zirconia,,2026-06-14T08:13:57.809709+00:00
97107,https://www.glamira.de/fever-twist.html?alloy=white-silber&stone=diamond-Zirconia&itm_source=recommendation&itm_medium=sorting,not_found_in_configured_stores,not_found_in_configured_stores,,11,https://www.glamira.de/fever-twist.html?alloy=white-silber&stone=diamond-Zirconia&itm_source=recommendation&itm_medium=sorting,,2026-06-14T08:13:58.691099+00:00
97425,https://www.glamira.ro/glamira-pendant-florence.html?alloy=white_red-585&diamond=ruby&itm_source=recommendation&itm_medium=sorting,not_found_in_configured_stores,not_found_in_configured_stores,,12,https://www.glamira.ro/glamira-pendant-florence.html?alloy=white_red-585&diamond=ruby&itm_source=recommendation&itm_medium=sorting,,2026-06-14T08:15:14.177363+00:00
97435,https://www.glamira.de/glamira-pendant-roast.html?alloy=red-375&diamond=diamond-Brillant&itm_source=recommendation&itm_medium=sorting,not_found_in_configured_stores,not_found_in_configured_stores,,11,https://www.glamira.de/glamira-pendant-roast.html?alloy=red-375&diamond=diamond-Brillant&itm_source=recommendation&itm_medium=sorting,,2026-06-14T08:15:17.838936+00:00
97507,https://www.glamira.fr/quotation.html?smartid=3657,not_found_in_configured_stores,not_found_in_configured_stores,,11,https://www.glamira.fr/quotation.html?smartid=3657,,2026-06-14T08:15:40.563518+00:00
97824,https://www.glamira.fr/glamira-ring-atlasove.html?alloy=yellow-750&diamond=diamond-Brillant&itm_source=recommendation&itm_medium=sorting,not_found_in_configured_stores,not_found_in_configured_stores,,11,https://www.glamira.fr/glamira-ring-atlasove.html?alloy=yellow-750&diamond=diamond-Brillant&itm_source=recommendation&itm_medium=sorting,,2026-06-14T08:17:05.716210+00:00
98054,https://www.glamira.sk/glamira-earring-diletta.html?alloy=white_red-585&diamond=ruby&stone2=diamond-Brillant&itm_source=recommendation&itm_medium=sorting,not_found_in_configured_stores,not_found_in_configured_stores,,12,https://www.glamira.sk/glamira-earring-diletta.html?alloy=white_red-585&diamond=ruby&stone2=diamond-Brillant&itm_source=recommendation&itm_medium=sorting,,2026-06-14T08:18:00.461850+00:00
98070,https://www.glamira.be/fr/checkout/cart/configure/id/2088971/,not_found_in_configured_stores,not_found_in_configured_stores,,12,https://www.glamira.be/fr/checkout/cart/configure/id/2088971/,,2026-06-14T08:18:04.009039+00:00
98178,https://www.glamira.ro/glamira-earring-marzia.html?alloy=white-375&diamond=diamond-sapphire&itm_source=recommendation&itm_medium=sorting,not_found_in_configured_stores,not_found_in_configured_stores,,12,https://www.glamira.ro/glamira-earring-marzia.html?alloy=white-375&diamond=diamond-sapphire&itm_source=recommendation&itm_medium=sorting,,2026-06-14T08:18:28.633195+00:00
98205,https://www.glamira.de/glamira-earring-tosca.html?alloy=yellow-375&diamond=diamond-sapphire&itm_source=recommendation&itm_medium=sorting,not_found_in_configured_stores,not_found_in_configured_stores,,11,https://www.glamira.de/glamira-earring-tosca.html?alloy=yellow-375&diamond=diamond-sapphire&itm_source=recommendation&itm_medium=sorting,,2026-06-14T08:18:34.890134+00:00
98222,https://www.glamira.de/unique-brilliance-5-mm.html?alloy=white_red-585&stone=diamond-Brillant&itm_source=recommendation&itm_medium=sorting,not_found_in_configured_stores,not_found_in_configured_stores,,11,https://www.glamira.de/unique-brilliance-5-mm.html?alloy=white_red-585&stone=diamond-Brillant&itm_source=recommendation&itm_medium=sorting,,2026-06-14T08:18:39.382425+00:00
98223,https://www.glamira.be/herenring-unique-brilliance-5-mm.html?itm_source=recommendation&itm_medium=smartsearch&alloy=white-750,not_found_in_configured_stores,not_found_in_configured_stores,,12,https://www.glamira.be/herenring-unique-brilliance-5-mm.html?itm_source=recommendation&itm_medium=smartsearch&alloy=white-750,,2026-06-14T08:18:39.583546+00:00
98224,https://www.glamira.co.uk/womens-ring-unique-brilliance-5-mm.html?alloy=yellow-375&stone=diamond-Brillant&itm_source=recommendation&itm_medium=sorting,not_found_in_configured_stores,not_found_in_configured_stores,,11,https://www.glamira.co.uk/womens-ring-unique-brilliance-5-mm.html?alloy=yellow-375&stone=diamond-Brillant&itm_source=recommendation&itm_medium=sorting,,2026-06-14T08:18:39.659723+00:00
98225,https://www.glamira.co.uk/unique-brilliance-6-mm.html?alloy=white-silber&stone=diamond-Brillant&itm_source=recommendation&itm_medium=sorting,not_found_in_configured_stores,not_found_in_configured_stores,,11,https://www.glamira.co.uk/unique-brilliance-6-mm.html?alloy=white-silber&stone=diamond-Brillant&itm_source=recommendation&itm_medium=sorting,,2026-06-14T08:18:39.680020+00:00
98226,https://www.glamira.co.uk/men-s-ring-unique-brilliance-6-mm.html?alloy=white-silber&itm_source=recommendation&itm_medium=sorting,not_found_in_configured_stores,not_found_in_configured_stores,,11,https://www.glamira.co.uk/men-s-ring-unique-brilliance-6-mm.html?alloy=white-silber&itm_source=recommendation&itm_medium=sorting,,2026-06-14T08:18:39.716546+00:00
98227,https://www.glamira.co.uk/womens-ring-unique-brilliance-6-mm.html?alloy=white-silber&stone=diamond-Brillant,not_found_in_configured_stores,not_found_in_configured_stores,,11,https://www.glamira.co.uk/womens-ring-unique-brilliance-6-mm.html?alloy=white-silber&stone=diamond-Brillant,,2026-06-14T08:18:39.741676+00:00
98446,https://www.glamira.com/glamira-ring-maligne.html?alloy=white-platin,not_found_in_configured_stores,not_found_in_configured_stores,,11,https://www.glamira.com/glamira-ring-maligne.html?alloy=white-platin,,2026-06-14T08:19:35.609792+00:00
98484,https://www.glamira.de/glamira-bracelet-belanda.html?alloy=red-585&diamond=diamond-Brillant&stone2=diamond-Swarovsky&itm_source=recommendation&itm_medium=sorting,not_found_in_configured_stores,not_found_in_configured_stores,,11,https://www.glamira.de/glamira-bracelet-belanda.html?alloy=red-585&diamond=diamond-Brillant&stone2=diamond-Swarovsky&itm_source=recommendation&itm_medium=sorting,,2026-06-14T08:19:45.293169+00:00
98519,https://www.glamira.co.uk/glamira-nose-pin-maridith.html?alloy=white-585&diamond=diamond-sapphire,not_found_in_configured_stores,not_found_in_configured_stores,,11,https://www.glamira.co.uk/glamira-nose-pin-maridith.html?alloy=white-585&diamond=diamond-sapphire,,2026-06-14T08:19:57.090798+00:00
98630,https://www.glamira.nl/smart-ornament-6-mm.html?alloy=white_yellow-585&stone=diamond-Brillant&itm_source=recommendation&itm_medium=sorting,not_found_in_configured_stores,not_found_in_configured_stores,,12,https://www.glamira.nl/smart-ornament-6-mm.html?alloy=white_yellow-585&stone=diamond-Brillant&itm_source=recommendation&itm_medium=sorting,,2026-06-14T08:20:36.846931+00:00
98631,https://www.glamira.com/men-s-ring-smart-ornament-6-mm.html?alloy=white_red-585&itm_source=recommendation&itm_medium=sorting,not_found_in_configured_stores,not_found_in_configured_stores,,11,https://www.glamira.com/men-s-ring-smart-ornament-6-mm.html?alloy=white_red-585&itm_source=recommendation&itm_medium=sorting,,2026-06-14T08:20:36.886991+00:00
98632,https://www.glamira.se/checkout/cart/configure/id/2149676/?alloy=red-585,not_found_in_configured_stores,not_found_in_configured_stores,,12,https://www.glamira.se/checkout/cart/configure/id/2149676/?alloy=red-585,,2026-06-14T08:20:36.922341+00:00
98814,https://www.glamira.sk/charming-diamond-5-mm.html?fbclid=IwAR3C_PFMMApF2YJM5UeAGZUSHjqMWutBDpF0Z6EESJfqFOj9U_yRVQwbDWI&alloy=white_yellow-585,not_found_in_configured_stores,not_found_in_configured_stores,,12,https://www.glamira.sk/charming-diamond-5-mm.html?fbclid=IwAR3C_PFMMApF2YJM5UeAGZUSHjqMWutBDpF0Z6EESJfqFOj9U_yRVQwbDWI&alloy=white_yellow-585,,2026-06-14T08:21:28.588616+00:00
98859,https://www.glamira.co.uk/alluring-capital-5-mm.html?fbclid=IwAR1S9PsuhyPG18QaErVDSPZCe4W1nxIrZ-yLKYxovlnubSXo4tqaRAAlPB4&alloy=white_yellow-585,not_found_in_configured_stores,not_found_in_configured_stores,,11,https://www.glamira.co.uk/alluring-capital-5-mm.html?fbclid=IwAR1S9PsuhyPG18QaErVDSPZCe4W1nxIrZ-yLKYxovlnubSXo4tqaRAAlPB4&alloy=white_yellow-585,,2026-06-14T08:21:39.751404+00:00
98860,https://www.glamira.com/alluring-capital-6-mm.html?fbclid=IwAR27QuGuWxxMo2eHPdor_LGd1Hs76MjnGnCvl5A8GP8iUJwsd0dUNZqsOwg&alloy=white_yellow-585,not_found_in_configured_stores,not_found_in_configured_stores,,11,https://www.glamira.com/alluring-capital-6-mm.html?fbclid=IwAR27QuGuWxxMo2eHPdor_LGd1Hs76MjnGnCvl5A8GP8iUJwsd0dUNZqsOwg&alloy=white_yellow-585,,2026-06-14T08:21:39.754316+00:00
98910,https://www.glamira.ro/inele-pentru-femei-alluring-capital-3-mm.html?stone=diamond-Brillant&alloy=white_red-417&gclid=CjwKCAjwh472BRAGEiwAvHVfGvfYkQstr24l-Q3I5qVPq4N8LrLKBVuIUIXNWJb3uPLKYTBNNNXlIBoCbUMQAvD_BwE,not_found_in_configured_stores,not_found_in_configured_stores,,12,https://www.glamira.ro/inele-pentru-femei-alluring-capital-3-mm.html?stone=diamond-Brillant&alloy=white_red-417&gclid=CjwKCAjwh472BRAGEiwAvHVfGvfYkQstr24l-Q3I5qVPq4N8LrLKBVuIUIXNWJb3uPLKYTBNNNXlIBoCbUMQAvD_BwE,,2026-06-14T08:21:50.373446+00:00
98911,https://www.glamira.bg/damenring-alluring-capital-4-mm.html?fbclid=IwAR23SddZUeAC6eWTATHhVaFCPBlLA6UmLAGk-cAUPyTkxV6xYwQ1502GUto&alloy=white_yellow-585,not_found_in_configured_stores,not_found_in_configured_stores,,12,https://www.glamira.bg/damenring-alluring-capital-4-mm.html?fbclid=IwAR23SddZUeAC6eWTATHhVaFCPBlLA6UmLAGk-cAUPyTkxV6xYwQ1502GUto&alloy=white_yellow-585,,2026-06-14T08:21:51.222228+00:00
98912,https://www.glamira.ro/inele-pentru-femei-alluring-capital-5-mm.html?stone=diamond-Brillant&alloy=white_red-375&gclid=CjwKCAjwh472BRAGEiwAvHVfGtF86EwldKym7RyRZ3erJNQ1Vm-2VqxDUvE7bvtO4a-lS4oQUcsqkhoClq4QAvD_BwE,not_found_in_configured_stores,not_found_in_configured_stores,,12,https://www.glamira.ro/inele-pentru-femei-alluring-capital-5-mm.html?stone=diamond-Brillant&alloy=white_red-375&gclid=CjwKCAjwh472BRAGEiwAvHVfGtF86EwldKym7RyRZ3erJNQ1Vm-2VqxDUvE7bvtO4a-lS4oQUcsqkhoClq4QAvD_BwE,,2026-06-14T08:21:51.781523+00:00
98914,https://www.glamira.be/damesring-alluring-capital-8-mm.html?alloy=white_yellow-585,not_found_in_configured_stores,not_found_in_configured_stores,,12,https://www.glamira.be/damesring-alluring-capital-8-mm.html?alloy=white_yellow-585,,2026-06-14T08:21:51.805042+00:00
98919,https://www.glamira.ro/inele-pentru-barbati-charming-diamond-4-mm.html?alloy=red_white-585&gclid=EAIaIQobChMI7IGtlYfB6QIVxeF3Ch3NjgOCEAQYAiABEgJZYvD_BwE,not_found_in_configured_stores,not_found_in_configured_stores,,12,https://www.glamira.ro/inele-pentru-barbati-charming-diamond-4-mm.html?alloy=red_white-585&gclid=EAIaIQobChMI7IGtlYfB6QIVxeF3Ch3NjgOCEAQYAiABEgJZYvD_BwE,,2026-06-14T08:21:52.108163+00:00
98963,https://www.glamira.co.uk/men-s-ring-alluring-capital-3-mm.html?fbclid=IwAR0zLk51Qm6HH4JxE45Ih1RPMy0-Kwkjbzl8RtZ2X4ego4Z0ZhK2N9Pfgyk&alloy=white_yellow-585,not_found_in_configured_stores,not_found_in_configured_stores,,11,https://www.glamira.co.uk/men-s-ring-alluring-capital-3-mm.html?fbclid=IwAR0zLk51Qm6HH4JxE45Ih1RPMy0-Kwkjbzl8RtZ2X4ego4Z0ZhK2N9Pfgyk&alloy=white_yellow-585,,2026-06-14T08:22:01.267762+00:00
99053,https://www.glamira.fi/circules-vitae-10-mm.html?alloy=white-silber,not_found_in_configured_stores,not_found_in_configured_stores,,12,https://www.glamira.fi/circules-vitae-10-mm.html?alloy=white-silber,,2026-06-14T08:22:19.946661+00:00
99058,https://www.glamira.ch/elegant-fresh-5-mm.html?stone=diamond-Brillant&alloy=red-750,not_found_in_configured_stores,not_found_in_configured_stores,,12,https://www.glamira.ch/elegant-fresh-5-mm.html?stone=diamond-Brillant&alloy=red-750,,2026-06-14T08:22:21.000199+00:00
99062,https://www.glamira.fr/embrace-belief-3-mm.html?alloy=yellow_white-375&stone=diamond-Zirconia&itm_source=recommendation&itm_medium=sorting,not_found_in_configured_stores,not_found_in_configured_stores,,11,https://www.glamira.fr/embrace-belief-3-mm.html?alloy=yellow_white-375&stone=diamond-Zirconia&itm_source=recommendation&itm_medium=sorting,,2026-06-14T08:22:21.625268+00:00
99063,https://www.glamira.it/embrace-belief-4-mm.html?alloy=white_red-375&stone=diamond-Zirconia&itm_source=recommendation&itm_medium=detail,not_found_in_configured_stores,not_found_in_configured_stores,,11,https://www.glamira.it/embrace-belief-4-mm.html?alloy=white_red-375&stone=diamond-Zirconia&itm_source=recommendation&itm_medium=detail,,2026-06-14T08:22:21.753858+00:00
99072,https://www.glamira.de/embrace-certain-3-mm.html?alloy=white-silber&stone=diamond-Zirconia&itm_source=recommendation&itm_medium=sorting,not_found_in_configured_stores,not_found_in_configured_stores,,11,https://www.glamira.de/embrace-certain-3-mm.html?alloy=white-silber&stone=diamond-Zirconia&itm_source=recommendation&itm_medium=sorting,,2026-06-14T08:22:26.105607+00:00
99073,https://www.glamira.de/embrace-certain-4-mm.html?alloy=white-silber&stone=diamond-Zirconia&itm_source=recommendation&itm_medium=sorting,not_found_in_configured_stores,not_found_in_configured_stores,,11,https://www.glamira.de/embrace-certain-4-mm.html?alloy=white-silber&stone=diamond-Zirconia&itm_source=recommendation&itm_medium=sorting,,2026-06-14T08:22:26.177950+00:00
99119,https://www.glamira.pt/anel-femininos-circules-vitae-10-mm.html?stone=diamond-Zirconia&alloy=yellow-375,not_found_in_configured_stores,not_found_in_configured_stores,,12,https://www.glamira.pt/anel-femininos-circules-vitae-10-mm.html?stone=diamond-Zirconia&alloy=yellow-375,,2026-06-14T08:22:39.205409+00:00
99124,https://www.glamira.be/damesring-elegant-fresh-5-mm.html?stone=diamond-Zirconia&alloy=white-silber,not_found_in_configured_stores,not_found_in_configured_stores,,12,https://www.glamira.be/damesring-elegant-fresh-5-mm.html?stone=diamond-Zirconia&alloy=white-silber,,2026-06-14T08:22:39.991268+00:00
99128,https://www.glamira.fr/bague-pour-femmes-embrace-belief-3-mm.html?alloy=yellow-375&stone=diamond-Zirconia&itm_source=recommendation&itm_medium=sorting,not_found_in_configured_stores,not_found_in_configured_stores,,11,https://www.glamira.fr/bague-pour-femmes-embrace-belief-3-mm.html?alloy=yellow-375&stone=diamond-Zirconia&itm_source=recommendation&itm_medium=sorting,,2026-06-14T08:22:41.317065+00:00
99129,https://www.glamira.ch/damenring-embrace-belief-4-mm.html?alloy=red_white-585,not_found_in_configured_stores,not_found_in_configured_stores,,12,https://www.glamira.ch/damenring-embrace-belief-4-mm.html?alloy=red_white-585,,2026-06-14T08:22:41.766092+00:00
99138,https://www.glamira.co.uk/womens-ring-embrace-certain-3-mm.html?alloy=white-585,not_found_in_configured_stores,not_found_in_configured_stores,,11,https://www.glamira.co.uk/womens-ring-embrace-certain-3-mm.html?alloy=white-585,,2026-06-14T08:22:46.138770+00:00
99139,https://www.glamira.nl/damesring-embrace-certain-4-mm.html?stone=diamond-Zirconia&alloy=red-585,not_found_in_configured_stores,not_found_in_configured_stores,,12,https://www.glamira.nl/damesring-embrace-certain-4-mm.html?stone=diamond-Zirconia&alloy=red-585,,2026-06-14T08:22:46.157738+00:00
99185,https://www.glamira.dk/ringe-til-maend-circules-vitae-10-mm.html?alloy=yellow-375,not_found_in_configured_stores,not_found_in_configured_stores,,12,https://www.glamira.dk/ringe-til-maend-circules-vitae-10-mm.html?alloy=yellow-375,,2026-06-14T08:23:00.566090+00:00
99190,https://www.glamira.no/herrering-elegant-fresh-5-mm.html?alloy=white_red-585,not_found_in_configured_stores,not_found_in_configured_stores,,12,https://www.glamira.no/herrering-elegant-fresh-5-mm.html?alloy=white_red-585,,2026-06-14T08:23:02.952532+00:00
99194,https://www.glamira.com.ph/men-s-ring-embrace-belief-3-mm.html?alloy=white-silber&gclid=CjwKCAjwh472BRAGEiwAvHVfGiHcmjEjjUpRuq8W_zcd4QC838kF7MVfYR3X3NMBc0PWS1J2Y_JV7xoC-LoQAvD_BwE,not_found_in_configured_stores,not_found_in_configured_stores,,12,https://www.glamira.com.ph/men-s-ring-embrace-belief-3-mm.html?alloy=white-silber&gclid=CjwKCAjwh472BRAGEiwAvHVfGiHcmjEjjUpRuq8W_zcd4QC838kF7MVfYR3X3NMBc0PWS1J2Y_JV7xoC-LoQAvD_BwE,,2026-06-14T08:23:03.235552+00:00
99195,https://www.glamira.ch/herrenring-embrace-belief-4-mm.html?alloy=white-375&stone=diamond-Zirconia,not_found_in_configured_stores,not_found_in_configured_stores,,12,https://www.glamira.ch/herrenring-embrace-belief-4-mm.html?alloy=white-375&stone=diamond-Zirconia,,2026-06-14T08:23:03.751894+00:00
99204,https://www.glamira.cz/panske-prsteny-embrace-certain-3-mm.html?alloy=white-silber,not_found_in_configured_stores,not_found_in_configured_stores,,12,https://www.glamira.cz/panske-prsteny-embrace-certain-3-mm.html?alloy=white-silber,,2026-06-14T08:23:05.202073+00:00
99205,https://www.glamira.it/anelli-uomo-embrace-certain-4-mm.html?alloy=yellow_white-375,not_found_in_configured_stores,not_found_in_configured_stores,,11,https://www.glamira.it/anelli-uomo-embrace-certain-4-mm.html?alloy=yellow_white-375,,2026-06-14T08:23:05.425871+00:00
99252,https://www.glamira.de/infinite-emotion-3-mm.html?utm_source=criteo&utm_medium=retargeting&alloy=white_yellow-750,not_found_in_configured_stores,not_found_in_configured_stores,,11,https://www.glamira.de/infinite-emotion-3-mm.html?utm_source=criteo&utm_medium=retargeting&alloy=white_yellow-750,,2026-06-14T08:23:20.513631+00:00
99289,https://www.glamira.com/infinite-wake-4-mm.html?alloy=yellow_white-585&stone=diamond-Zirconia&itm_source=recommendation&itm_medium=sorting,not_found_in_configured_stores,not_found_in_configured_stores,,11,https://www.glamira.com/infinite-wake-4-mm.html?alloy=yellow_white-585&stone=diamond-Zirconia&itm_source=recommendation&itm_medium=sorting,,2026-06-14T08:23:30.206714+00:00
99325,https://www.glamira.hu/universe-alya-3-mm.html?stone=diamond-Zirconia&alloy=yellow_white-585,not_found_in_configured_stores,not_found_in_configured_stores,,12,https://www.glamira.hu/universe-alya-3-mm.html?stone=diamond-Zirconia&alloy=yellow_white-585,,2026-06-14T08:23:40.676228+00:00
99327,https://www.glamira.co.uk/universe-alya-5-mm.html?fbclid=IwAR3bgiiQb9ONX4CIxhyZfBwaFYwxQGbwRIFZQQonJN6_OXxNtGE1cIfO2wc&alloy=white_yellow-585,not_found_in_configured_stores,not_found_in_configured_stores,,11,https://www.glamira.co.uk/universe-alya-5-mm.html?fbclid=IwAR3bgiiQb9ONX4CIxhyZfBwaFYwxQGbwRIFZQQonJN6_OXxNtGE1cIfO2wc&alloy=white_yellow-585,,2026-06-14T08:23:40.955900+00:00
99339,https://www.glamira.no/universe-neptune-5-mm.html?stone=diamond-Zirconia&alloy=yellow_white-585,not_found_in_configured_stores,not_found_in_configured_stores,,12,https://www.glamira.no/universe-neptune-5-mm.html?stone=diamond-Zirconia&alloy=yellow_white-585,,2026-06-14T08:23:45.169487+00:00
99353,https://www.glamira.de/damenring-infinite-emotion-3-mm.html?alloy=yellow_white-375&stone=diamond-Zirconia&itm_source=recommendation&itm_medium=sorting,not_found_in_configured_stores,not_found_in_configured_stores,,11,https://www.glamira.de/damenring-infinite-emotion-3-mm.html?alloy=yellow_white-375&stone=diamond-Zirconia&itm_source=recommendation&itm_medium=sorting,,2026-06-14T08:23:49.036619+00:00
99390,https://www.glamira.de/damenring-infinite-wake-4-mm.html?alloy=red-585&stone=diamond-Zirconia&itm_source=recommendation&itm_medium=sorting,not_found_in_configured_stores,not_found_in_configured_stores,,11,https://www.glamira.de/damenring-infinite-wake-4-mm.html?alloy=red-585&stone=diamond-Zirconia&itm_source=recommendation&itm_medium=sorting,,2026-06-14T08:23:59.002078+00:00
99440,https://www.glamira.sk/damsky-prsten-universe-neptune-5-mm.html?alloy=white_red-375,not_found_in_configured_stores,not_found_in_configured_stores,,12,https://www.glamira.sk/damsky-prsten-universe-neptune-5-mm.html?alloy=white_red-375,,2026-06-14T08:24:10.119870+00:00
99454,https://www.glamira.fr/bague-pour-hommes-infinite-emotion-3-mm.html?stone=diamond-Zirconia&alloy=white_red-375,not_found_in_configured_stores,not_found_in_configured_stores,,11,https://www.glamira.fr/bague-pour-hommes-infinite-emotion-3-mm.html?stone=diamond-Zirconia&alloy=white_red-375,,2026-06-14T08:24:13.441852+00:00
99491,https://www.glamira.se/herring-infinite-wake-4-mm.html?itm_source=recommendation&itm_medium=sorting&alloy=red_white-585,not_found_in_configured_stores,not_found_in_configured_stores,,12,https://www.glamira.se/herring-infinite-wake-4-mm.html?itm_source=recommendation&itm_medium=sorting&alloy=red_white-585,,2026-06-14T08:24:21.186854+00:00
99541,https://www.glamira.co.uk/men-s-ring-universe-neptune-5-mm.html?alloy=white-375&itm_source=recommendation&itm_medium=sorting,not_found_in_configured_stores,not_found_in_configured_stores,,11,https://www.glamira.co.uk/men-s-ring-universe-neptune-5-mm.html?alloy=white-375&itm_source=recommendation&itm_medium=sorting,,2026-06-14T08:24:34.164606+00:00
